,Price,Location,URL,Date,Title,condition,make / manufacturer,model name / number,num image,text,part type,bicycle frame material,bicycle type,frame size,wheel size,size / dimensions,brake type,electric assist,suspension,handlebar type
25072,50.0,newjersey,https://newjersey.craigslist.org/for/d/fort-lee-car-trunk-bicycle-rack-for/7463654612.html,2022-04-18 14:56,"Car trunk bicycle rack for 3 bikes, GREAT Condition, no hitch needed", excellent, Hollywood Racks, Express,0,"A barely used trunk bicycle rack that holds 3 bikes by Hollywood Racks.  It's the ""Express rack"" for a sedan or similarly sized car without a hitch.  Used maybe 5 times and then couldn't anymore because we have an additional bicycle to transport. We used it for 2 adult bikes and 1 child's bicycle. It is easy enough to install and remove from the trunk of a standard car.   Folded up, it is about 35"" x 17"" x 9"", so it can fit in your trunk to take it home.  Asking $65 OR BEST OFFER. Sells $110 retail.  Hollywood Racks details from their website:  https://hollywoodracks.com/collections/trunk-bike-racks/products/express-trunk-rack?variant=44239030982  The Express is our economical trunk bike rack that fits most vehicles and features easy-to-use adjustment hubs.  Fitted with soft rubber bike cradles which help protect your bike's finish.  This bike rack comes fully pre-assembled and folds flat for easy storage.  Weight Capacity: 35 lbs per bike Soft rubber cradles protects bike‚Äôs finish Fits most vehicles Easy-to-use adjustment hubs Comes fully pre-assembled Folds flat for easy storage Integrated tie-down strap for extra security Distance between bike support arms: 15‚Äù",,,,,,,,,,
25073,15.0,newjersey,https://newjersey.craigslist.org/bop/d/newton-allen-sports-crossbar-for/7464792099.html,2022-04-18 14:38,Allen Sports Crossbar for Transport on Step-Through Style Bikes, new, Allen sports, Top tube,4,"Brand new. Bike frame adaptor for transporting your bicycle. Enables bicycle transport by adding a top tube to suspension, step through, BMX/ Kid's, and women's style bicycles."," racks, fenders, bags",,,,,,,,,
25074,25.0,newjersey,https://newjersey.craigslist.org/bik/d/paterson-bikes-parts-or-repair/7467303905.html,2022-04-18 11:04,Bikes Parts or Repair,,,,2,Used bikes for sale for $25 each. two being sold as-is for parts or repair.,, other/unknown, bmx, 000, other/unknown,,,,,
25075,100.0,newjersey,https://newjersey.craigslist.org/bop/d/north-bergen-lv-griptape-pegs-se-bikes/7463656082.html,2022-04-18 10:21,LV griptape pegs se bikes,,,,0,Like new LV bikelife griptape pegs (blk/gld). Located in North Bergen NJ. Call or text,,,,,,,,,,
25076,200.0,newjersey,https://newjersey.craigslist.org/bab/d/jersey-city-bikes-and-walkers/7472621989.html,2022-04-18 05:36,Bikes and walkers, excellent,,,0,This is a big hefty bag filled with three mini baby push bikes and one inner active learning Walker. Maybe also together all at once. Trying to get rid of baby toys. If you need clearer pictures please do not hesitate to text meÔøº,,,,,,,,,,
25077,145.0,newjersey,https://newjersey.craigslist.org/bop/d/ramsey-rack-for-bikes-hitch-mount/7472590712.html,2022-04-17 23:19,Rack for 3 bikes / hitch mount, excellent, Sportrack, SR2703,3,Fits 2 inch square hitch.  Holds 3 bikes and has keyed locking option.  Lightly used.,,,,,, 3 bike carrier,,,,
25078,145.0,newjersey,https://newjersey.craigslist.org/bop/d/ramsey-bicycle-rack-for-bikes-hitch/7472588437.html,2022-04-17 23:08,Bicycle rack for 4 bikes / hitch mount, excellent, Softride, 4 bike,2,2 inch hitch mount.   Holds 4 bikes.,,,,,,,,,,
25079,50.0,newjersey,https://newjersey.craigslist.org/bop/d/ramsey-bike-rack-for-bikes/7472588123.html,2022-04-17 23:05,Bike Rack for 3 bikes,,,,0,,,,,,,,,,,
25080,40.0,newjersey,https://newjersey.craigslist.org/bop/d/ramsey-bikerack-for-bikes/7472587873.html,2022-04-17 23:02,Bikerack for 2 bikes, like new, ALLEN, 102DN,2,Used twice.   Hold 2 bikes.  Fits most cars and SUVs.,,,,,,,,,,
25081,35.0,newjersey,https://newjersey.craigslist.org/bop/d/wharton-bike-rack-holds-bikes-will-fit/7465512339.html,2022-04-17 21:52,"Bike rack holds 2 bikes, will fit 1-1/4‚Äù receiver or 2‚Äùreceiver", good,,,2,Bike rack that holds 2 bikes fits 1-1/4 receiver or 2‚Äù receiver,,,,,,,,,,
25082,20.0,newjersey,https://newjersey.craigslist.org/bik/d/wharton-16-bikes-with-front-and-rear/7471501865.html,2022-04-17 21:51,2 16‚Äù bikes with front and rear shocks, good,,,8,"2 - 16‚Äù free style type bikes, $20 each",, steel, bmx, 16‚Äù, 16 in,,,,,
25083,700.0,newjersey,https://newjersey.craigslist.org/bik/d/fort-lee-c2/7472348510.html,2022-04-17 09:35,c2, excellent, se bikes,,7,Trades accepted will add cash on top for fat ripper,, aluminum, bmx, 27.5, 27.5 in,, disc (hydraulic), none, none (rigid),
25084,285.0,newjersey,https://newjersey.craigslist.org/bik/d/glen-ridge-best-bikes-20-new-york-mets/7472338182.html,2022-04-17 08:47,BEST BIKES 20‚Äù NEW YORK METS STEEL BMX FRAME BICYCLE - BRAND NEW & BOXED!, new,,,0,"BEST BIKES 20‚Äù NEW YORK METS STEEL BMX FRAME BICYCLE   BRAND NEW IN ORIGINAL MANUFACTURERS FACTORY SEALED BOX *(BOX HAS SHELF WEAR)!¬†*   FEATURES:  BRAND NEW IN ORIGINAL MANUFACTURERS FACTORY SEALED BOX *(BOX IS SHELF WORN)!*  MLB ENDORSED AUTHENTIC NY METS COLORS!¬† STEEL BMX FRAME WITH OVERSIZED TUBES.¬† OVERSIZED BMX UNICROWN FORK FOR MAXIMUM CONTROL AND SAFETY.¬† COASTER AND REAR HAND BRAKES FOR MAXIMUM CONTROL AND SAFETY.¬† ADJUSTABLE PADDED SEAT WITH TEAM GRAPHICS.¬† CHAIN GUARD FOR ADDED SAFETY.¬† MEETS OR EXCEEDS ALL US PRODUCT SAFETY COMMISSION STANDARDS!¬† EASY TO ASSEMBLE INSTRUCTIONS INCLUDED!   ¬† ** FREE DELIVERY IN ESSEX COUNTY NJ AND NEARBY NJ TOWNS, -   CALL MICHAEL IN New Jersey.    Show your team loyalty with this MLB, 20‚Äù BMX bicycle from Best Bikes USA.¬† It's constructed with a durable steel frame and an oversized BMX unicrown fork.¬† A coaster brake and rear hand brakes provide maximum control, and the adjustable padded seat features team graphics.¬† Features Steel BMX frame with oversized tubes Oversized BMX unicrown fork for maximum durability and control Coaster brake and rear hand brakes for maximum control and safety Adjustable padded seat with team graphics Chain guard for added for safety. ¬† Meets or exceeds all U.S. Consumer Product Safety Commission standards.¬†¬†  ¬† * A percentage of this sale will be donated to the American Red Cross *",, steel, bmx,,,, coaster,,,
25085,250.0,newjersey,https://newjersey.craigslist.org/bik/d/jersey-city-schwinn-bikes/7472220173.html,2022-04-16 18:42,SCHWINN BIKES, good, SHWINN,,4,SO AS IS NO RETURNS NO REFUNDS ITS A SCHWINN VARSITY 10 SPEED FRAME ORGINALY CAME WITH 27X 1-1/4 INCH TIRES NOW HAS 26X1.95 TIRES TIRES TUBES N RIMS R BRAND NEW NOTING FANCY JUST A NICE RIDER 250 PICK UP IN JERSEY CITY NJ 07304,, steel, cruiser, 21 inch, 26 in,, coaster, none, none (rigid), other/unknown
25086,400.0,newjersey,https://newjersey.craigslist.org/bik/d/hasbrouck-heights-se-so-cal-flyer-must/7472146734.html,2022-04-16 15:38,Se So Cal Flyer - must go, like new, Se Bikes, So Cal Flyer,3,Like new Se SoCal Flyer with custom parts - must sell for new bike- don‚Äôt miss out!!! No trades please ‚Ä¶,, other/unknown, bmx, Wheelbase 39.5, 24 in,,,,,
25087,49.0,newjersey,https://newjersey.craigslist.org/clo/d/randolph-free-boys-bikes-for-parts-with/7469218916.html,2022-04-16 13:55,2 FREE BOYS bikes for parts with $49 purchase of Carolina Hurricanes, excellent, Carolina Hurricanes.,,5,"With your cash purchase of $49.00 for a Carolina Hurricanes Men's shirt size LARGE/XL, you'll get 2 free boy's bikes that can be parted out and resold, or used for parts!  TAKE ONE OR BOTH bicycles!  Up to you.  Pick up fast as free bikes are while supplies last.  Reebok Carolina Hurricanes Storm Flag NHL Jersey Black Alternate - Medium M   Men‚Äôs Size Medium LARGE/XL jersey NHL   Purchased this new and only worn ONCE condition.   Bring a vehicle to carry to bicycles.  Thanks.  $49 cash FIRM!  NO smoking, NO odors.",,,,,,,,,,
25088,50.0,newjersey,https://newjersey.craigslist.org/bik/d/parsippany-bmx-kids-20-wheel-base-bikes/7460217364.html,2022-04-16 10:55,"BMX kids 20"" wheel base Bikes. runs great Each cash",,,,7,"for ages 6 to 10 years kids. Call/text only. 9.7.3.two.7.1.4.0.5.3-J.o.e.-Thanks . used bike, Runs great.   as is. First with Cash each 50 FIRM. oiled/lubed. Goes from A to B. No emails No offers.",, aluminum, bmx, dont know, 20 in,,,,,
25089,175.0,newjersey,https://newjersey.craigslist.org/bik/d/wayne-bikes-giant-raleigh/7470538149.html,2022-04-15 20:13,Bikes-Giant-Raleigh,,,,6,"Selling adult bikes, a Giant (black) and a Raleigh (red) $175 each, call or email me",, aluminum, road, medium, 26 in,,,,,
25090,1.0,newjersey,https://newjersey.craigslist.org/wan/d/buying-antiques-collectibles-sports/7471817732.html,2022-04-15 18:37,"BUYING ANTIQUES COLLECTIBLES SPORTS MEMORABILIA ,OLD TOYS & BIKES!!",,,,0,"BUYING ANTIQUES, COLLECTIBLES, SPORTS memorabilia,TOYS OLD BIMX BIKES.   I am buying your OLD COLLECTIBLES AND ANTIQUES. Such as old 1980'S TOYS LIKE: TMNT. GI JOE. THUNDERCATS,HE-MAN, TRANSFORMERS , MASK.  ETC. OPENED AND SEALED . ALL vintage and 1960's-80's.  BMX bicycles from the 1980's ( GT PERFORMERS, MONGOOSE,DYNO). ALSO LOOKING FOR OLD MILITARY ITEMS, FIGURINES SUCH LLADROS,ROYAL DOULTON, HUMMELS AND SPORTS COLLECTIBLES AND AUTOGRAPHED MEMORABILIA AND SPORTS CARDS. DISNEY COLLECTIBLES etc. SERVING ROCKLAND COUNTY AND BERGEN COUNTY.  . If your moving call me I'll come by and check out what you got. Cash paid. Call me for whatever you may have. text me pics, let me know. TEXT ME OR CALL ME. Thanks. Tom.  show contact info   ALWAYS LOOKING TO BUY CALL ME , ILL COME TO YOU",,,,,,,,,,
25091,1.0,newjersey,https://newjersey.craigslist.org/wan/d/buying-old-school-bmx-bikes-gt-haro/7471817579.html,2022-04-15 18:37,BUYING OLD SCHOOL BMX BIKES GT HARO MONGOOSE,,,,0,"I AM LOOKING TO BUY YOUR OLD SCHOOL BMX BIKES . GT'S MONGOOSE, HARO ,REDLINE ETC. CONTACT ME. LET ME KNOW WHAT YOU HAVE . BIKES OUT IN YOUR SHED OR GARAGE AND YOU ARE LOOKING TO GET RID OF THEM, CALL ME ,ALWAYS BUYING. ILL COME TO YOU. THANKS TOM  show contact info",,,,,,,,,,
25092,3200.0,newjersey,https://newjersey.craigslist.org/bik/d/maplewood-almost-new-xs-tt-triathlon/7462162663.html,2022-04-14 14:02,Almost new XS TT triathlon carbon bike,, VOSS bikes,,2,"Full carbon aero frame  from VOSS bikes: https://vossbikes.com/index.html Di2 full electronic 2x11 gear system SRAM Red 39/53 crankset 170 Full carbon 700c regular wheels - not tubeless Custom sponsored colors from athlosports.com This bike finished top20 in 2018 ITU World Champs long distance and 2nd in NJ state champs (sprint) 2019- last time it was used. Everything included: water system, saddle (Cobb) except pedals.  Pls only cash and local transactions.",, carbon fiber, road," XS, 480", 700C,,,,,
25093,500.0,newjersey,https://newjersey.craigslist.org/tls/d/budd-lake-looking-for-quads-and-bikes/7471090174.html,2022-04-14 06:40,LOOKING FOR QUADS AND BIKES THAT HAVE BEEN SITTING,,,,0,looking for motorcycles and atvs that have been sitting or need work NO JUNK PLEASE. will come to you  call or text  show contact info,,,,,,,,,,
25094,1000.0,newjersey,https://newjersey.craigslist.org/bik/d/newark-exercise-bikes/7470897224.html,2022-04-13 16:07,2 exercise bikes!, like new,,,7,Barely used! Pick up only. Price negotiable. Selling because I need to move outta state to pursue my career/passion as an audio engineer üòÅ,, other/unknown, other, 4 feet, other/unknown,, other/unknown, pedal assist, other/unknown, other/unknown
25095,25.0,newjersey,https://newjersey.craigslist.org/bik/d/pompton-plains-bikes-for-sale/7470464791.html,2022-04-12 16:12,Bikes for Sale,, Multiple,,3,"Various used bicycles for sale. All are in working order, have been stored indoors but may need a little TLC. Good bikes for beginners or something to just play around on!  BIG discounts for multiple purchases!",, aluminum, cruiser, Various, 26 in,,,,,
25096,799.0,newjersey,https://newjersey.craigslist.org/bik/d/roselle-park-sm-btm-full-custom/7469712448.html,2022-04-10 23:42,S&M BTM Full Custom Freecoaster BMX Bike 20.5‚Äù frame, like new, S&M Bikes, BTM,7,"This was about $1500 build and used maybe 10 times so like new. Offered for $799.  S&M Frame made in USA of heat treated 4130 chromoly tubing. The best quality strongest bmx frame you can by from the industry leading brand.   Wheels have a freecoaster hub, something not offered on any bike that unless you custom build or add it. Not a cheap upgrade Sealed hubs, sealed animal 3-piece cranks.  Lots of S&M parts: chainwheel, stem, pivotal seat, bars, forks, grips.  This is double the bike for the price of an ok not custom bike with half the features and this bike will sell for what you bought it for if uou want to change bikes later.  Cash in person transactions only. I‚Äôm willing to meet with u if not too far as well. I have proof that i am original owner. Bike was built with new parts ordered straight from the S&M factory about 2 years ago.",, steel, bmx, 20.5‚Äù top tube, 20 in,,, none, none (rigid), bmx
25097,2950.0,newjersey,https://newjersey.craigslist.org/bik/d/hibernia-priority-embark-cadillac-of/7465712175.html,2022-04-10 07:54,Priority Embark  Cadillac of E-Bikes,, Priority, Embark,0,"I have one excellent condition Priority Embark E-bike. These are the Cadillac of electric bikes. Used the Gates carbon belt system so no need to clean and re-grease a messy chain. Has an internal geared hub so no derailleur to maintain. This is the Enviolo Trekking Group (n380) which provides 380% range of gears. And then there's the Bosch Active Line Plus mid-drive motor powered by a 400W Bosch Powerpack battery. This will allow you to go up to 20mph in pedal assist. To go faster is up to you or gravity down hill. I've gone 30mph downhill. This sold for $4000.  The size is 21"" to fit 5'9‚Äù to 6'5"". Comes with the Selle Royale Gel comfort seat and also has the rear rack as an accessory add-on worth $47. Has an upgraded front wheel with an Origin8 hub. Also added a wider knobby front tire to use for bike packing. At the moment I can‚Äôt find the front fender. Has about 900 mi. Please leave a name and ph no and I will contact you.  For more info, see the following reviews  https://www.elevationoutdoors.com/blogs/review-priority-embark-e-bike/ https://www.insider.com/best-electric-bikes#the-best-e-bike-overall-1 https://mashable.com/article/priority-embark-best-e-bike-daily-commuters/",, aluminum, hybrid/comfort," 21""", 650B,,,,,
25098,600.0,newjersey,https://newjersey.craigslist.org/bik/d/florham-park-classic-mountain-bikes-s/7469228265.html,2022-04-09 17:23,3-1985 classic mountain bikes F/S,,,,0,,,,,,,,,,,
25099,30.0,newjersey,https://newjersey.craigslist.org/mpo/d/hillsdale-hi-flow-reusable-air-filter/7469144167.html,2022-04-09 14:29,Hi-Flow Reusable Air filter for harley bikes - new, new,,,2,"Hi-Flow air filter For Harley Davidson ‚Äì brand new  ‚Ä¢ This filter will provide maximum air flow and peak filtration ‚Ä¢ Made with four layers of high-flow surgical cotton gauze for superior filtration ‚Ä¢ 100% washable and reusable ‚Ä¢ It features durable, epoxy-coated, wire mesh design ‚Ä¢ Made in the USA.  Never used ‚Äì purchased for my Softail but I sold the bike before installing it. I believe it will fit any bike with the oval style air cleaner cover. Fits Dyna‚Äôs thru 2007, Softails through 2015, and Touring bikes thru 2007; (no sportsters). Complete list available upon request.    $30 cash",,,,,,,,,,
25100,25.0,newjersey,https://newjersey.craigslist.org/bop/d/maryknoll-delta-vertical-bike-rack-x/7469070566.html,2022-04-09 12:16,"Delta vertical bike rack, 2 x bikes capacity, like new", like new, Delta,,0,"Delta vertical bike rack, 2 x bikes capacity, like new. Light but sturdy, can be easily dismantled for transport.",,,,,,,,,,
25101,375.0,newjersey,https://newjersey.craigslist.org/for/d/hopatcong-bike-rack-for-bikes/7468422841.html,2022-04-07 21:05,Bike Rack for E-Bikes,,,,10,"Bicycle Rack for E-Bikes , Peruzzo Pure Instinct Platform Trunk mount E- Bike rack. I imported the rack from Italy on August 2, 2021..  because I can not put a hitch on my Civic, used twice... ( according to our hitch installer, who said the weight of the two e-bikes would push the limit)  Can not purchase the rack from a  USA company.. Sits too high on my 2011 Honda civic to be convient for me to lift the bikes to load.. This is not a normal  regular platform rack, it is a Heavy Duty rack, total carring weight is 45 kg (99 pounds total for two e-bikes) For many types of vehicles..  https://www.peruzzosrl.com/en-gb/bike-carriers/rear-bike-carrier/rear-bike-carrier-pure-instinct-2-bikes. Paid $500. to import.. Comes with extra long heavy duty grab arm , and two extra bike platfrom extenders for longer e-bikes...",,,,,,,,,,
25102,2295.0,newjersey,https://newjersey.craigslist.org/sgd/d/electric-the-mid-drive-ebike-that/7468147474.html,2022-04-07 11:17,ELECTRIC! The Mid-drive eBike that Shreds! CyberBike eMountain Bikes!, new, Cyberbike,,15,"Introducing the New 2022 Cyberbike Electric Mountain Bikes   Riders agree: Nothing comes close to Cyberbike's combination of performance, value, style, and quality.  See the Cyberbike Mullet Pro in action HERE! (and here, by popular demand, is last year's intro featuring Division 1 Collegiate Mountain Racer Corey Jackson on the first edition Cyberbike) Order online for fast delivery at www.Cyberbike.com All 2022 Cyberbikes are in stock and ready to shred, Order yours before they're sold out!  More mid-drive power than ever Awesome new color graphic display Easier to ride, lower standover frame, the lowest of any mid-drive eMTB New, structurally superior, mountain ready rear suspension linkage The best brakes in the business, even Quad-piston brakes on some models! Massive brake rotors up to 220mm 34mm gold tube forks on some models up to 140mm travel Wider range of models  A proper e-Mountain bike needs to be mid-drive and have full suspension, it's as simple as that. Until now, if you wanted an electric mountain bike to tackle rugged trails, your choices have been heavy, low-quality, fat tire, hub-motor beach bikes, or legacy brands charging $4000 or more for low-power eBikes without full suspension.   Whether your knees are tired or you just want to shred, there is simply no better choice for performance and value than Cyberbike. An American company with great customer support: Cyberbike, USA. The mountains are calling. Will you answer?  Cyberbike eBikes come all with the quietest and most powerful motor in its class, with a long range (65 miles and more) battery, and powerful e-spec hydraulic disk brakes that will be there when you need them. A lightweight package with 500 watts of power, top-of-the-line battery range, and quality components, all for the price of an inexpensive yet stellar bike! You'll get so much more than other eBikes with the CyberBike, it's the real e-MTB experience for the adventurous rider. Performance, specs, and quality components throughout, and the best warranty in the industry, from an American company with experienced American mechanics on call for all your tech support needs.  54 volt/500 watt climbing power with 13Amp hour Li-Ion battery and only 52 lbs means you'll get power and tons of battery range. Now with available throttle! Now from only $2495 Note: Owning and riding comes with risks. Wear proper protection, properly maintain and check your bike, and ride within your limits. By purchasing our products you agree to take full responsibility for the ownership of your bike, including the above and all other reasonable precautions for yourself or anyone you allow to ride your bike.",,,,,,,,,,
25103,65.0,newjersey,https://newjersey.craigslist.org/bik/d/moonachie-mountain-bikes-murray-magna/7466734532.html,2022-04-04 07:22,Mountain bikes Murray Magna 26in, good,,,4,Man woman Murray EagleRiver 26‚Äù new seats 12 speeds 19 in frames Magna 26‚Äù Excitor 21 speed dual suspension 18‚Äù frame. All in good working riding condition $65 each,, steel, mountain, 19, 26 in,, cantilever,, suspension fork (hardtail), flat
25104,40.0,newjersey,https://newjersey.craigslist.org/bik/d/bernardsville-two-kids-balance-bikes/7466587271.html,2022-04-03 17:25,two kids balance bikes, excellent,,,0,Two kids balance bikes.,, other/unknown, other, small, 10 in,, none, none, none (rigid), other/unknown
25105,340.0,newjersey,https://newjersey.craigslist.org/bik/d/saddle-brook-gt-bike-performer-bygt/7466468753.html,2022-04-03 12:59,GT BIKE PERFORMER BY:GT BIKES, like new, GT, Performer,0,"GT BIKE PERFORMER. BY:GT BIKES.        NEON YELLOW - LIKE ""NEW""",, alloy, bmx," 20""", 20 in,,,,,
25106,40.0,newjersey,https://newjersey.craigslist.org/bik/d/township-of-washington-kids-bikes/7453570669.html,2022-03-31 07:17,Kids bikes,, Kent,,4,2 kids bikes as seen here.  Both for $40 cash only.  Girls is a 16‚Äù bike and boys is 12‚Äù,, steel, kids, Small, 16 in,,,,,
25107,40.0,newjersey,https://newjersey.craigslist.org/bik/d/livingston-boys-bikes/7465055836.html,2022-03-30 21:15,Boy's bikes (2), excellent,,,4,Two boy's bikes for sale. In great conditions as they are hardly used. Suitable for average kids around age 3-8. Asking $40 each o.b.o.,, other/unknown, kids, Small, 14 in,, caliper, none, suspension fork (hardtail), bmx
25108,200.0,newjersey,https://newjersey.craigslist.org/spo/d/mahwah-exercise-bikes/7464732989.html,2022-03-30 09:04,3 Exercise Bikes, good, Lifefitness,,0,3 exercise bikes for sale (as is): 2 are Lifefitness Recumbent bikes and 1 is a spin bike- needs pedals. All were in working order when they were put into storage in 2020. First $200 takes them all.,,,,,,,,,,
25109,15.0,newjersey,https://newjersey.craigslist.org/bik/d/moonachie-bikes-150-kids-adults-many/7464015491.html,2022-03-28 13:29,bikes 150 kids adults many sizes, good, all, all,0,"road   kids  mountain  115 kids bikes 35 adult bikes i am only looking for bulk buyer to get them for 15 each you must buy all of them cash and able to take them all away  all in working fixed condition good to excellent condition you will double your money and triple most bikes are worth $40  easy  or more , if your a flea market dealer  over seas seller  this is the deal for you dont call me and offer less if i dont sell them  i will sell them  april for a lot more one by one",, steel, kids," 20""", 20 in,, caliper, other, frame and fork (full suspension), cruiser
25110,45.0,newjersey,https://newjersey.craigslist.org/bik/d/moonachie-kids-bikes-lot2-20-in-16-in/7463615465.html,2022-03-27 13:31,Kid‚Äôs bikes lot#2 20 in 16 in,,,,0,,,,,,,,,,,
25111,45.0,newjersey,https://newjersey.craigslist.org/bik/d/moonachie-kids-bikes/7463584473.html,2022-03-27 12:21,20‚Äù 18 16 kids bikes, good,,,8,ALL IN GOOD WORKING RIDING CONDITION $45 EACH. 6 speed purple Diamondback. 5 speed Pacific windstorm reddish  color. 18‚Äù Avigo green in color. 20‚Äù Huffy beach cruiser. 20‚Äù Little mismatch. 16‚Äù mongoose orange. 20‚Äù blue beach cruiser hand brakes w/basket,, steel, kids, 20, 20 in,, cantilever,, other/unknown, flat
25112,100.0,newjersey,https://newjersey.craigslist.org/bik/d/parsippany-bikes-vintage-ross-10-speed/7463528051.html,2022-03-27 09:54,Bikes Vintage Ross 10 speed,, Ross, Europa,3,"Vintage Ross Europa 26"" 10 speed bike $100. Good condition. Also selling Vintage Ross Eurosport 27"" 10 speed bike for $100. Good condition.",, steel, other, 54 cm, 26 in,,,,,
25113,50.0,newjersey,https://newjersey.craigslist.org/for/d/park-ridge-bikes-outdoor-kids-stuff/7463238089.html,2022-03-26 13:28,"Bikes, outdoor kids stuff, boys clothes, potter barn table and chairs",,,,0,"Selling tons of kids stuff - toys, bikes, outdoor games, sports equipment, pottery barn table and chairs (kids), brand new PS5.. pics upon request .. cash pick up only",,,,,,,,,,
25114,1.0,newjersey,https://newjersey.craigslist.org/bik/d/east-hanover-bmx-bikes/7462737566.html,2022-03-25 11:14,BMX Bikes,,,,5,"Two like new BMX bikes, MirraCo Velle, Haro ZX. Taking offers for both bikes, they are in pristine condition. Best offer.",, alloy, bmx, 21, 20 in,,,,,
25115,45.0,newjersey,https://newjersey.craigslist.org/bik/d/moonachie-24-huffy-girls-mountain-bikes/7461412485.html,2022-03-22 09:37,24‚Äù Huffy girls mountain bikes, good, Huffy,,3,"10,12 speed all in good working riding condition $45 each",, steel, mountain, 17, 24 in,, caliper,, none (rigid), cruiser
25116,300.0,newjersey,https://newjersey.craigslist.org/spo/d/morris-plains-13-spin-bikes-keiser-m3/7461153624.html,2022-03-21 15:29,13 spin bikes Keiser M3 great condition, like new, Keiser, M3,4,We have 13 really nice all working commercial grade spinning bikes ! Keiser M3  We are looking to sell each bike for $300   If you buy all 13 We can do $3500,,,,,,,,,,
25117,1075.0,newjersey,https://newjersey.craigslist.org/bik/d/fort-lee-se-bikes-big-flyer-29-custom/7460720630.html,2022-03-20 14:59,SE Bikes Big Flyer 29‚Äù Custom, like new, SE BIKES,,8,"New Rims, Cranks, Magura HS33R Brakes, RideOutSupply sticker kit, mushroom grips",, aluminum, bmx, 0, 29 in,, hydraulic rim brakes, none,, bmx
25118,10.0,newjersey,https://newjersey.craigslist.org/hsh/d/wood-ridge-flashlights-in-led-combo/7463521550.html,2022-04-18 21:21,2 Flashlights: 3-in-1 LED Combo Light/18 White in Barrel/Red Blinking,,,,6,"2 Flashlights: 3-in-1 LED Combo Light/18 White in Barrel/Red Blinking + Mini Light. You are buying both for only $10!  (1) New, Never used. In box with original packaging. 3-in-1 One click for Regular front Flashlight; two clicks will switch to the 18 white LEDs in the barrel/shaft; three clicks will switch to the red blinking emergency LED lights.  8 inches long. Attached carrying strap. 3 AAA batteries included. Bring this with you everywhere or keep it in your vehicle. It is made from durable aluminum with a magnetic bottom for adhesion to cars, bikes, or other metal surfaces. The flashing red LEDs with let others avoid you while help will be able to find you. Quality CREE XP-E LED lasting for more than 100,000 hours, LED never needs to be replaced.  (2)	Solitare Mag Instrument CA.USA Mini Light has hook/hole on top to be able to attach lanyard or strap of your choice. Turn it on and off by twisting the edge near the light. Uses 1 AAA battery (included). 3.25 inches long.  Do not reply to ask if these are still available. If you can read this ad, then these are still for sale. I will remove the ad as soon as this is sold. I cannot call or text you; please read your email for my response to your reply. I have a method for safe, contactless transactions and always wear a mask. Please inform me what day and time you can meet to get this. Then I will let you know where in the greater Northern New Jersey area I will be at that time with them, typically between Hackensack and Carlstadt. Thank you.",,,,,,,,,,
25119,2.0,newjersey,https://newjersey.craigslist.org/hab/d/wood-ridge-reduced-earplugs-ear-plugs/7463524471.html,2022-04-18 21:19,REDUCED!!:  Earplugs ear plugs high fi hearing protect;New in box;Each, new,,,14,"Earplugs ear plugs Loop high fidelity hearing protection for concerts, events, musicians, motorcycles, dirt bikes, festivals, clubs, work sites, employees. New still sealed in package; never opened or used.   You may buy any one (or more) for $2 each. Or you may buy all 4 for only $5!  Helps to prevent hearing loss and tinnitus as a result of damaging sound levels. Designed and manufactured in Belgium. -20 dB Filter. Ear tip with round acoustic channel and filter to allow you to experience great sound. Includes 6 silicone tips (small, medium, and large), 6 foam tips (small, medium, and large, 2 loops, and 1 storage carrying pouch.  Protect your ears in style with 20 dB noise reduction. Clear sound and speech. Multiple eartips to fit every ear. Gold color. Reusable design to last several years. Discreet design. Ultimate comfort. Enjoy clear music and speech. The first elegant earplus that stays put. They are hypoallergenic, which means you will not have an allergic reaction to it.  Originally designed for music but can be used for all different purposes including sleeping. Use in all loud environments where you prefer a lower volume, but still want to hear. Memory foam ear tips are heat activated. That means they'll adjust to your ear canal once inserted. Choose foam if you're looking for ultimate comfort and isolation.‚ÄØComes with preinstalled soft silicone ear tip in size medium. Go for soft silicone for ease of use and durability.  See this item on the below-linked website; note that this is not this seller; nor is it the item you will be receiving; it is an ad for a similar item that is for sale for $24.95 plus tax plus shipping. For more information, go to manufacturer's website at: https://www.loopearplugs.com/products/experience?variant=32884193591399  Do not reply to ask if this is still available. If you can read this ad, then this is still for sale. I will remove the ad as soon as this is sold. I cannot call or text you; please read your email for my response to your reply. I have a method for safe, contactless transactions and always wear a mask. Please inform me what day and time you can meet to get this. Then I will let you know where in Northern New Jersey I will be at that time with it, typically between Hackensack and Carlstadt. Thank you.",,,,,,,,,,
25120,1234.0,newjersey,https://newjersey.craigslist.org/wan/d/clifton-buy-schwinn-stingray-bicycles/7472938493.html,2022-04-18 18:19,I Buy Schwinn Stingray Bicycles,,,,3,"I buy Schwinn Stingray bicycles from the 60's and 70's. I will buy 1 bike or a whole collection , I also buy parts for these bikes also. you can call or email me.",,,,,,,,,,
25121,25.0,newjersey,https://newjersey.craigslist.org/mpo/d/ebc-standard-rear-brake-shoes-new/7468163356.html,2022-04-18 16:19,"EBC Standard Rear Brake Shoes, new",,,,0,will ship if you pay postage.  for the rear drum of the following bikes --   YEAR   MAKE   MODEL  SUB-MODEL  2013 Suzuki Boulevard S40 2012 Suzuki Boulevard S40 2011 Suzuki Boulevard S40 2009 Suzuki Boulevard S40 2008 Suzuki Boulevard S40 2007 Suzuki Boulevard S40 2006 Suzuki Boulevard S40 2005 Suzuki Boulevard S40  2004 Suzuki Savage 650 LS650P 2003 Suzuki Savage 650 LS650P 2002 Suzuki Savage 650 LS650P 2001 Suzuki Savage 650 LS650P 2000 Suzuki Savage 650 LS650P 1999 Suzuki Savage 650 LS650P 1998 Suzuki Savage 650 LS650P 1997 Suzuki Savage 650 LS650P 1996 Suzuki Savage 650 LS650P 1995 Suzuki Savage 650 LS650P  1987 Suzuki Savage 650 LS650 1986 Suzuki Savage 650 LS650  2011 Hyosung GV250 2010 Hyosung GV250 2009 Hyosung GV250 2008 Hyosung GV250 2007 Hyosung GV250 2006 Hyosung GV250 Aquila  1983 Suzuki Tempter 650 GR650  1988 Suzuki GS450L 1987 Suzuki GS450L 1986 Suzuki GS450L 1985 Suzuki GS450L 1983 Suzuki GS450L 1982 Suzuki GS450L 1981 Suzuki GS450L 1980  Suzuki GS450L  1986 Suzuki GS550L 1985 Suzuki GS550L 1984 Suzuki GS550ESE 1983 Suzuki GS550L  1983 Suzuki GS450TX 1982 Suzuki GS450TX 1981 Suzuki GS450TX  1983 Suzuki GS450E  1982 Suzuki GS450ET 1981 Suzuki GS450ET 1980 Suzuki GS450ET  1980 Suzuki GS450EX  1981 Suzuki GS450EZ  1985 Suzuki GS450GA Suzukimatic 1983 Suzuki GS450GA Suzukimatic 1982 Suzuki GS450GA Suzukimatic  1982 Suzuki GS450T  1982 Suzuki GN400T  1981 Suzuki GN400TX 1980 Suzuki GN400TX  1985 Suzuki GS300L 1983 Suzuki GS300L 1982 Suzuki GS300L  1981 Suzuki GS250T 1980 Suzuki GS250T,,,,,,,,,,
25122,280.0,newjersey,https://newjersey.craigslist.org/bik/d/berkeley-heights-miyata-triple-cross/7465874474.html,2022-04-18 15:32,Miyata Triple Cross Hybrid Bike, good, Miyata, Triple Cross,9,"I am selling a mens 1990 Miyata Triple Cross hybrid bicycle. This triple butted chromoly steel frame measures 19‚Äù center to center on the seat tube.   21 speed Shimano gearing, 700c wheels, cantilever brakes, riser bars. This geometry is very similar to the Bridgestone X series bikes. They make excellent gravel and touring bikes.  There are no dents or rust but multiple touch-ups. Very quick, nimble ride.",, steel, hybrid/comfort, 19‚Äù, 700C,, cantilever, none, none (rigid), riser
25123,45.0,newjersey,https://newjersey.craigslist.org/spo/d/grandview-on-hudson-thule-bike-carriers/7472776534.html,2022-04-18 13:06,THULE BIKE CARRIERS, good, THULE,,4,"Thule 911XT Rear Mounted Bicycle Carrier fit up to 3 Bikes. They are in Good condition and can be installed on any Vehicle with a rear Hatch or Trunk. It is missing the Nylon attachment Straps. This link may help   https://www.amazon.com/dp/B00152VYZC/ref=emc_b_5_i?th=1 Asking $45. If you have any questions or wish to see it PLEASE SEND YOUR PHONE NUMBER. Due to a recent scam I WILL NOT REPLY via computer, email or text. Sorry and Thanks.",,,,,,,,,,
25124,4099.0,newjersey,https://newjersey.craigslist.org/mcy/d/glen-ridge-2022-honda-grom-with-abs/7472774214.html,2022-04-18 12:58,2022 Honda Grom with ABS (Blue) - Less than 150 miles,,,,7,"2022 Honda Grom with ABS for sale, Blue Raspberry. It has less than 150 miles. Clean title in hand, I'm a private seller.  Besides the shorty levers it is fully stock. Will include original levers. It has been kept garaged and covered when parked outside. Never been dropped or crashed. No mechanical or cosmetic issues. I'm selling it because I recently moved and will need a bigger bike to ride on the GSP/Turnpike.  Cash or Zelle only. Must meet in Bloomfield NJ.  Similar bikes: z125 pro cb300r cbr300r cb300f cb500f kawasaki ninja400 ninja300 z650 z400 honda monkey yamaha mt03 super cub ktm duke 390 200",,,,,,,,,,
25125,120.0,newjersey,https://newjersey.craigslist.org/for/d/milford-yakima-bike-rack-excellent/7462764773.html,2022-04-18 12:03,Yakima bike rack excellent condition,,,,0,,,,,,,,,,,
25126,40.0,newjersey,https://newjersey.craigslist.org/bop/d/caldwell-bike-rack-bike-trunk-mount/7468659979.html,2022-04-18 10:05,Bike Rack - 2 Bike Trunk Mount - Adjustable,,,,0,,,,,,,,,,,
25127,1099.0,newjersey,https://newjersey.craigslist.org/spo/d/wayne-like-new-heavy-duty-treadmill/7466357908.html,2022-04-18 08:13,"LIKE NEW HEAVY DUTY TREADMILL WITH SPEAKERS,USB,EKG,60"" TRA", new,,,22,"I PAID $2,500 PLUS TAXES FOR THIS LIVESTRONG COMMERCIAL TREADMILL,  IT HAS IT ALL SUPPORTS HEAVY WEIGHT AND TALL PEOPLE 60X20 LONG TRAY, FOLDABLE AND FULLY INCLINES  CUSHIONED TRAY WITH JOINT PROTECTION. USB TO CONNECT TABLET, COMPUTER, LAPTOP, ETC AUX TO CONNECT YOUR CELLPHONE TO HEAR YOUR FAVORITE MUSIC WITH LOUD SPEAKERS   BUILT IN SPEAKERS  TRAY TO PLACE YOUR TABLET TO WATCH YOUR FAVORITE VIDEOS   EKG. IT HAS WEIGHS HOLDER TO WORK OUT ARMS WHILE RUNNING.  LIFETIME WARRANTY IN FRAME, MOTOR.  IF INTERESTED PLEASE CALL OR TEXT  show contact info  DELIVERY AVAILABLE FOR A FEE  MOVING SALE!! ADDITIONAL FEATURES BELOW  Console and Programs It's also easy to monitor your workout progress on the LS13.0T's backlit LCD display, which includes two LED feedback windows that track your speed, incline, time, distance, and more. The console also challenges you with 14 workout programs, including a manual program, speed intervals, peak intervals, weight loss, rolling hills, foothills, mountain climb, 5k, 10k, pacer, custom, THR zone, HR intervals, and downloadable Livestrong.com programs. The variety of workout programs help you train for a race, tone muscle, build stamina, target weight loss, or add terrain variety to your run.  Additional Features Other details include contact heart rate grips, a wireless chest strap, a CoolFit workout fan to keep you cool, built-in speakers with an MP3/iPod port to keep you motivated during your workout, bonus speed and incline toggles mounted on the handlebars, a 20-by-60-inch running deck, and a space-saving frame that folds up for easy storage.   It's easy to record your fitness routine using Livetrack Interactive technology.Specifications Frame type: Folding Drive motor: 3.0 continuous-duty horsepower Speed range: 0.5 to 12 mph Incline range: 0 to 14 percent (in 0.5 percent increments) Running area: 20 by 60 inches Cushioning: MaxComfort cushioning system Display: Backlit LCD and 2 LED feedback windows Programs: 14 Workouts: Manual, Speed Intervals, Peak Intervals, Weight Loss, Rolling Hills, Foothills, Mountain Climb, 5k, 10k, Pacer, Custom, THR Zone, HR Intervals, and Livestrong.com Workout tracking: Livetrack Interactive technology USB stick: 2 GB (included) Speed/incline handlebar toggles: Yes Quick speed keys: Yes Quick incline keys: Yes Heart rate: Contact grips and wireless Built-in speakers: Yes (3 watts with audio in/out jack) Personal fan: CoolFit fitness fan Capacity: 350 pounds Folded dimensions: 37 by 73 by 36 inches (W x H x D) Unfolded dimensions: 36 by 58 by 79 inches (W x H x D) Weight: 249 pounds Warranties: Lifetime on frame and motor, 5 years on parts, 2 years on labor About Livestrong Fitness Manufactured by Johnson Health Tech, Livestrong Fitness equipment is a proud partner of the Lance Armstrong Foundation. Livestrong offers a complete line of home fitness equipment, including treadmills, elliptical trainers, and exercise bikes, as well as Livestrong by Matrix commercial fitness equipment. With Livestrong Fitness, you can find the perfect fitness solution for any budget, goal, or lifestyle.  Features & details Folding treadmill with 3.0-horsepower continuous-duty motor Adjustable MaxComfort cushioning system helps you recover quickly Speed range of 0.5 to 12 mph; incline range of 0 to 14 percent Includes Livetrack Interactive technology; 14 total workout programs 350-pound capacity; measures 36 x 58 x 79 inches (W x H x D) unfolded Product information Item Package Dimensions L x W x H	‚Äé82 x 35.5 x 12 inches Package Weight	‚Äé306 Pounds Item Dimensions LxWxH	‚Äé79 x 36 x 58  MOVING SALE MORE APPLIANCES FURNITURE DECORATIONS ELECTRONICS OFFICE SUPPLIES OUTDOOR FURNITURE PATIO SETS CAST ALUMINUM PATIO SET AVAILABLE SECTIONAL COUCH SOFA DRESSER VANITY CHEST ARMOIRE REFRIGERATOR STOVE RANGE MICROWAVE DISHWASHER MIXER BLENDER COFFEE MAKER TOASTER DESK CHAIR LAMP FILE CABINET CLOSET ORGANIZER DINING ROOM SET KIDS BEDROOM SET KING BED QUEEN BED COMPUTER LAPTOP PRINTER COPIER OUTDOOR SWING PLAYGROUND CAST ALUMINUM CONVERSATION SET TREADMILL ELLIPTICAL WEIGHTS DUMBBELLS SHELF POOL TABLE HAMMOCK SNOW BLOWER ELECTRIC CHANDELIERS LAMPS ENTRANCE TABLE MIRRORS VASES WALL ART DINNERWARE POTS PANS",,,,,,,,,,
25128,200.0,newjersey,https://newjersey.craigslist.org/bik/d/bound-brook-huge-bike-sale/7460578799.html,2022-04-18 08:06,Huge Bike Sale,,,,0,,,,,,,,,,,
25129,250.0,newjersey,https://newjersey.craigslist.org/for/d/morristown-chamberlain-hp-led-video/7460427188.html,2022-04-18 06:39,Chamberlain 1-1/4 HP LED Video Quiet Belt Drive Garage Door Opener wit,,,,0,,,,,,,,,,,
25130,1.0,newjersey,https://newjersey.craigslist.org/wan/d/haledon-wanted-modern-vintage-bicyckes/7472625946.html,2022-04-18 06:30,wanted modern vintage bicyckes Any condition, good,,,2,"wanted Bicycles Vintage Modern Any condition  prefer to buy larger quantities, several bikes working or None working condition. please send a photo if available.  201- Four six six - 7656 or reply to this email   will travel to pick up !",,,,,, any adult,,,,
25131,3750.0,newjersey,https://newjersey.craigslist.org/mcy/d/randolph-2015-ktm-50sx-mint/7472590536.html,2022-04-17 23:14,2015 KTM 50SX (Mint),,,,0,"2015 KTM 50SX (Mint) $3750 obo  Up for sale is a VERY nice, original owner, never raced fresh bike ready to ride! This is a very nice well cared for bike and will save alot of money vs buying new.  Many new parts, fully serviced. - New clutch, top end, rear tire/tube, front/rear brake pads - New air cleaner, spark plug, ignition coil, fluids - FMF Pipe - Original owner manual & tool kit - Motorex Trans Fluud - Original Title - 56 Hours on bike  My kids outgrew the bike and moved up to bigger bikes. Bike is located in Randolph NJ 07869. I am in Orangeburg NY & Somerset NJ many times per week. Free delivery within 15 miles of 07869, 08873, & 10913.",,,,,,,,,,
25132,6495.0,newjersey,https://newjersey.craigslist.org/bik/d/cliffside-park-2020-trek-madone-slr/7460885443.html,2022-04-17 23:05,2020 TREK Madone SLR 7 Disc Road Bike Bicycle - Ultegra Di2 - Size 58, like new,,,8,"2020 TREK Madone SLR 7 Road Bike - Disc Brake / Ultegra Di2 - Size 58cm  Ridden approximately 960 km  No issues, never been dropped or laid down, rides beautifully.  Not riding anymore due to knee issues, so I'm letting this go.  Link to factory specs: https://www.trekbikes.com/us/en_US/bikes/road-bikes/performance-road-bikes/madone/madone-slr/madone-slr-7-disc/p/29893/  Bike is in original factory spec, apart from the following few appreciable things:  Includes two TREK Madone SLR color-matched seat masts so that you can optimize for your preferred seat height - 160mm and 205mm  I had recently had the opportunity to swap a few parts with another brand new bike that was being returned to the factory. There were no issues with the original parts, but I figured why not jump on the opportunity. As such this bike is currently outfitted with: - Brand new never ridden front & rear Shimano Ultegra Di2 derailleurs (same spec as factory) - Brand new never ridden front & rear Shimano brake pads (same spec as factory)  Includes a brand new YBN Titanium SLA110 chain with brand new YBN QRS-11 Master Link set (original factory chain also included)  Apart from the above, it includes the following: - 2 types of Bontrager BLENDR mounts  - Shimano Di2 charging cables and firmware update cables - Original TREK goodies (manual, valve stems, hex tool, rear reflector, spare bits & pieces, etc.) - Original purchase paperwork & receipt  Local pickup available from Cliffside Park NJ or Columbia University NY.  Also happy to ship via BikeFlights at buyer's expense. For non-local buyers, I would prefer to go through a reputable escrow service, as I'm not keen on dealing with the new IRS reporting requirements associated with PayPal goods & services.  Feel free to text with any questions or picture requests, happy to oblige.",, carbon fiber, road,,,, disc (hydraulic),,,
25133,1.0,newjersey,https://newjersey.craigslist.org/wan/d/haworth-looking-to-buy-old-school-bmx/7472574218.html,2022-04-17 21:51,looking to buy old school bmx, good,,,0,Looking to purchase 1980's BMX bikes.  If you're considering selling  please reach out. Buying Single bike or your entire collection . Easy cash transaction.  text call  201-Four Six Six - 7656,,,,,, any 20‚Äù 24‚Äù 26‚Äù,,,,
25134,40.0,newjersey,https://newjersey.craigslist.org/bik/d/fairview-new-adult-hardtail-mantis/7469598590.html,2022-04-17 17:10,"NEW Adult Hardtail MANTIS HighLight MTB Bike Bicycle Frame, Chain  Etc", new, Mantis Bike Bicycle frame, Mountain bike,16,This is New but just the frame as you see here the parts have been taken off.   This is a Mantis HighLight 26 Inch hardtail womens mountain bike in purple and white.  Has front suspension and Still has the chain attached.    You can buy the pieces and make your own bike with this frame or use pieces u have if your looking just for a frame. Email or text me with any questions  Also can google any info about this make and model.    The main part the body is all here needs peddles and wheels and sets all stuff from a bike shop to make a custom bike.    With a shortage of adult bikes this is great deal for hard part to get the seats and other parts are much easy to buy.,, aluminum, mountain, 26 inch, 12 in,,,,,
25135,480.0,newjersey,https://newjersey.craigslist.org/bik/d/englewood-dk-cygnus-bmx-cruiser-bike/7462625653.html,2022-04-17 13:53,"DK ""Cygnus 24"" 2021 BMX Cruiser Bike - Grey Zinc",,,,0,,,,,,,,,,,
25136,50.0,newjersey,https://newjersey.craigslist.org/bop/d/staten-island-bike-rack-jan/7472397766.html,2022-04-17 12:11,Bike Rack (Jan), excellent,,,0,Bicycle Rack for Vehicle - Trunk  Holds Two Bikes,,,,,, L36 x W14 and 17,,,,
25137,5.0,newjersey,https://newjersey.craigslist.org/pts/d/ramsey-10-super-white-t10-led-bulbs/7472379815.html,2022-04-17 11:21,*****(10) Super White T10 Led Bulbs*****,,,,2,"10 Super White T10 Wedge 5-SMD 5050 W5W Led bulbs    Features:  - 100% Brand new and high quality.  - Quantity: 10 bulbs  -Color Temperature: 6000K-6500K  - The diameter of the T10 LED bulb is approx 11mm and overall length is 28mm  - Each T10 LED bulb contains 5 Beautiful High Quality 5050 SMD LEDs, which are much brighter and colorful than the stock OEM yellowish tungsten lamps  - Besides of the beautiful and cooler color, these LED lamps also have longer lasting than stock tungsten lamps. Usually, a LED lamp has average of 50000 + hours lifespan and it consumes less power as well. Also, unlike those blue color tungsten lamps, LED will never burn your wires nor melt the lamp covers  - Add style and brighten your vehicle  - Super bright LEDs are much brighter than original incandescent bulbs  -Installs easily in just minutes - no tools needed  - These bulbs can be used on many light applications for your vehicle  - Low temperature, low power consumption & lasts up to 50k hours  -Light Color: White  - Common replacement Bulbs for Cars, Boats and Bikes, measures 10mm wedge base configuration which is plug-and-play. Suitable for many Parkers/DRL/City Lights, Map Lights, Boot/Trunk Lights, Number Plate and License Plate Lights, Side Indicator Lights, Gauge and Dashboard lights and Many More.  Bulb Cross-Reference: W5W 194 147 152 158 159 161 168 184 192 193 259 280 285 447 464 555 558 585 655  show contact info  1251 1252 2450 2652 2921 2825 921 906 579  Note: These are SUPER EASY to install. There is no modification needed at all. All you need to do is to remove the bulb covers and replace the stock bulbs with these LED bulbs. If the bulbs do not light after installing them in the socket, remove the bulb and turn it 180 degrees, inserting it back in the socket.  Important Message, Please Read: When responding, you must leave your phone #, otherwise your email will be deleted!!  If this post is still up, then item is still available.  Cash only Price is firm Pick-up only Location: Dunkin Donuts 926 RT 17N Ramsey, NJ 07446",,,,,,,,,,
25138,500.0,newjersey,https://newjersey.craigslist.org/wan/d/clifton-buying-70s-80s-90s-bmx-bicycles/7472356987.html,2022-04-17 10:07,Buying 70s/80s/90s BMX bicycles Redline/Mongoose/GT/Hutch/Haro/etc.,,,,3,"I collect GT, Hutch, Redline, Haro, Dyno and all other race and freestyle BMX bicycles/scooters/ skateboards/memorabilia/ magazines from the late 70s, 80s and 90s. Working, broken or just parts! Rusty, dirty or dusty. Send me a couple of pics and I will give you a price and drive to you.  I also buy other BMX bikes and scooters and such as Hutch Haro Kuwahara Mongoose CW JMC Huffy Redline zoot scoot detour compe dtour schwinn SE Racing PK Ripper Diamond Back Diamondback Supergoose Skyway T/A ta Californian pro star racer raider pro freestyle tour team hutch trickstar trick star Wind styler rl 20ii quadangle pro series master performer Torker Patterson Pro Profile Champ Pro race inc elf Auburn s&m haro freestyler holmes Gary Littlejohn glj Hollywood judge Hawk fueler BMX action BMX plus! Freestyle America American freestyler freestyle spectacular freestylin‚Äô nomura d30 d-30",,,,,,,,,,
25139,8500.0,newjersey,https://newjersey.craigslist.org/mcy/d/stockholm-2013-bmw-1200-rt/7472328498.html,2022-04-17 07:42,2013 bmw 1200 rt,,,,4,Down sizing going for knee replacement. 2013 rt 1200 90th anniversary great bike go anywhere all options these bikes speak fro themselves,,,,,,,,,,
25140,20.0,newjersey,https://newjersey.craigslist.org/mpo/d/caldwell-adventure-power-volt/7464075624.html,2022-04-17 06:39,Adventure Power 6 volt Motorcycle battery, new,,,5,Adventure Power 6 Volt Conventional Motorcycle Battery. Fits most Honda 90 trail bikes from the 1970s or similar sized bikes with 6v batteries. Purchased 1 year ago. Comes with sealed plastic battery acid bottle.,,,,,,,,,,
25141,75.0,newjersey,https://newjersey.craigslist.org/bik/d/nutley-liv-adore-20-bike/7466135931.html,2022-04-16 19:48,"Liv Adore 20"" bike", excellent, Liv, ADORE,0,"Liv Adore 20"" bikes $75.00 each.",, other/unknown, kids, Unknown, 20 in,, cantilever,,,
25142,375.0,newjersey,https://newjersey.craigslist.org/bik/d/wyckoff-diamond-back-calico-hybrid/7466247139.html,2022-04-16 18:22,"Diamond Back Calico Hybrid Bicycle Small/16"" Frame 700C wheels 21spd", good, Diamond Back, Calico,7,"Diamond Back Calico 700C Cross Hybrid Small  Aluminum frame with Cable actuated disc brakes 3x7 shimano drive train with trigger shifters Wide 700C X 45mm Tires  Stand over 29"" Seat tube length 16"" For rider 5'4""- 5'7""  Professionally Cleaned, Tuned, Lubed and Ready to Ride as is!  Can be seen and test ridden at:  Wyckoff Cycle LLC 396A Franklin ave. Wyckoff, NJ 07481  Hours: Check Google or Call  Search ""wyckoff cycle"" in The Craigslist search bar to see more great used bikes  View our website Or visit us in the shop for Specials and Sales on New Bikes, Parts, accessories and Apparel.  We carry Quality, Name brand bicycles by: Giant, Liv, Marin, Haro, SE, FUJI, Jamis, GT, and Pivot Bicycles. Road, Hybrid, Mountain, BMX, Kids, Cruisers, and Comfort bikes!   www.wyckoffcycle.com  If you see this ad the Item is still for sale!    Thanks for looking!",, aluminum, hybrid/comfort, Small, 700C,, disc (mechanical), none, none (rigid), riser
25143,150.0,newjersey,https://newjersey.craigslist.org/bik/d/wyckoff-raleigh-mxr-20-wheel-boys-bike/7466262079.html,2022-04-16 18:22,"Raleigh MXR 20"" Wheel Boys Bike Ages 6-9", excellent, Raleigh, MXR,6,"Raleigh MXR  20"" Wheels 11"" Lightweight Aluminum Frame Rear Handbrake and Coaster (foot) brake Single Speed Includes kickstand In fantastic condition!  $150 - Reasonable offers accepted  Professionally Cleaned, Tuned, Lubed and Ready to Ride as is!  Can be seen and test ridden at:  Wyckoff Cycle LLC 396A Franklin ave. Wyckoff, NJ 07481   Hours: Check Google or Call  Search ""wyckoff cycle"" in The Craigslist search bar to see more great used bikes  View our website Or visit us in the shop for Specials and Sales on New Bikes, Parts, accessories and Apparel.  We carry Quality, Name brand bicycles by: Giant, Liv, Marin, Haro, Jamis, Schwinn, Raleigh, GT, Intense, Diamondback, Pivot and FIT Bicycles. Road, Hybrid, Mountain, BMX, Kids, Cruisers, and Comfort bikes!   www.wyckoffcycle.com  If you see this ad the Item is still for sale!    Thanks for looking!",, aluminum, kids," 11""", 20 in,, coaster,, none (rigid),
25144,150.0,newjersey,https://newjersey.craigslist.org/bik/d/wyckoff-gt-bullet-green-boys-24-wheel/7466257084.html,2022-04-16 18:22,"GT Bullet Green Boys 24"" Wheel All Terrain Bicycle Ages 8-12", good, GT, Bullet,5,"12"" Lightweight Frame Rigid Fork  22"" Standover Height 21 Speed Drivetrain Sram Grip Shifts Front and Rear Alloy Handbrake 24x1-2.0"" Tires Bolt on Axles  Professionally Cleaned, Tuned, Lubed and Ready to Ride as is!  Can be seen and test ridden at:  Wyckoff Cycle LLC 396A Franklin ave. Wyckoff, NJ 07481  Hours: Check Google or Call  Search ""wyckoff cycle"" in The Craigslist search bar to see more great used bikes  View our website Or visit us in the shop for Specials and Sales on New Bikes, Parts, accessories and Apparel.  We carry Quality, Name brand bicycles by: Giant, Liv, Marin, Haro, SE, FUJI, Jamis, GT, and Pivot Bicycles. Road, Hybrid, Mountain, BMX, Kids, Cruisers, and Comfort bikes!   www.wyckoffcycle.com  If you see this ad the Item is still for sale!    Thanks for looking!",, alloy, kids," 12""", 24 in,, v-brakes, none, none (rigid), flat
25145,275.0,newjersey,https://newjersey.craigslist.org/bop/d/township-of-washington-thule-bike/7472167473.html,2022-04-16 16:24,Thule 4 Bike SwingAway Hitch Rack with Lock,,,,0,,,,,,,,,,,
25146,175.0,newjersey,https://newjersey.craigslist.org/mpo/d/morristown-pit-bull-rear-stand-and/7472159709.html,2022-04-16 16:07,Pit bull Rear stand and front stand, excellent, Pit bull,,0,Pit bull rear stand and front stand  Made for triumph speed triple but should fit other single-sided swing-arm bikes with spool change.   Excellent condition,,,,,,,,,,
25147,50.0,newjersey,https://newjersey.craigslist.org/bik/d/butler-bike-rack-trunk-mount-graber/7466458742.html,2022-04-16 15:28,Bike Rack Trunk Mount Graber Outback,,,,10,"Bike Rack. According to online it states it is for 2 bikes. Local pickup in Butler, NJ.",, other/unknown, other, 19 inch, other/unknown,,,,,
25148,400.0,newjersey,https://newjersey.craigslist.org/bik/d/north-arlington-26-mens-del-sol-comfort/7462962029.html,2022-04-16 10:14,"26"" Men's Del Sol Comfort Bike", excellent, Del Sol,,5,"Selling this 26"", 24 speed Men's Del Rio LXI 3.0 Comfort Bike. Will be hard to find another one of these bikes, not many around, especially in this condition!! Aluminum alloy 19.5"" frame,rims are aluminum,handle bars and neck also. This bike is very light, yet built to last. Front shocks and suspension seat post for extra comfort. Shimano components. This is not your department store bike junk,google it!! Good for riders 5'6"" and above. Bike is tuned and ready to ride. Asking $400. Please leave your name and number if I can't pick up the phone or I will consider it spam.  Thanks for looking.",, aluminum, mountain, 19.5, 26 in,,,, frame and fork (full suspension),
25149,275.0,newjersey,https://newjersey.craigslist.org/bik/d/cresskill-gary-fisher-dirt-jumper-175/7463271403.html,2022-04-16 09:29,Gary Fisher Dirt Jumper 17.5 Medium, good,,,0,Gary Fisher Opie Mountain Bike‚Ä¶ rides real smooth. 24spd. could use a tune up. Always stored inside. No rust or major scratches. Bike will be cleaned before sold. Similar to Trek bikes. Would consider trading for a Dahon folding bike.  Ad will be removed once sold.,, other/unknown, mountain, medium, 26.5 in,, cantilever, none, suspension fork (hardtail), other/unknown
25150,125.0,newjersey,https://newjersey.craigslist.org/for/d/morristown-new-vulcan-security-chain/7465980159.html,2022-04-16 09:08,NEW VULCAN Security Chain and Lock Kit - Premium Case-Hardened - 3/8‚Äù x 3‚Äô, new, Vulcan,,8,"BRAND NEW VULCAN Security Chain and Lock Kit - Premium Case-Hardened - 3/8 Inch x 3 Foot (+/-2 Inches) - Chain Cannot Be Cut with Bolt Cutters or Hand Tools - Have 2 Available   COMPLETE SECURITY KIT - Each kit includes a premium, solid forged one-piece pad lock, three keys, 3/8"" x 3' high security chain and a cordura wear pad. Chain length may vary +/- up to 2"". Professional operators choose Vulcan chain and lock kits to secure millions of pieces of valuable equipment every year ‚Äî including trailers, motorcycles, bikes, and ATVs. Work with confidence, knowing that these chains and locks are backed by the 50 years of manufacturing expertise that only Vulcan can provide. NEARLY IMPOSSIBLE TO DEFEAT OR CUT - The case hardened chain cannot be cut by hand with bolt cutters, and the lock includes a maximum security mechanism for ultimate protection. The square link shape of the chain does not allow bolt cutters to get a proper grip and the lock has been specially designed to be nearly impossible to grip with burglary tools. If you do not have the keys, you literally need an acetylene torch to defeat this chain and lock kit. HIGHEST QUALITY MATERIALS AND CONSTRUCTION - The solid forged brass one-piece body padlock has an exclusive shape and design that cannot be defeated with any normal burglary tools. The case hardened security chain is hardened to 63 rc at 10% depth and 50 rc in the core, making it impossible to cut with bolt cutters or any other hand tool. No other lock and chain kit on the market is made of stronger materials or has a more difficult design for criminals to defeat. ADDITIONAL PROTECTIVE FEATURES - The case hardened, square link security chain has an electro-galvanized finish for maximum corrosion protection, and it is fully covered in a cordura wear pad to protect against scratching on valuable tire rims, paint jobs, powder coating or other finishes.This anti theft kit works perfectly as a bike chain and bike lock, motorcycle chain and motorcycle lock, trailer chain and trailer lock, or ATV chain and ATV lock.",,,,,,,,,,
25151,35.0,newjersey,https://newjersey.craigslist.org/bik/d/jersey-city-electric-bike-rentals-for/7471958795.html,2022-04-16 08:52,Electric Bike Rentals! - For Deliveries,,,,2,"Electric bike rentals available for making deliveries for Uber Eats, Doordash, GrubHub, and more!  Zoomo e-bikes have pedal-assist + throttles, a 750 watt motor, and 5-7 hours of battery life that get top speeds of 25 mph! Save on gas, parking fees, tolls, and more by switching to an e-bike.  Subscriptions for deliveries start at $35 per week.  Use code FREEWEEK in-store for your first week for free!  Find out more at https://www.ridezoomo.com/us/plans.  Jersey City store located at  535 Newark Avenue Jersey City, NJ 07306",, aluminum, hybrid/comfort, Medium, 27 in,,,,,
25152,50.0,newjersey,https://newjersey.craigslist.org/mpo/d/dover-new-battery-for-bmw-motorcycle/7471952440.html,2022-04-16 08:24,New battery for BMW 1970-1995 motorcycle, new,,,3,"Battery for BMW Motorcycle @ Dover NJ 07801 Brand New Fits most Airheads 1970-1995 and K-Bikes K75, K100 & K1  This is a DRY battery, and does not include acid, this guarantee the battery is fresh",,,,,,,,,,
25153,25.0,newjersey,https://newjersey.craigslist.org/bab/d/randolph-girls-bike/7465123398.html,2022-04-16 08:14,Girl's Bike, good,,,3,Girl's Bikes 1 Girls bike Reduced to $25 each Cash Only  All proceeds go to the church Pick up only  All sales final - no returns - no refunds If interested call Ellen directly at  show contact info  to make arrangements/questions,,,,,,,,,,
25154,12345.0,newjersey,https://newjersey.craigslist.org/mcy/d/boonton-cash-for-motorcycles-buys/7471949822.html,2022-04-16 08:07,üíµüí≤CASH for motorcycles  buys Harleys and more,,,,6,"I‚Äôm a motorcycle dealer looking to buy Harleys. And some other makes / models , I buy 1903-2022   Easy no hassle deal, certain bikes are better than others for me but I‚Äôm happy to put a number on anything!  If you have something you want to sell please contact me.  Call or text 732-503-5971  If you just inherited a motorcycle or maybe just are  unsure of values and just need to get a real value but want to sell on your own to try to get more money  , definitely call me , I‚Äôm happy to help.   PLEASE do not feel obligated to sell to me , I‚Äôm happy to talk motorcycles and will help all I can. I do a very large volume of bikes and am very low pressure.   732 503 5971   It‚Äôs ok if you have a loan on it.    My garage is called Cash for Motorcycles  Manasquan, NJ  Feel free to google me!   I love old Kawasakis, kz1000 kz900 H1 H2 GPZ900 (personal thing)   I always need a Honda Grom too! Yamaha Zuma any size , Vino , honda scooters and more!!  2010 2011 2012 2013 2014 2015 2016 2017 2018 2019 2020 2021  10 11 12 13 14 15 16 17 18 19 20 21  Triglide freewheeler street glide road glide road king softail springer crossbones flhx flhxs flhrc cvo ultra limited classic electraglide streetglide roadglide",,,,,,,,,,
25155,2000.0,newjersey,https://newjersey.craigslist.org/mpo/d/elizabeth-2motorcycles-1988honda-shadow/7471909914.html,2022-04-16 00:40,(2)motorcycles/1988Honda Shadow 800cc:;AND 2007 SUZUKI GZ-250., like new,,,14,"Both clean titled,insured n registered bikes.Honda has ""complete""- new clutch package!,BOTH HAVE NEW tires,brakes,fluids,battery's,etc,etc/Suzuki has brand new (complete new head,timeing chain,Piston kit,etc.Both maintained by retired motorcycle tech.Asking 2k each.Can deliver.Tank n seat will be put back on Suzuki tomorrow /just did small dent repair n Re-paint on tank. show contact info ./ show contact info -Rob.M.",,,,,,,,,,
25156,300.0,newjersey,https://newjersey.craigslist.org/spo/d/long-valley-thule-apex-swing-away-bike/7471908781.html,2022-04-16 00:32,Thule Apex Swing Away 4 Bike Hitch Mount Rack, excellent, Thule, 9027,10,"Great condition Thule Apex swing away hitch mount.  Fits 4 bikes.  Extra rubber hardware. Goes in 2‚Äù receiver.  Key locks it in hitch and works security cable.  Unit swings out of the way so you can use your trunk/tailgate, even when loaded   Thule 9027 Apex Swing Away 4 Bike Hitch Rack  Serious buyers only. Offered not accepted over e-mail. In person only.   ‚Äî‚Äî‚Äî Keyword: Thule, Yakima, Curt, Kuat, Saris, Swagman, SportRack",,,,,,,,,,
25157,950.0,newjersey,https://newjersey.craigslist.org/bik/d/flemington-1998-cannondale-cad2-saeco/7468841704.html,2022-04-15 20:20,"1998 Cannondale CAD2 Saeco/Cannondale Team 56cm Shimano, Cinelli", excellent,,,7,"The legendary Saeco/Cannondale team - names like Simoni, Gotti, Salvodelli, Cunego, and of course, Cipollini immediately come to mind! I've created a bit of a ""fantasy build"" with this bike, matching up the team component sponsors shown on the frame with modern versions of those corresponding parts, as if the team had continued into the present day. Team bikes were equipped with top-of-the-line Dura-Ace, but I've scaled it down to make the bike more affordable - its' still a wonderfully-performing machine. Many of the parts are in new or like new condition!  Specs: Shimano 9-speed group includes: CRANKSET- FC-R450 (170mm, 52/39t), SHIFT/BRAKE LEVERS- Tiagra and DERAILLEURS- Tiagra; BRAKES- Tektro R312; STEM- CODA (110mm); HANDLEBARS- Cinelli 63-40 with Selle San Marco Presa Corsa Dynamic tape; SEATPOST- Kalloy Aero; SADDLE- Selle San Marco Era; WHEELSET- DT Swiss R1700 with 12-25 cassette and Vittoria Rubino Intrepid tires  I rebuild/restore/refurbish bicycles (vintage and modern) in my basement shop and always have a few listed on craigslist. You can check out more of my work via my Cycle Tech Royersford page on Facebook or my blog at http://cycletechrofo.blogspot.com  NOTE: Although I live just west of Philadelphia, I have sold bicycles to many customers from NYC. Flemington has been a very convenient halfway point to meet - however, if you don't have a car, I have no problem delivering. I only ask that you consider offering to chip in a few extra bucks for gas/tolls!",, aluminum, road,,,, caliper,,,
25158,17000.0,newjersey,https://newjersey.craigslist.org/cto/d/bayonne-2013-toyota-rav-limited/7471709141.html,2022-04-15 14:36,2013 Toyota Rav Limited,,,,2,"Purchased from Maryland Toyota dealer as certified. I‚Äôm 2nd owner. No accidents. Have clean title in hand. Loaded, had new tires installed last year , Nav,  Full leather, push button start, has auto start, roof crossbars HID lights all around, professional tinted windows, trailer hitch used exclusively for our mountain bikes. Truck has plenty of power and plenty of room, quite efficient and reliable for all-wheel-drive SUV. Will last a long long time.Non-smoker. Looking to get electric vehicle.. Will post more pictures this weekend.",,,,,,,,,,
25159,850.0,newjersey,https://newjersey.craigslist.org/bik/d/mahwah-road-bike-for-sale/7471692412.html,2022-04-15 14:09,Road bike for sale, good, Fuji, 2.3c,5,2013 Fuji Altamira 2.3c in RED Lots of upgrades with SRAM RIVAL mechanical components  Nice fast bike CARBON Wheels Roval CL50 made by Specialized bikes,, carbon fiber, road, 56cm, 700C,, u-brakes, none, none (rigid),
25160,75.0,newjersey,https://newjersey.craigslist.org/for/d/bloomfield-yakima-bike-rack/7471639548.html,2022-04-15 12:32,Yakima Bike Rack,,,,0,,,,,,,,,,,
25161,25.0,newjersey,https://newjersey.craigslist.org/bop/d/maplewood-brand-new-onguard-double-team/7463398321.html,2022-04-15 09:17,Brand New OnGuard Double Team U-Lock & Cable Combo Pack (4616), new, OnGuard, 4616,14,"Brand new in retail package, never opened, never used. Please see photos for details (real item is shown). This item has excellent customer ratings at Walmart (4.3 out of 5 stars based on over 20 reviews). Ask for $25 in cash but it's negotiable. For pick up or local meet only. Simply make me an offer if you're interested.   WHAT'S INCLUDED - 106mm x 200mm (4.17"" x 7.87"") U-Lock - 120cm x 10mm (4' x 0.39"") Cable - Mounting bracket - 2 Keys  PRODUCT FEATURES - Standard sized U-lock easily allows you to secure your bicycle to a large variety of solid stationary objects - 4 ft. long x 10mm double loop end cable, utilizing a strong braided steel cable, that allows you to quickly secure your front wheel without needing to remove it - The lock features OnGuards rotating locking sleeve mechanism locks the U shackle on both sides, providing a solid locking interface between the U-shackle and the locking cross bar - OnGuards patent pending Z-cylinder lock mechanism is pick, pull and Drill resistance and features an automatic dust and debris cover to help ensure the longevity of the lock - The quick release all tube mounting bracket allows for convenient storage and transportation of the lock - 12mm (0.47in.) hardened steel shackle - Automatic dust cover  - Double Rubber Coating to protect you bikes finish",,,,,,,,,,
25162,500.0,newjersey,https://newjersey.craigslist.org/bik/d/kearny-boston-montague-folding-bike/7471510239.html,2022-04-15 06:16,Boston Montague Folding Bike, good, Montague, Boston,6,"Boston Montague Folding Bike For Sale Foldable for storage and traveling. Fit in my trunk of my coupe with no problem.  Medium ‚Äì 19‚Ä≥: For riders 5‚Äô3‚Ä≥ ‚Äì 5‚Äô10‚Äù. Standover height is 28‚Ä≥  Why a Folding Bike? Folding bikes fit your lifestyle. Having the ability to fold your bike into a compact package in seconds allows you to store it easily in the home or office, and travel anywhere with your bike. It can fit in the car trunk, on the bus or train, and is perfect for your next trip.  The Essentials ‚Ä¢ Speeds: 1 is all you need ‚Ä¢ Wheel Size: 700c ‚Ä¢ Folded Size: 36‚Ä≥x28‚Ä≥x12‚Ä≥ ‚Ä¢ Approx Weight: 24lbs Great For ‚Ä¢ City riding ‚Ä¢ Lightweight maneuverability ‚Ä¢ Minimal maintenance ‚Ä¢ Simplicity  Color	Matte Black Frame	Custom drawn 6061 Series aluminum. Horizontal dropouts and DirectConnect folding system Fork	Rigid unicrown with ramped dropout Rims	700c Alloy deep section, 32 hole, Black Tires	Kenda semi-slick 700c x 28mm Hubset	Formula. Alloy, with front quick release. ‚ÄúFlip flop‚Äù Rear. Spokes	14 Gauge Stainless Saddle	Sport Gel design Seatpost	30.0 X 300mm Alloy with Montague logo Handlebars	Riser style 20mm rise. 580mm wide. Alloy. Stem	Kalloy, Alloy Threadless, 7 Degree Rise. Shifters	NA Front Derailleur	NA Rear Derailleur	NA Crankset	SR Suntour, Alloy 44T chainwheel with Integrated chain guard, 170mm crank arm Speeds	Single Speed Brakeset	Dual Pivot Caliper brake with locking quick release Pedals	Platform trekking pedal, Steel cage Bottom Bracket	Sealed Cartridge Frame Sizes	19‚Äù Folded Size	36‚Äù x 28‚Äù x 12‚Äù Approx Weight	25lbs MSRP	$879.00",, aluminum, road, 19, 700C,,, none,,
25163,3600.0,newjersey,https://newjersey.craigslist.org/mcy/d/long-valley-1998-bmw-k1200rs/7471501690.html,2022-04-15 03:52,1998 BMW K1200RS,,,,3,"1998 BMW K1200RS Dolphin Blue. 5300mi. (this changes as I ride it often). New battery, amazing condition for its age. Very low miles. Could use tires, but still safe. Rides like a dream. Just no room for three bikes now.",,,,,,,,,,
25164,50.0,newjersey,https://newjersey.craigslist.org/for/d/totowa-bikes-rack/7459912177.html,2022-03-18 14:32,Bikes Rack, like new,,,2,Allen Sports 4-Bike Hitch Racks for 2 '' Hitch Amazon's Choice in Allen Sports Bicycle Carrier Please Text me Or call me  show contact info,,,,,,,,,,
25165,200.0,newjersey,https://newjersey.craigslist.org/bik/d/midland-park-24-jamis-capri-girls-bike/7471418835.html,2022-04-14 19:50,24'' Jamis Capri Girl's Bike (bicycles - by owner, like new, Jamies, Capri,5,"With a basket!! When it comes to bikes, kids just aren‚Äôt interested unless they‚Äôre comfortable and stylish. Capri 2.4 features a riser stem and comfort handlebars, comfort saddle, and a color-matched chain guard.  Lightweight aluminum comfort frame design Hi-tensile uncrown comfort fork Smooth rolling Brooklyn Speedway tires Shimano RevoShift 35, 7-speed shifting Forged alloy crank, with 40T chainring Sealed cartridge bottom bracket Alloy linear pull brakes with short reach levers Jamis Youth Comfort saddle with single loop springs A 24‚Ä≥ aluminum frame general youth bike with modest components and rim brakes. jamisbikes.com  2021 Jamis CAPRI MSRP$489 Weight28.0 lbs SuspensionRigid FrameAluminum ForkSteel Wheels24‚Ä≥ Tires2.125"" Drivetrain1 √ó 7 Groupset Tourney, ShimanoÔªø BrakesRim  The Jamis Capri 24 is a stylish bike that everyone will love. Girls will love to ride it, and parents will love its durability. This bike features a lightweight aluminum frame and fork. Shifting is handled by reliable parts from Shimano, and components from KMC, Brooklyn, and Jamis add performance and value to this gorgeous package.",, aluminum, other," 12""", 24 in,,,,,
25166,25.0,newjersey,https://newjersey.craigslist.org/bik/d/butler-kids-bikes/7459803345.html,2022-03-18 11:05,Kids Bikes, good,,,2,"2 Kids Bikes $25 [total] 16"" & 20""",, aluminum, kids, Small, other/unknown,,,,,
25167,100.0,newjersey,https://newjersey.craigslist.org/spo/d/short-hills-landwave-skateboard-ramps/7471151098.html,2022-04-14 10:28,2 LandWave Skateboard Ramps - EXCELLENT CONDITIONS, excellent, LandWave, LWR2,6,"Pack of 2 LandWave Ramps; ramps can be used with skateboards, scooters, bikes, inline skates and RC cars. Dimensions of each ramp LxWxH: ‚Äé38.5 x 56 x 12 inches. Color: black Each LandWave piece is designed to support more than 300 lbs  Easy to assemble and no tools required; it's made of durable plastic with tractable surface and comes with 2 rubber feet per each ramp that avoid it from sliding (see picture attached). This ramp kit perfect for home practice and keeps kids engaged for hours Two ramps provide multiple assembly possibilities; can be combined and expanded with other Landwave products for personal design Made in USA  Item is used, in excellent conditions. NOT EVEN ONE CRACK, just some scratch. We bought them in Dec 2019 (see order picture nr 6) and ramps have always been stored in our garage - back in their box - when not used.   Check by yourself on YouTube how much fun kids and adults can have with WaveRamps; visit: - https://www.youtube.com/watch?v=SrJFOETY2-c - https://www.youtube.com/watch?v=0u966MDRPOE - https://www.youtube.com/user/Landwave1  Retail price on amazon/ebay is $160 + taxes; I sell them 40% off compared to retail price: so I sell everithing for $100.00  Item is in Short Hills, NJ. Pick up only.   PS: We are moving to Europe so we are selling other furnitures / electronic devices / outdoor games. Everything is like new or in excellent conditions; everything is 40% to 50% off compared to retail price. Check it out",,,,,, 38.5 x 56 x 12,,,,
25168,17000.0,newjersey,https://newjersey.craigslist.org/mcy/d/wallington-bmw-s1000rr-2019-fully-loaded/7471032653.html,2022-04-13 21:59,BMW S1000RR 2019 FULLY LOADED,,,,19,"Fully loaded s1000RR 2019 premium. 73xx miles. Quick shifter (up down w rev match) Cruise control  Carbon fiber parts front and rear wheel huggers Master cylinder corsa corta  TWM Italia clutch lever black Carbon fiber side fairings Carbon fiber foot rests Arrow shorty full exhaust with headers  Clear clutch cover Rear integrated tail light  Other mods that I might be forgetting to mention‚Ä¶ Bike is mint condition like new.  No trades, price is firm, no shipping, clean title, no lien. This is the last model bike before bmw changed the model. The classic ‚Äúalien‚Äù front headlights make this bike a classic. BMW also did some improvements on the power delivery for these last batch of bikes right before the new models came out. All services and bike parts done at the bmw dealer. Bike has all the mods you‚Äôd want to do to it. Just needs a rider!",,,,,,,,,,
25169,60.0,newjersey,https://newjersey.craigslist.org/bop/d/harrison-thule-or-bike-rack-for-hitch/7471017627.html,2022-04-13 21:05,"Thule 2 or 4 bike rack for 2"" hitch mount", good, THULE, Rak n Loc,3,"Thule 2"" hitch mount bike rack for 2 or 4 bikes. -Fits 2 bikes, or up to 4 bikes with expansion attachment -2x anti-theft locks -Padded top-tube cradles -Velcro straps -3x stabilization straps -Heavy duty -Tilts to open car hatch without removing bikes -Includes Top Tube Cross-bar Frame Adjustable Adapter  NOTE: Location is Harrison NJ, not NY"," racks, fenders, bags",,,,, 40x30x12,,,,
25170,1300.0,newjersey,https://newjersey.craigslist.org/bik/d/weehawken-cinelli-semper-bike-size-56/7470883457.html,2022-04-13 15:36,Cinelli Semper Bike (Size 56),, Cinelli, Semper,2,"Mint condition Cinelli Semper bike (size 56, MSRP $1,649) for sale. $1,300 or OBO. Includes Pump and bike lock.   Related link: https://99spokes.com/bikes/cinelli/2019/semper-disc",, alloy, road, 56, 25 in,,,,,
25171,3359.0,newjersey,https://newjersey.craigslist.org/snd/d/effort-2022-arctic-cat-alterra-90-youth/7470858357.html,2022-04-13 14:45,2022 ARCTIC CAT ALTERRA 90 YOUTH ATV financing We Buy All Powersports,,,,8,"BRAND NEW  2022 MODEL SAME DAY FINANCING REGARDLESS OF CREDIT EASY FINANCING DO NOT WAIT THESE WILL NOT BE HERE LONG!   - We Accept Credit Cards and DO SAME DAY FINANCING -We will work with you to pair you with the best lender possible. -We offer financing for all financial situations. - We also take Cars And SUV's On Trade -We sell Bad Boy Lawn Mowers, Commerical Mowers, & Zero Turn Lawn Mowers  -We sell parts and accessories and can have most parts in the next day -We have plows in stock  Find us at: 504 Timothy Drive, Effort, PA, 18330   * WE BUY MOTORCYCLES, SIDE BY SIDES , AND ATVS * Same Day Financing * Credit Cards Accepted * Trades Accepted * All ATVs, UTVs, and Motorcycles Come Fully Serviced (Using Semi-Synthetic Oil) * All Motorcycles Are PA Inspected and ready to ride * Clean & Clear PA Titles! * All Inventory Is Personally Selected And Hand Picked! * Add A Plow Setup To Almost Any ATV * The Cleanest Low Mileage Inventory Around! * Be Sure To Check Out Our FULL INVENTORY!!!  Our website: www.AzzyPowersports.com  Our hours: Monday thru Friday 9-5:30 Saturday by appointment-please call Sunday-Gone riding  Visit Us At Our dealership Location:  504 Timothy Drive, Effort, PA, 18330  CONTACT: 570-369-4554 - Showroom Floor  *********************************************************************************************************  ATV atv atvs snow snowplow winch can am outlander max Quad Quads 4 Wheeler 4wheeler 4wheelers 4 Wheelers 4X4 AWD UTV utvs Side by Side Sides SidebySide SidebySides Polaris Razor rzr RZR Motorcycles Street Bike Streetbike Bikes Streetbikes Dirt Road Ride Drive Honda Shadow Spirit cbr CBR cbr300 CBR300 cbr300r CBR300R cbr600 CBR600 cbr600rr Softail Springer HD H-D CBR600RR cbr1000 CBR1000 Rancher Yamaha fz yfz r6 r1 R6 R1 yzfr6 yzfr1 Kawasaki Ninja zx zx6 zx636 Brute Force 4x4 Suzuki Boulevard gsxr GSXR gsxr600 GSXR600 gsxr750 GSXR750 gsxr1000 GSXR1000 Kingquad Honda Arctic Cat Mud Pro Mudpro 1000 EFI Sport Bike Sportbike Harley Davidson f41 sv softail dyna fat boy Fatboy fat bob Fatbob Road king streetglide ultra classic sportster rocker grizzly king quad kfx Kodiak vstar Polaris Sport badboy zero turn john deere zeroturn mower scagexmark toro hustler simplicity bad boy mowers cub cadet",,,,,,,,,,
