,Price,Location,URL,Date,Title,bicycle frame material,bicycle type,frame size,wheel size,num image,text,brake type,condition,electric assist,handlebar type,make / manufacturer,model name / number,suspension,serial number,part type,size / dimensions
3954,250.0,orangecounty,https://orangecounty.craigslist.org/bik/d/costa-mesa-wildman-bmx-bike-se-bikes/7463243633.html,2022-04-18 16:46,Wildman BMX Bike SE Bikes, alloy, bmx, 4'4 - 5' rider, 20 in,3,"With a 19.5‚Äù top tube, the Wildman might be small but it packs a mean punch. It‚Äôs the perfect bike for a new BMXer looking to hit the trails, street, or skatepark. Built with 25-9 gearing, tapered fork legs, and extra-wide 2.3-inch tires, it‚Äôs ready to be put to the test.  Great bike however son no longer rides BMX anymore.",,,,,,,,,,
3955,30.0,orangecounty,https://orangecounty.craigslist.org/bik/d/bellflower-girls-kids-bikes/7461787896.html,2022-04-18 16:42,Girls/kids bikes,,,,,0,,,,,,,,,,,
3956,800.0,orangecounty,https://orangecounty.craigslist.org/bik/d/costa-mesa-lectric-bikes/7472947196.html,2022-04-18 15:40,Lectric Bikes, aluminum, folding, one size fits all, 20 in,0,Lectric Bike Purchased in the last 90 days.  This was ws ridden one time and its been parked in the garage ever since., disc (mechanical), like new, pedal assist, other/unknown, Lectric Bike, XP, suspension fork (hardtail),,,
3957,70.0,orangecounty,https://orangecounty.craigslist.org/bop/d/huntington-beach-bike-rack-holds-bikes/7462940645.html,2022-04-18 14:59,"Bike rack holds 4 bikes s and fits in a 2"" hitch",,,,,6,"Bike rack holds 4 bikes and fits in a 2"" hitch   pandy",, good,,,,,,,,
3958,300.0,orangecounty,https://orangecounty.craigslist.org/bik/d/costa-mesa-se-bikes-everyday/7472905875.html,2022-04-18 14:07,SE Bikes Everyday,,,,,0,,,,,,,,,,,
3959,60.0,orangecounty,https://orangecounty.craigslist.org/bik/d/costa-mesa-public-bikes-sprout-mini/7469602347.html,2022-04-18 10:51,Public Bikes Sprout Mini Balance Bike,,,,,0,,,,,,,,,,,
3960,785.0,orangecounty,https://orangecounty.craigslist.org/bik/d/long-beach-thule-easyfold-platform-rack/7464795999.html,2022-04-18 10:31,"Thule Easyfold. platform rack great for E-bikes,has fold away ramp,", other/unknown, other, 222, other/unknown,6,"Thule Easyfold. platform rack great for E-bikes,has fold away ramp,locking clamps to hold bikes rack is $1000 out the door $765  show contact info",,,,,,,,,,
3961,575.0,orangecounty,https://orangecounty.craigslist.org/bik/d/long-beach-electra-mod-3i-beach-cruiser/7467010998.html,2022-04-18 10:31,"Electra Mod 3i  beach cruiser tank bike ,aluminum frame 26 inch,bikes", aluminum, cruiser, 26, 26 in,8,"Electra Mod 3i  beach cruiser tank bike ,aluminum frame 26 inch,bikes in good condition $525  show contact info",,,,,,,,,,
3962,550.0,orangecounty,https://orangecounty.craigslist.org/spo/d/thule-t2-hitch-bike-racks-with/7471467651.html,2022-04-17 21:07,Thule T2 Hitch bike racks with extension for 4 Bikes,,,,,4,"Thule T2 with extension for 4 Bikes Platform Hitch Bike rack in excellent condition.   This fits 2"" receiver.   New one costs abt $ 900, but I'm asking only $550.   Features: - Carrier easily folds when not in use and tilts away from vehicle for rear access due to the HitchSwitch lever - Secure bikes quickly without frame contact with the frame free ratcheting arm - Bike to bike interference is eliminated with fully adjustable bike mounts - Ideal for carbon frames, mountain, downhill, and fat bikes as it fits 20 - 29 inch wheels and up to 5 inch tires without adapters - Carries 4 bikes  I'll delete this ad right after I sell it.   If you see this ad, you don't have to ask if this is still available. Thanks a lot.",, excellent,,,,,,,,
3963,3400.0,orangecounty,https://orangecounty.craigslist.org/snw/d/aliso-viejo-super-73-electric-bikes-new/7472559910.html,2022-04-17 17:48,Super 73 Electric Bikes New,,,,,0,Super 73 Electric Bikes New  more pics coming,,,,,,,,,,
3964,25.0,orangecounty,https://orangecounty.craigslist.org/spo/d/capistrano-beach-universal-battery/7472541253.html,2022-04-17 16:33,"Universal Battery Charger 24 Volts for electronic bikes, scooters, toys and elec",,,,,0,"Universal Battery Charger 24 Volts for electronic bikes, scooters, toys and electronic wheel chairs.",, excellent,,,,,,,,
3965,180.0,orangecounty,https://orangecounty.craigslist.org/bik/d/westminster-trek-precaliber-24-youth/7468907141.html,2022-04-17 14:14,Trek Precaliber 24‚Äù Youth Bikes, alloy, mountain, Small, 24 in,6,"I‚Äôm good condition, 21 speed, 3x7, $180 OBO",,,,,,, suspension fork (hardtail),,,
3966,300.0,orangecounty,https://orangecounty.craigslist.org/bik/d/newport-beach-folding-bikes-for-sale/7472488845.html,2022-04-17 13:34,FOLDING BIKES FOR SALE, alloy, folding, 20 inch, 12 in,2,2 GIANT brand 12 speed folding bikes for sale. We‚Äôre $450 each new. Asking $300 each with carry cases., caliper, like new,,, GIANT, Express,,,,
3967,799.0,orangecounty,https://orangecounty.craigslist.org/bik/d/fullerton-custom-raleigh-tokul-xc-bike/7472468346.html,2022-04-17 12:34,Custom Raleigh Tokul 2 XC bike ( free extra fork) ( pedals included), aluminum, mountain, Large, 27.5 in,11,"A 27.5‚Ä≥ aluminum frame hardtail crosscountry bike with mid-range components, priced in the middle of the Tokul model range. Its a very capable bike. This is also the bike that lead me to be being sponsored by Commencal when you buy this bike you will get 2 forks, u will get an extra 100mm fork for free. This bike also recently got a full maintenance and peak performance, changed any old parts with new and better parts. ( That cost me $250). When you buy this bike it will be already washed checked thru all the bearings and be at its top performance and look. ( a lot of custom parts, fork, grip, pedal, brakes) ( pedals included)   Specs: Frame	 Alloy 6061 MTB with DISC Mount, Formed Tubing  Fork	 1.RC2 pro XC 120mm Air.( the fork thats on the bike when u buy) 2.SR Suntour XCM HLO, 30mm Stanchions, 100mm Travel( free fork included)   Bottom Bracket	 Sealed Cartridge Bear BB( just changed a new one so its super smooth.)  Headset	 FSA NO.11N  Stem	 Alloy 31.8 Bar Bore, 40mm Length  Handlebar	 Alloy 740mm Wide, 15mm Rise, 31.8 Bar clamp  Saddle	 Raleigh MTB ultra soft saddle   Seatpost	 Alloy 30.9x350mm  Pedals	 Bontrager Line Elite MTB pedal   Grips	 Black BMX   Groupset: Rear Derailleur	 Shimano Alivio  Crank	 Alloy Crank with Narrow Wide Chainring 32 Tooth  Shifters	 Shimano M4000 Altus Shadow  Cassette	 32 Tooth Alloy  Chain	 KMC Z9  Brakes	 Shimano MT200  Brake Levers	 Shimano MT200 Hydraulic Disc  Wheels: Rims	 Weimann U28  Spokes	 14g - 259/260mm  Front Hub	 Alloy Disc, 32H, 100mm  Rear Hub	 Alloy Disc, 32H, 135mm  Tires	 Vee Tire Co. Crown Gem 27.5x2.3", disc (hydraulic), excellent, none, riser, Raleigh Bikes, Raleigh Tokul 2, suspension fork (hardtail), UUK19C01204,,
3968,45.0,orangecounty,https://orangecounty.craigslist.org/bop/d/garden-grove-bikes-chain-guard-fender/7463094203.html,2022-04-17 11:43,Bike's chain guard fender fenders bicycle chain-guard bike bikes,,,,,3,714-two 30-93 eight o    Chain-guard Fenders  All go together  $45 pickup,,,,,,,,,,
3969,100.0,orangecounty,https://orangecounty.craigslist.org/bop/d/garden-grove-wheels-set-aluminum-rims/7460593365.html,2022-04-17 11:43,Wheels set aluminum rims tires bike bicycle wheel bikes bicycles,,,,,4,"714-two 30-93 eight o   Aluminum rims  Off from Electra (see last photo) wheels set ONLY  wheels set ONLY Good condition  Ready to role 26 in (see photos) 7 speeds cassette  $100 firm ,pickup",,,,,,,,,,
3970,2599.0,orangecounty,https://orangecounty.craigslist.org/bik/d/bellflower-revi-bikes-retro-electric/7462791530.html,2022-04-17 09:37,Revi Bikes Retro Electric Bike Cheetah Ebike Vintage E-Bike,,,,,0,,,,,,,,,,,
3971,250.0,orangecounty,https://orangecounty.craigslist.org/bik/d/anaheim-mountain-bikes/7472405567.html,2022-04-17 09:34,mountain bikes, alloy, mountain, 24 inch, 26 in,4,Men and Womens mountain bikes Shimano gears 18 speed $175..00 cash only for both.. can sell separate.. 150.00 for shogun and $60.00 for Palos MTN Sport   mens shogun celeste metro- 24 inch frame: chromoly double butted joints... comes with tool kit.. lock and key Moving Sale.. if add is up its still available..,,,,,,,,,,
3972,35.0,orangecounty,https://orangecounty.craigslist.org/vgm/d/brea-hollywood-bike-rack-trunk-mount/7463656011.html,2022-04-17 08:27,Hollywood Bike Rack Trunk Mount Carrier 2 Bikes,,,,,0,Text only please. show contact info   Pickup location is in Brea area code 92821     Tags: Super Smash Bros Ultimate Melee Brawl Nintendo Wii U Switch Mario Luigi Peach Toad Switch white,,,,,,,,,,
3973,110.0,orangecounty,https://orangecounty.craigslist.org/bop/d/laguna-niguel-thule-camber-hitch-rack/7468430205.html,2022-04-16 20:32,Thule Camber Hitch Rack HOLDS 4 BIKES 515-0109,,,,,4,"Greetings Bike Riders. I am selling a Thule Camber Hitch 4 Bike Rack model number 515-0109. It is good working condition. I have a car that doesn't have a trailer hitch so I am passing this rack on.  Serious inquiries only. Contact me via craigslist email, by phone (please leave a message if I don't pick up) or text. Thank you for looking  Please: Cash from local buyers only. NO Western Union, Moneygram, wire transfer, cashier check, money order, ads or scammers. do NOT contact me with unsolicited services or offers",, good,,, Thule, 515-0109,,," racks, fenders, bags",
3974,2.0,orangecounty,https://orangecounty.craigslist.org/bik/d/huntington-beach-each-kids-bikes/7468902082.html,2022-04-16 20:23,‚≠ê$2 EACH!!!!! Kids Bikes Bicycles Boys And Girls In HB,,,,,0,,,,,,,,,,,
3975,100.0,orangecounty,https://orangecounty.craigslist.org/bik/d/costa-mesa-two-schwinn-21-speed-bikes/7469589972.html,2022-04-16 17:18,Two Schwinn 21-Speed Bikes, aluminum, mountain,,,4,Two Schwinn 21-speed mountain bikes. Both in good shape but need new inner tubes in tires.   Asking $100 each or best offer!  Email or text 95l-2Ol-7433,, good,,,,,,,,
3976,499.0,orangecounty,https://orangecounty.craigslist.org/bik/d/san-juan-capistrano-nakto-emoji/7472240731.html,2022-04-16 16:45,"Nakto, emoji, discovery Electric bikes, low price free delivery!", other/unknown, other,,,0,"Happy New Year !   Nakto, Discovery & Emoji + other brand E- bikes ! We have a bunch of different styles in our warehouse located in San Juan Capistrano.  We Constantly have stock of our bikes , They start at 499$ and go up depending on style and watts etc. Different models / colors / sizes...  500 watt - 750 watt motor and 48 volt batteries.  The best thing to do is to make an appointment with me to come by the warehouse to see and ride them ' try them out &  pick your favorite style and color  My name is Hans & my cell # is 949 254 66 four four. THANK YOU",,,,,,,,,,
3977,1.0,orangecounty,https://orangecounty.craigslist.org/bid/d/long-beach-250-new-built-bikes-hybrid/7472211453.html,2022-04-16 15:12,250+ NEW BUILT BIKES! HYBRID MTB ROAD FIXIE CRUISER CITY COMFORT KIDS!, other/unknown, other, All Sizes, other/unknown,7,"Plenty of Bikes 3301 E Hill St, Ste 404 Signal Hill, CA 90755 562-275-3732 http://www.plentyofbikes.com  *** BIKES, PARTS, ACCESSORIES, & SERVICE ***  Please check our website www.plentyofbikes.com for a complete list of bikes available and hours/directions.   Regularly stocking over 200 assembled bikes in store, as well as Thule, Yakima, Saris and Hollywood car racks, plus hundreds of parts/accessories!   Local pickup available in our store in Signal Hill, CA. Cash and all major credit cards (Visa, Mastercard, Discover, AMEX), Apple Pay and Android Pay accepted.  ---------------------------------------------------------------  We are an authorized bicycle dealer for over 20 brands including:  Fuji | SE | Breezer | Tuesday | Phat | KHS | Manhattan | Free Agent | EVO | 6KU | Aventon |Populo | ZF Bikes | Golden | Throne | Firmstrong | XDS | Micargi | Dahon | Montague | Raleigh | Redline | Diamondback | Frog | Del Sol | Haro | Reid | Retrospec | Brooklyn Bicycle Co | Seven Peaks | Batch | Marin | Elite BMX",, new,,, 20+ Brands!,,,,,
3978,179.0,orangecounty,https://orangecounty.craigslist.org/bik/d/huntington-beach-x-brand-new-folding/7472171396.html,2022-04-16 13:46,2 X BRAND NEW FOLDING BIKES w/6 Shimano speeds + Case,,,,,0,,,,,,,,,,,
3979,100.0,orangecounty,https://orangecounty.craigslist.org/bik/d/foothill-ranch-bikes/7472088879.html,2022-04-16 10:42,Bikes, other/unknown, track, .., other/unknown,2,2 bikes $100,,,,,,,,,,
3980,50.0,orangecounty,https://orangecounty.craigslist.org/spo/d/newport-beach-steadyrack-wall-mounts/7467861856.html,2022-04-16 10:40,2 SteadyRack wall mounts for bikes,,,,,2,"I have 2 of these for sale. Selling Both for $50. They retail for $75 each.  They are bike racks you screw into your wall, super easy to install and then just roll your bike right in.   https://www.walmart.com/ip/Steadyrack-Classic-Rack-Vertical-Bike-Storage-Rack/49550975?irgwc=1&sourceid=imp_y0gzMMTirxyIR5E2d%3A2cd0vRUkGVS9xWIymFS40&veh=aff&wmlspartner=imp_150372&clickid=y0gzMMTirxyIR5E2d%3A2cd0vRUkGVS9xWIymFS40&sharedid=&affiliates_ad_id=568861&campaign_id=9383",, good,,, SteadyRack,,,,,
3981,799.0,orangecounty,https://orangecounty.craigslist.org/mcd/d/temecula-dirt-bikes-50-off-all-dirt-bike/7472025049.html,2022-04-16 08:34,DIRT BIKES 50% OFF ALL DIRT BIKE,,,,,24,"CHECK OUT OUR WEBSITE FOR UPDATES ON OUR INVENTORY.  WWW.REBELRACINGMOTORSPORTS.COM  NEW DIRT BIKES ON SALE NOW, SEMI AUTO OR CLUTCH STARTING AT $799.99 PLUS FEES. WHILE SUPPLIES LAST. GRAPHICS ARE OPTIONAL. WE STOCK ALL PARTS, ASSEMBLED IN THE U.S.! TRAINING WHEELS AVAILABLE, WE ARE THE LARGEST WHOLESALER IN THE U.S. SINCE 1995.  70cc NO CLUTCH $1599.99 ON SALE $799.99 - IN STOCK  70cc AUTO (SAME SIZE AS 50cc) $1799.00 ON SALE $899.99 - IN STOCK  110cc NO CLUTCH $2199.99 ON SALE $1099.99 - IN STOCK  125cc NO CLUTCH $2399.99 ON SALE $1199.99 - IN STOCK  125cc W/ CLUTCH $2399.99 ON SALE $1199.99 - IN STOCK  125cc NEW FRAME FULL AUTO $2399.99 ON SALE $1199.99 - IN STOCK  125cc BIG WHEEL W/ CLUTCH $2599.99 ON SALE NOW 50% OFF - IN STOCK  140cc FULL SIZE W/ CLUTCH $3399.99 ON SALE $1699.99 IN STOCK   THIS IS AN INVENTORY BLOWOUT SALE, OFFER GOOD WHILE SUPPLIES LAST. MUST BUY FROM DEALER INVENTORY ALL COLORS IN STOCK. NO SPECIAL ORDERS  WE ARE LOCATED AT 28822 OLD TOWN FRONT ST. SUITE #201 TEMECULA, CA. 92590.FEEL FREE TO CALL TODAY! (951) 699.3110. WE ARE CLOSED SUNDAYS AND MONDAYS.  WE ACCEPT ALL MAJOR CREDIT CARDS!  WWW.REBELRACINGMOTORSPORTS.COM  CHECK US OUT ON FACEBOOK TOO! www.facebook.com/RebelRacingMotorsports/     Keywords, Ducati Honda Harley Davidson Zuma Metropolitan Scooter Vespa Kawasaki Suzuki Ruckus Panigale Yamaha YCFR1 CBR GXR 49CC 50CC 125CC 149CC 150CC ATV PIT BIKE GO KART GROM pocketbike, pocketbikes, pocket bike, pocket bikes, Super Bike, Dirt Bike, dirtbike, superbike, xr, xr50, 50cc, 70cc, 90cc, 100cc, 110cc, 125cc, 150cc, Pit Bike, pitbikes, Honda, Yamaha, Go Cart, GoCart, GOPED, DIRT BIKE, DIRT BIKES, DIRT, MINI BIKE, MINI BIKES, POCKET BIKE, POCKET BIKES, YSR, GOKART, GOKARTS, GO-KARTS, 50, STUNT BIKE, STUNT BIKES, STUNT, SICK BIKE, SDG, BBR, ATV, crf50, crf, Chopper Mini, COOLSTER, TAOTAO tao motors , boulder, 125d,135d, Tforce, cheeta, bull, rhino, 110cc atv, 125cc atv, 135cc atv , 150cc atv, 250cc atv, 10cc dirt bike, 110cc atvs, 125cc atvs, 135cc atvs, 150cc atvs, 250cc atvs, 50cc dirt bikes, 50cc dirt bike, 110cc dirt bikes, 125cc dirt bikes, XR-125, M-125, QG-214,QG-214FC, QG-214S, ATV-3125C-2, 3125R, ATV-3150DX-4, ATV-3150CXC yz125, yz250, ttr, ttr230, ttr110, ttr50, pw50, suzuki, drz70, drz125, kids dirt bike, kx, crf50, crf110, crf125, crf150, crf230, crf250, klx110, klx140, yz85, pit bike, dirt bike, quad, atv, kids atv, kids atvs, dirt bike for kids, kids dirt bike, kids dirt bikes, full size dirt bike, mini bike, 50cc, 125cc, 110cc, 150cc, 200cc, 250cc, honda crf, kawasaki, yamaha, off road, chinese, cheap motorcycle, coolster, ssr, taotao, tao tao, db14, db17, pocket bike, Pit bike, dirt bike, 70cc, 50cc, 49cc, 80cc, 90cc, 110cc, 125cc, honda yamaha vespa kymco elite riva sym piaggio aprillia scarabeo moped scooter mini bike ssr coolster crf50 crf80 ssr, coolster, tao tao, 125cc, 110cc 90cc 70cc dirt bike pit bike bashan honda kawasaki mini bike, motorcycle, motorbike, kids dirt bike off road 250cc 200cc 190cc 150cc utv crf50 crf70 crf90 crf125 crf150 crf250 crf450 cr125 kx125 kx50 pw50 yamaha, quad, atv, kids quad, kids atv, off road, 125cc dirt bike, 125cc pit bike, 110cc dirt bike, 110cc pit bike, 70cc dirt bike, 70cc pit bike, 150cc dirt bike, 140cc pit bike, 200cc dirt bike, 250cc dirt bike, 90cc dirt bike Temecula, California, Menifee, Murrieta, wildomar, lake elsinore, perris, inland empire, riverside, san Bernardino, palm springs, desert , youth atv, youth quad, Apollo kids quad, apollo atv, apollo atv, apollo atvs, apollo quads, Apollo dirt bike, apollo pitbike, apollo kids dirt bike, apollo kids pitbike, apollo pocket bike, apollo kids pocket bike, tao tao dirt bike, tao tao kids dirt bikes, tao tao kids dirt bike, tao tao kids quad, tao tao kids atv, tao tao kids atvs, coolster dirt bike, coolster dirt bikes, coolster kids dirt bike, coolster kids dirt bikes, coolster atvs, coolster atv, coolster kids atv, coolster kids atvs, coolster kids quad, coolster kids quads. Are you looking for a discounted Scooter in *San Diego* *Redlands* *El Cajon* *Riverside* *San Bernardino* *Moreno Valley* *Mo val* * Mo-Val* *Corona* *Chino* Ontario* *Rancho* *Cucamonga* *Rancho Cucamonga* *Rialto* *Fontana* *Hemet* *Palm Springs* *Morongo Valley* *Yucca Valley* *Palm Desert* *Desert Hot Springs* *Apple Valley* *Coasta Mesa* *Pomona* *Anaheim* *Irvine* *Long Beach* *Torrance* *Los Angeles* *Santa Monica* *Pasadena* *Chula Vista* *Carlsbad* *Chula Vista* *Coronado* *Del Mar* *El Cajon* *Encinitas* *Escondido* *Imperial Beach* *La Mesa* *Lemon Grove* *National City* *Oceanside* *Poway* *San Diego* *San Marcos* *Santee* *Solana Beach* *Vista* Escondido* Carlsbad* our special deals on our scooters will save you from having to drive as far to get a great deal. Susanville, Sacramento, clovis, grass valley, OHIO, COLUMBUS, MARYSVILLE , Over land Park Kansas, St Louis MO, San Diego,Prescott, Arizona, Phoenix, Vespa, Moped, Motorcycle, Motor Scooter, Scooter, Scooters Motorized Bicycle, Pre-Owned Scooters, Piaggio Scooters, Genuine Scooters, Vespa Scooters, moped, vespa scooter, piaggio scooter, aprilia scooter, motoguzzi, bsa, Norton, royal enfield, triumph Bonneville, triumph thruxton, genuine buddy scooter, genuine stella scooter, genuine blur scooter, kymco like scooter, kymco super 8 scooter, kymco agility scooter, kymco people scooter, sym wolf 150, sym hd 200 hd200, sym fiddle scooter lance cali classic scooter, lance Havana scooter, lance pch scooter, lance cabo scooter, Honda ruckus scooter, Honda elite scooter, Honda grom scooter, Yamaha zuma scooter, Yamaha riva scooter, Yamaha vino scooter, caf√© racer, royal enfield, Suzuki gsxr gsx r , Honda cbr, ysr, Honda rebel 250, 50cc scooter moped, 125cc scooter moped, 250cc scooter moped, tao tao scooter, tank scooter, bms scooter, flyscooter flyscooters, znen scooter, ssr motorsports, ssr scooter, Italian scooter, electric scooter, electric moped, trike, three wheel scooter, sprint scooter, vespa p200, stella scooter, mini bike, pit bike, dirt bike, endure bike, zero motorcycle, scooter Genuine Buddy, Stella, Vespa, Honda, Yamaha, Piagio, Vino, Ruckus 50 125 SYM, Vespa, Buddy, Scooter, Scooter repair, Classic, 250, 150,Genuine Scooter service LX PX Rally, Lambretta, Motorcycle, Scooter, Training, Lessons, Classes, Course, Instruction, School, Los Angeles, M1, DMV, Honda, Rebel, Nighthawk, CB, 250, CB250, 300, CB300, 350, CB350, Suzuki, GS, GN, 125, GS250, GN125, GN250, Kawasaki, Ninja, Eliminator, Vulcan, 500, EN500, Yamaha, Star, Sym, Vespa, Piaggio, Kymco, Aprilia, Buddy, PCX, Metropolitan, Benelli, Peugeot, Hyosung, Zuma, Majesty, Ducati Honda Harley Davidson Zuma Metropolitan Scooter Vespa Kawasaki Suzuki Ruckus Panigale Yamaha YCFR1 CBR GXR 49CC 50CC 125CC 149CC 150CC ATV PIT BIKE GO KART GROM pocketbike pocketbikes pocket bike pocket bikes Super Bike Dirt Bike dirtbike superbike xr xr50 50cc 70cc 90cc 100cc 110cc 125cc 150cc Pit Bike pitbikes Honda Yamaha Go Cart GoCart GOPED ,DIRT BIKE,DIRT, MINI BIKE, POCKET BIKE, YSR, GOKART, 50, STUNT BIKE, STUNT, SICK BIKE, SDG,BBR ATV crf50 crf Chopper Mini",,,,,,,,,,
3982,199.0,orangecounty,https://orangecounty.craigslist.org/bik/d/los-alamitos-mountain-bikes-26-inch/7468932735.html,2022-04-16 01:14,"Mountain Bikes 26 inch Wheel 21 Speed Shimano Mountain Bike with Suspension,Alum", aluminum, mountain,,,13,"New in box. Warehouse sale! Birthday Gift  * 		More Travel, More Control: Unlike other bikes, OBSOO mountain bicycle features genuine Shimano 21-speed shifters that give enough choice to help you crest any hill with ease; The trigger shifters are smooth and offer precise shifts by moving your finger * 		Durable and Stable Frame: Strength and durability steel frame keeps you in control and comfortable over rugged terrain, mud, dirt and mountain trails; The front suspension will help to take the pressure off your hands and arms even on the toughest trails; Suggested rider height: 5' 8"" to 6' 2"" and weight up to 330 pounds * 		Comfortable Design: 27.5"" large Wheels roll over rugged terrain with balance and stability, giving you the momentum to tackle technical climbs and the confidence to fly on fast, rugged singletrack descents; Saddle and seat post can easily be adjusted to suit different heights * 		Easy to Assemble: 85% pre-assembled, user manual offers specific videos and images, and assembly tools will help install the mountain bike at home in less than 30 minutes, you just need to install the front wheel, handlebar, pedals and seat *  Mountain bike 21 Speed bike 3 spoke wheel",, new,,,,,,,,
3983,199.0,orangecounty,https://orangecounty.craigslist.org/bik/d/los-alamitos-mountain-bikes-26-inch-21/7468932397.html,2022-04-16 01:14,Mountain Bikes 26 inch 21 Speed Shimano Aluminum Alloy Steel Frame Mountain Bike, aluminum, mountain,,,14,"New in box. Warehouse wholesale  *  * 		UNIQUE DESIGN:26 inch folding mountain bike adopts lightweight but durable steel luminous frame,scratch-resistant and wear-resistant,nice paint with luminous design,suitable for night riding. * 		EASILY FOLD UP:21 speed mountian bike adopts foldable design,you can fold it up in seconds,smaller size, more convenient transportation and storage,suitable for outdoor riding,transport to work,doing exercise ect. * 		STEADY AND RELAXING RIDING:City cruiser mountain bike adopts full suspension,sturdy frame,double alloy rim,quality knotty rubber chaoyang tire,great shock absorber,Effectively avoid bumps and tilts, easily tear off the off-road track and enjoy riding. * 		GREAT RIDING PERFERMANCE:Foldable mountain bike with 21 speed professional shimano gearbox,front 3 gears and rear 7 gears help you easily conquer various road conditions,front and rear dual disc brake will help you control and stop your bike as will. * 		PROFESSIONAL SERVICE TEAM:AOA mountain bike is 85 percent pre-assembled,quality d,if you have any questions,please contact us feel free,and we will solve it with professional rely,providing you with better purchase. * 		Wheel size: 26.0 inches Mountain bike  21 speed Folding Mountain Bike Mountain Bikes 26 inch 21 Speed Shimano Aluminum Alloy Steel Frame Mountain Bike with Suspension Fork,Dual Disc Brake Hybrid Cruiser Bicycles", disc (mechanical), new,,,,,,,,
3984,60.0,orangecounty,https://orangecounty.craigslist.org/bik/d/placentia-hollywood-bike-rack-4-bikes/7467940337.html,2022-04-15 15:27,Hollywood Bike Rack 3-4 Bikes Will Fit Any Car Truck Van SUV Sedan Cou, alloy, other,,,3,Will fit 3-4 bikes,,,,,,,,,,
3985,475.0,orangecounty,https://orangecounty.craigslist.org/bik/d/fountain-valley-folding-bikes/7471812417.html,2022-04-15 15:26,Folding e bikes, aluminum, folding, Folding, 14 in,0,Only have 5 miles and 12 miles on these Swagway electric folding bikes! Like new. I have 2 for sale. Model is EB 7 elite,,,,, Swagway, Eb7 elite, other/unknown,,,
3986,150.0,orangecounty,https://orangecounty.craigslist.org/bik/d/costa-mesa-adult-diamondback-edgewood/7471720226.html,2022-04-15 12:02,Adult Diamondback Edgewood, alloy, hybrid/comfort," L/19""", 700C,0,"Two year old seldom used Diamondback Edgewood for sale. Light blue color. Single owner. Has rear rack(not shown) installed. BRAKE TYPE: Alloy Linear Brakes SHIFTER: Shimano EF-51 Easyfire Shifter Featuring 3x7 Gearings (21speed) SADDLE: DB Deluxe Hybrid Double-Density Base RIMS: 32h SSW700 Alloy Double Wall with 14-gauge Steel Spokes TIRES: Kenda Cross, 700x40c  Diamondback has specifically designed the Edgewood Hybrid for casual riders that want notable performance and ease of use. The designers at Diamondback combined a relaxed seating position, most often attributed to comfort bikes with the higher quality components and the smooth-rolling wheels of a traditional road bike. The result is a bike with a fantastic ride and a bit of road moxie.  The Diamondback Edgewood Hybrid also shines as a user-friendly model for our older riders. The low standover height of the frame makes for easy on and off. The upright riding position inspires rider confidence and makes for more attentive biking, which makes it a safe bike to ride.", cantilever, like new, none, cruiser, Diamondback Bikes, Edgewood, suspension fork (hardtail), 00020002,,
3987,400.0,orangecounty,https://orangecounty.craigslist.org/bik/d/brea-volume-cutter-fixed-gear-bike/7471602967.html,2022-04-15 08:25,Volume Cutter Fixed Gear Bike, steel, track, 58 cm, 700C,6,Volume Cutter V1 Fixed Gear Bike  58cm V1 Volume Cutter frame and fork. Full heat treated 4130 frame and fork with track like geometry. Integrated head tube and euro bb. Just had her tuned up and rides like new!   Frame: Volume 4130 heat treated crmo Fork: Volume 4130 heat treated crmo Cranks: 165 Aluminum Drivetrain: 48tx16t fixed (flip flop w/ Shimano freewheel) Seat: Velo  Stem: Salsa Handlebar: Aluminum drop bar w/ new cork tape  Tires: Continental Top Contact 700x28 Wheels: High flange 3/8 hubs w/ double walled rims, none, excellent, none, drop, Volume Bikes, Cutter V1, none (rigid),,,
3988,25.0,orangecounty,https://orangecounty.craigslist.org/bop/d/tustin-bike-rack-add-on-bikes/7464219990.html,2022-04-14 18:42,Bike Rack add on 2 bikes,,,,,3,Please Call 7one4 8three2 77three5  Bike Rack add on 2 bikes Good Condition $25.00 obo./ Please Call 7one4 8three2 77three5,,,,,,,,,,
3989,100.0,orangecounty,https://orangecounty.craigslist.org/bop/d/irvine-saris-bones-rs-bikes-trunk-rack/7471362337.html,2022-04-14 14:21,SARIS BONES RS 3 BIKES TRUNK RACK,,,,,0,"SARIS BONES RS 3 BIKES TRUNK RACK, FIT MOST CAR AND HATCH BACK, MADE IN USA, GREAT SHAPE, COME WITH LOCK KEY",,,,,,,,,,
3990,1399.0,orangecounty,https://orangecounty.craigslist.org/bik/d/costa-mesa-electric-scooter-fat-tire/7471150527.html,2022-04-14 07:27,Electric Scooter Fat Tire Electric Scooter,,,,,0,,,,,,,,,,,
3991,1700.0,orangecounty,https://orangecounty.craigslist.org/bik/d/san-clemente-two-fuji-sanibel-bikes/7470995997.html,2022-04-13 16:57,Two Fuji Sanibel E-bikes (men's & womens), aluminum, cruiser," Mens 18"" & Womens 16""", 18 in,2,"Men's 18"" & womens 16"" Stepthru Fuji Sanibel E-bikes. 250 watt power hub. Hydraulic brakes. Girls bike has 6 to 8 total hours and mens maybe 20 to 24 hours. Like new. Woman's bike has basket. Perfect for neighborhoods without steep hills.", disc (hydraulic), like new, pedal assist,, Fuji, Sanibel,, FZ18GY0047,,
3992,234.0,orangecounty,https://orangecounty.craigslist.org/bik/d/anaheim-panama-jack-beach-cruiser-bikes/7470853494.html,2022-04-13 11:39,2 Panama Jack Beach Cruiser bikes,,,,,0,,,,,,,,,,,
3993,80.0,orangecounty,https://orangecounty.craigslist.org/bik/d/foothill-ranch-mongoose-index-bmx-bikes/7470576514.html,2022-04-12 17:44,2 Mongoose Index BMX bikes $80 each, alloy, bmx,,,4,Good condition new back tire on blue bike. 1 Blue BMW with new back tire and 1 Silver. - Buy both for $150 lock included.  show contact info,, good,,,,,,,,
3994,100.0,orangecounty,https://orangecounty.craigslist.org/for/d/santa-ana-bike-rack-for-bikes/7470183488.html,2022-04-11 21:40,BIKE  RACK FOR 2 BIKES,,,,,2,BIKE  RACK FOR 2 BIKES $100. Must have a hitch for this rack. Hitch not included.,,,,,,,,,,
3995,1.0,orangecounty,https://orangecounty.craigslist.org/bik/d/huntington-beach-bikes/7465276254.html,2022-04-11 19:22,Bikes, steel, cruiser, Standard, 24 in,7,Vintage Beach Cruiser Tandem - vintage old school steel frame tandem from the 1970‚Äôs  ~$175  Cannondale Mountain Bike ~ $75,,,,,,,,,,
3996,7825.0,orangecounty,https://orangecounty.craigslist.org/bid/d/aliso-viejo-stealth-electric-bike-2021/7470084176.html,2022-04-11 15:40,Stealth Electric Bike 2021 P7-R Long Range, other/unknown, other, N/A, 24 in,3,"Brand new 2021 Model! Upgraded Red P7-R Long Range Power: 1.5 kW Range: 90 miles Top Speed: 28 mph (on average) Price: $7,825 plus applicable taxes  This is an authentic Stealth Electric Bike designed and built in Australia. Backed with factory warranty and financing available. 2021 brand new model! Available in black/red with a kickstand. *Limited Inventory*  Visit your local dealer at Stealth OC in Laguna Niguel today! http://stealthoc.com  M-F 9 am-5 pm (949)215-2348  27671 LA PAZ RD. #100, Laguna Niguel, CA 92677",, new, pedal assist,, Stealth Electric Bikes, P7-R Long Range,,,,
3997,1150.0,orangecounty,https://orangecounty.craigslist.org/bik/d/surfside-driven-dockside-500-folding/7464473877.html,2022-04-11 12:57,Driven Dockside 500 Folding Bike, aluminum, other, Electric Bike, other/unknown,2,"This is a folding bike with a 54 Volts fully charged 13 Amp Samsung battery pushing a 500-watt motor. 4 inch wide tires so the ride is nice & smooth. It has 7 speeds which will help you climb hills really easy. Range is estimated 30-40 miles with level 1. Charging time is about 5-6 hours. Lights in the front & back of the bike and has pedal assist 5 level throttle. I bought this bike in February 2022 for $1500.00. Easy to fold and put in your trunk. Lot's of fun and easy to use.  This bike has a year warranty with Driven, they are located in Costa Mesa.",, excellent, pedal assist, other/unknown, Driven Bikes, Driven Dockside 500,,,,
3998,2299.0,orangecounty,https://orangecounty.craigslist.org/bid/d/anaheim-soul-stomper-saber-electric/7469987383.html,2022-04-11 12:20,Soul Stomper Saber Electric Bikes, aluminum, cruiser, OSFA, 26 in,6,"We have 4 incoming bikes to store that wont last for long, feel free to come by and pre-purchase before they are in store Tuesday Feb 15. Images below  Colors: Soul Saber - Gloss White / Red Rims Soul Saber - Gloss White / Black Rims Soul Saber - Satin Black / Red Rims Soul Miss Saber - White Diamond / Black Rims  6061 T-6 Aluminum Frame Bafang 750W / 1000W Peak Threaded Fork Disc Brakes 7 Speeds Aluminum Rims Aluminum Cranks Shimano Revo Grip Shifter Off Road Tires BMX bars Custom Integrated Battery -48V 10.5ah Samsung (Upgraded) Front Suspension Fork W/Lock out Bottle Opener Soul Saddle HD Weld on Kickstand All wires hidden Lightweight under 60lbs  Bike Craze & Electric Bike Store 1171 N. Kraemer Blvd - Anaheim, Ca 92806 714 744-0266 WEBSITE: bikecraze.com  THE COOL ELECTRIC BIKE STORE!  Authorized Dealer - Full Warranty- Full Service and Custom Builds! Over 3000 Bikes - Scooters - Skateboards available in store or www.bikecraze.com Basic tune up FREE first three months with purchase FREE Bike Craze 24oz Water Bottle with every Bike purchase in store",, new, throttle,, Soul Stomper, Saber, suspension fork (hardtail),,,
3999,20.0,orangecounty,https://orangecounty.craigslist.org/bik/d/orange-boy-bikes/7466057716.html,2022-04-11 12:12,BOY  BIKES, other/unknown, kids, small/ medium, 16 in,0,"BOY BIKE 16"",   $20  Good condition.  Text me @  show contact info",,,,,,,,,,
4000,1400.0,orangecounty,https://orangecounty.craigslist.org/mcy/d/orange-collection-of-14-bikes/7469831506.html,2022-04-11 07:53,collection of 14 bikes,,,,,8,"I have 8 motorcycles that are restored and no longer ride. Would like to sell all but two. Mostly Hondas and Yamahas 1960s to 1986. All prices from $1600 to $5000. The rest of these bikes have pink slips/ clean titles, 2-CL77 rebuilt engines $4500 each They have gas tanks in primer, 1969 CT90 Honda $1600, Reflex setup for trials comp $2500, 3-1974 /1975 TY250 Yamaha Trials 1@ $1800. 1@ $2000, 1@ $3000,  steve",,,,,,,,,,
4001,700.0,orangecounty,https://orangecounty.craigslist.org/bik/d/garden-grove-se-bike-26-blocks-flyer/7459722535.html,2022-04-10 22:39,"SE Bike 26"" Blocks Flyer Black", aluminum, bmx, 68mm, 26 in,3,"Hello, I am selling my SE Blocks Flyer 26"" that's in excellent almost brand new condition. No dings, dents, or scratches. Perfect for cruising on a nice sunny day in the neighborhood or at the beach.   $700, not looking to trade at this time. payments accepted: cash, zelle, venmo, cashapp, paypal    If interested, please feel free to send me an email and leave a name & number and I will get in contact via text message as soon as I'm able to. Thanks.   Specs:  Color: Stealth Mode Black  Frame:	6061 Aluminum Floval Tubing, Internal Head Tube, 68mm Wide Mid Bottom Bracket, Wide Rear Stays, SE Wave Dropouts  Fork:	Landing Gear  Top Tube:	22‚Äù  Crank:	SE 3-pc Cr-Mo, 175mm, Sealed Bearing Mid Bottom Bracket, 150mm Spindle Length, 19mm Spindle Diameter, 39T SE Sprocket  Grips:	SE BIKELIFE Grips w/ SE Rubber End Plugs  Headset:	FSA No.10, 1-1/8‚Äù Internal Wheelset:	SE Racing Alloy 36H Hubs, Sealed Rear, w/ Double-wall Rims, 17T Freewheel  Seatpost:	Race Rocker Micro-Adjust Alloy, 27.2mm  Stem:	SE BIKELIFE Alloy Top-Load, 55mm Reach  Handlebars:	Big Honkin‚Äô Cruiser Bar, 30‚Äù x 6‚Äù, 10¬∞ Backsweep, 1¬∞ Upsweep  Saddle:	SE Blocks Flyer Seat w/ Super Grippy Top Cover  Pedals:	SE Nylon Fiber Platform  Brakes:	Promax V-Brake  Tires:	SE Bozack, Street Proven Multi Purpose Compound, Wrap Around Urban Tread Pattern, Grooved SE Wing Logo, 26‚Äù x 2.4‚Äù Front & Rear     keywords: beach cruiser big flyer big ripper cult subrosa mountain bike hybrid socal", v-brakes, excellent,, cruiser, SE Bikes, Blocks Flyer,,,,
4002,2099.0,orangecounty,https://orangecounty.craigslist.org/bik/d/costa-mesa-electric-bike-fat-tire/7469528937.html,2022-04-10 11:40,"Electric Bike, Fat Tire Electric Beach Cruiser",,,,,0,,,,,,,,,,,
4003,125.0,orangecounty,https://orangecounty.craigslist.org/bik/d/irvine-schwinn-vintage-road-bikes-63cm/7460698669.html,2022-04-10 08:45,Schwinn vintage road bikes  63cm 27 1 /1/4 tires, steel, road, 63cm, 27 in,4,"2 schwinn road bikes,  both oldies but still rides, . 200 both  for both, this bikes for tall person 6' . sold as is, no codes or digit. Text 949 56eight 780ne1", caliper, fair, none, drop, Schwinn, Road bike, none (rigid), Unknown,,
4004,150.0,orangecounty,https://orangecounty.craigslist.org/bik/d/fountain-valley-kids-bikes/7469330611.html,2022-04-09 20:13,Kids bikes, aluminum, kids, 24, 16 in,5,Two bikes $150 each or $250 for both Shimano gears,, excellent,,, Diamondback, Kids bike, frame and fork (full suspension), Not sure,,
4005,1.0,orangecounty,https://orangecounty.craigslist.org/bid/d/long-beach-250-new-bikes-hybrids-mtn/7469130484.html,2022-04-09 11:00,250+ NEW BIKES! HYBRIDS MTN ROAD FIXIE CRUISER CITY FOLDING & MORE!, other/unknown, other, All Sizes, other/unknown,7,"Plenty of Bikes 3301 E Hill St, Ste 404 Signal Hill, CA 90755 562-275-3732 http://www.plentyofbikes.com  *** BIKES, PARTS, ACCESSORIES, & SERVICE ***  Please check our website www.plentyofbikes.com for a complete list of bikes available and hours/directions.   Regularly stocking over 200 assembled bikes in store, as well as Thule, Yakima, Saris and Hollywood car racks, plus hundreds of parts/accessories!  Local pickup available in our store in Signal Hill, CA. Cash and all major credit cards (Visa, Mastercard, Discover, AMEX), Apple Pay and Android Pay accepted.  ---------------------------------------------------------------   We are an authorized bicycle dealer for over 20 brands including:  Fuji | SE | Breezer | Tuesday | Phat | KHS | Manhattan | Free Agent | EVO | 6KU | Aventon |Populo | ZF Bikes | Golden | Throne | Firmstrong | XDS | Micargi | Dahon | Montague | Raleigh | Redline | Diamondback | Frog | Del Sol | Haro | Reid | Retrospec | Brooklyn Bicycle Co | Seven Peaks | Batch | Elite BMX | Marin",, new,,,,,,,,
4006,800.0,orangecounty,https://orangecounty.craigslist.org/spo/d/capistrano-beach-razor-mx650-pair-of/7468824503.html,2022-04-08 15:35,"Razor MX650 - Pair of bikes for sale, $400 each",,,,,9,We have two MX650's for sale. $400 each. They are in excellent running condition and good cosmetic condition. Both bikes are a year old. Kids de-stickered plastics. Dad took good care of charging batteries and keeping brakes tuned. One could use a new rear tire in the near future. We have 1 charger for each bike.  Cash Pick Up ONLY please. Contact through Craig's list email.  If bike is posted it is available. No need to ask. Thanks!,, good,,, Razor, MX650,,,,
4007,80.0,orangecounty,https://orangecounty.craigslist.org/for/d/anaheim-lot-of-30-bikes-mostly/7468638530.html,2022-04-08 09:40,Lot of 30 bikes mostly $30.00 - $80.00,,,,,9,"I have over 30 bicycles ranging in price of $30.00 to $80.00  Will consider selling the entire lot at a fair offer.  Cruisers, BMX, road bikes, racing bikes and many others.",, good,,,,,,,,
4008,2399.0,orangecounty,https://orangecounty.craigslist.org/bid/d/anaheim-pioneer-w-folding-fat-tire/7468606730.html,2022-04-08 08:42,Pioneer P128 750W Folding Fat Tire Electric Bikes, aluminum, folding, OSFA, 20 in,2,We have 3 left in store  Red Green Black  750W 48V 13ah battery Folding Fat Tire,, new,,, Pioneer, P128,,,,
4009,8.0,orangecounty,https://orangecounty.craigslist.org/for/d/anaheim-schwinn-vintage-road-bikes/7468490203.html,2022-04-08 02:22,Schwinn vintage road bikes white exotic runtz 63cm 27 1 /1/4 tires,,,,,0,,,,,,,,,,,
4010,10.0,orangecounty,https://orangecounty.craigslist.org/tls/d/irvine-bottom-bracket-removal-tool-for/7456445489.html,2022-04-07 23:29,Bottom Bracket Removal Tool for Bikes,,,,,2,"Bottom bracket removal tool includes dust cover removal as well. Fits Shimano 105 crank set  $ 10 cash and carry.  I just replaced my bottom bracket, and it comes with its own tool so don't need this anymore.",, excellent,,,,,,,,
4011,2295.0,orangecounty,https://orangecounty.craigslist.org/sgd/d/electric-the-mid-drive-ebike-that/7468162942.html,2022-04-07 08:45,ELECTRIC! The Mid-drive eBike that Shreds! CyberBike eMountain Bikes!,,,,,15,"Introducing the New 2022 Cyberbike Electric Mountain Bikes   Riders agree: Nothing comes close to Cyberbike's combination of performance, value, style, and quality.  See the Cyberbike Mullet Pro in action HERE! (and here, by popular demand, is last year's intro featuring Division 1 Collegiate Mountain Racer Corey Jackson on the first edition Cyberbike) Order online for fast delivery at www.Cyberbike.com All 2022 Cyberbikes are in stock and ready to shred, Order yours before they're sold out!  More mid-drive power than ever Awesome new color graphic display Easier to ride, lower standover frame, the lowest of any mid-drive eMTB New, structurally superior, mountain ready rear suspension linkage The best brakes in the business, even Quad-piston brakes on some models! Massive brake rotors up to 220mm 34mm gold tube forks on some models up to 140mm travel Wider range of models  A proper e-Mountain bike needs to be mid-drive and have full suspension, it's as simple as that. Until now, if you wanted an electric mountain bike to tackle rugged trails, your choices have been heavy, low-quality, fat tire, hub-motor beach bikes, or legacy brands charging $4000 or more for low-power eBikes without full suspension.   Whether your knees are tired or you just want to shred, there is simply no better choice for performance and value than Cyberbike. An American company with great customer support: Cyberbike, USA. The mountains are calling. Will you answer?  Cyberbike eBikes come all with the quietest and most powerful motor in its class, with a long range (65 miles and more) battery, and powerful e-spec hydraulic disk brakes that will be there when you need them. A lightweight package with 500 watts of power, top-of-the-line battery range, and quality components, all for the price of an inexpensive yet stellar bike! You'll get so much more than other eBikes with the CyberBike, it's the real e-MTB experience for the adventurous rider. Performance, specs, and quality components throughout, and the best warranty in the industry, from an American company with experienced American mechanics on call for all your tech support needs.  54 volt/500 watt climbing power with 13Amp hour Li-Ion battery and only 52 lbs means you'll get power and tons of battery range. Now with available throttle! Now from only $2495 Note: Owning and riding comes with risks. Wear proper protection, properly maintain and check your bike, and ride within your limits. By purchasing our products you agree to take full responsibility for the ownership of your bike, including the above and all other reasonable precautions for yourself or anyone you allow to ride your bike.",, new,,, Cyberbike,,,,,
4012,100.0,orangecounty,https://orangecounty.craigslist.org/bik/d/irvine-16-bikes/7467797164.html,2022-04-06 10:58,"16"" bikes", other/unknown, kids," 16""", 16 in,8,I have 3 bikes 1 Haro 1 trek 1 elite bmx $100 each or $250 for all 3,,,,," Haro, trek, bmx",,,,,
4013,400.0,orangecounty,https://orangecounty.craigslist.org/bop/d/la-habra-grey-flat-bar-single-speed-bike/7460508146.html,2022-04-06 06:17,Grey Flat bar single speed bike,,,,,7,"Grey painted 50 cm ( small frame fits 5.2-5‚Äô7) Flat bar bike with flip - flop hub for either single speed with coaster or fixed gear. The chain ring is 36 for easy peddling, the bike comes with a new helmet sized medium if you need it. The tires are smooth for gravel riding or city streets. I bought it at Jax bike shop in Fullerton for a vacation last year some one please take it off my hands. $400.00 -OBO Have a good day , JP.",, like new,,, Jax bikes,,,,, 50 cm
4014,165.0,orangecounty,https://orangecounty.craigslist.org/bik/d/huntington-beach-11-bikes-for-sale-all/7454771479.html,2022-04-04 16:02,11 bikes for sale-  all complete need some work, other/unknown, cruiser, Adult, 26 in,0,"11 bikes- 1 fixie, 2 mountain bikes, 8 beach cruisers  Fix them and sell, use for parts, whatever you like!    Selling all for bundle deal!",,,,,,,,,,
4015,4400.0,orangecounty,https://orangecounty.craigslist.org/bid/d/anaheim-sur-ron-electric-motor-bikes/7467048690.html,2022-04-04 15:28,Sur Ron X Electric Motor Bikes 2022, other/unknown, other, OSFA, other/unknown,2,"Store  714 744-0266 or Chad 714 747-9584  Hurry they dont last long!  SPECIFICATIONS 	‚Ä¢	LENGTH:¬†1870mm 	‚Ä¢	WIDTH:¬†780mm 	‚Ä¢	HEIGHT:¬†1040mm 	‚Ä¢	MINIMUM GROUND DISTANCE:¬†270mm 	‚Ä¢	WHEELBASE:¬†1260mm 	‚Ä¢	WEIGHT:¬†50kg 	‚Ä¢	FRONT AXLE MASS DISTRIBUTION:¬†24kg 	‚Ä¢	REAR AXLE MASS DISTRIBUTION:¬†26kg 	‚Ä¢	MAXIMUM LOAD WEIGHT:¬†130kg TIRES AND BRAKES 	‚Ä¢	TIRE SPECIFICATIONS (FRONT):¬†70 / 100-19 	‚Ä¢	TIRE SPECIFICATIONS (AFTER):¬†70 / 100-19 	‚Ä¢	RIM TYPE (FRONT):¬†19√ó1.4 	‚Ä¢	RIM TYPE (AFTER):¬†19√ó1.4 	‚Ä¢	BRAKE TYPE (FRONT):¬†to the four-piston hydraulic disc brake 	‚Ä¢	BRAKE TYPE (REAR):¬†to the four-piston hydraulic disc brake  Bike Craze 1171 N. Kraemer Blvd Anaheim, Ca 92806   $4350 in a box (cash out the door) $4400 Built (cash out the door)",, new,,, Sur Ron X,,,,,
4016,105.0,orangecounty,https://orangecounty.craigslist.org/bop/d/irvine-saris-bones-rs-bikes-trunk/7466952682.html,2022-04-04 12:12,SARIS BONES RS 3 BIKES TRUNK/HATCHBACK BIKE RACK,,,,,0,"SARIS BONES RS 3 BIKES TRUNK/HATCHBACK BIKE RACK, FIT MOST CAR AND HATCH BACK, MADE IN USA, GREAT SHAPE, COME WITH LOCK & KEY",,,,,,,,,,
4017,1599.0,orangecounty,https://orangecounty.craigslist.org/bik/d/bellflower-revi-predator-electric-ebike/7458611291.html,2022-04-04 10:28,Revi Predator Electric eBike Fat Tire E Bike Civi Bikes, aluminum, mountain,,,19,Predator by Revi Bikes - Fat Tire Sports Electric Bike  A very popular e-bike!  Check out the Revi Predator on YouTube!  All Terrain Comfort Ebike - With Front Suspension!  15971 Piuma Ave.  Cerritos CA 90703  show contact info   Store Hours:  10am - 5pm (close only on Tuesdays)  www.562ebikes.com   Only 1599 - Same as our Amazon Listings.  No Interest Financing Available - 6 to 12 months   Brand New - Fully Assembled - No Build Fees!  We are open to the public in Downey by appointment  These are the upgraded e-bike standards  BAFANG Motor 500 watts SAMSUNG Battery 48 volts 13AH  Extreme power for heavy riders and hills!  Quality Shimano Components  New matrix LCD Display Fat Tires Throttle & 5-Levels Pedal Assists Comfortable & Easy Handling, disc (mechanical), new,,,,,,,,
4018,20.0,orangecounty,https://orangecounty.craigslist.org/spo/d/mission-viejo-boys-bikes/7454771812.html,2022-04-04 10:04,2 boys bikes,,,,,3,2 Boys bikes - The black one is a SIMS and the green one is a DIAMONDBACK.  $20 each.,,,,,,,,,,
4019,240.0,orangecounty,https://orangecounty.craigslist.org/bik/d/santa-ana-bikes/7466699740.html,2022-04-03 21:24,Bikes, aluminum, mountain, 18, 18 in,3,The two black bikes are really good  The only thing that it needs is air on it   The woman‚Äôs bike has its brake broken and just cost like 15-20 bucks on Amazon  and just needs air on it  If interested send me a message  show contact info  THANK YOU,, good, none,,,,,,,
4020,75.0,orangecounty,https://orangecounty.craigslist.org/bop/d/san-clemente-bike-rack-holds-bikes/7466600260.html,2022-04-03 15:00,Bike Rack (holds 3 bikes),,,,,0,,,,,,,,,,,
4021,240.0,orangecounty,https://orangecounty.craigslist.org/bop/d/costa-mesa-hitch-bike-rake-bikes/7466278810.html,2022-04-02 17:01,Hitch bike rake 4 bikes,,,,,0,,,,,,,,,,,
4022,2999.0,orangecounty,https://orangecounty.craigslist.org/bid/d/cerritos-shark-gray-pro-kick-ass-1000w/7465630759.html,2022-04-01 08:31,ü¶àSHARK GRAY PRO‚ö°Ô∏è KICK ASS 1000W SOUL FAST ELECTRIC BIKE ‚ö°, aluminum, bmx, XL, 26 in,24,"2022 SONIC SABER 1000W LIMTED EDITION SHARK GREY  14AH LONG RANGE BATTERY - 60 MILES  ‚òéÔ∏èCall: 833-EBIKE44 (833-324-5344) WWW.SOULEBIKES.COM  SOUL YOUTUBE CHANNEL E BIKE VIDS; https://www.youtube.com/watch?v=8AFtybdw1bM&list=PLoV1aLJxds4Qg1tSsr3TFb4RKRHGfsHab&index=1  With the influx of garbage electric bikes flooding the streets we decided to give the public what it wants. A high end premium performance electric bike for dirt cheap. So say goodbye to all the online crap, box store bargains and swap meet junk. The SONIC SABER delivers where all others fail.  Let‚Äôs start off with our $5,000 SONIC SS flagship frame and build off of it. For power we went with the reliable Bafang big daddy 750W hub motor that puts out a clean 1000W when matched to our 14AH integrated downtube battery. We stack the front with a HD MTB lockout suspension fork Disc brakes and top it off our signature paint finishes.   https://youtu.be/_NorAqJISkg  SABER SPECS: 6061 T6 AIRCRAFT HAND WELDED ALUM FRAME  INTEGRATED SAMSUNG 48V 14AH BATTERY CNC‚ÄôED DROPOUTS AND SUPPORT GUSSETS BAFANG 750W / 1000W PEAK POWER MOTOR - CLASS 2 5‚Äù BUTTER SOFT FRONT SUSPENSION FORK ADJUSTABLE PRE LOAD & LOCK OUT FRONT AND REAR DISC BRAKES  180 MM ROTORS 4‚Äù ALUMINUM RIMS  MTB TIRES  SHIMANO 7 SPEED GRIP SHIFT STAINLESS SPOKES / KMC CHAINS ALUMINUM PEDALS ALUM CRANKS  SOUL XL COMFORT SADDLES - REFLECTIVE LOGO - BOTTLE OPENER HD WELD ON KICKSTAND LIFETIME FRAME WARRANTY   SABER PRO SS:  LONG RANGE 14AH LG BATTERY, POWERFUL HYDRAULIC BRAKES, MINI COLOR DISPLAY, SOUL FAST VEE SPEEDSTER TRIES,  BILLET PEDALS, CRE HID HEADLIGHT, TIRE SEALANT, SEALED BEARING BOOTOM BRACKET, SOUL SIGNATURE 4130 CHROMOLY CRANKS, 31.8MM BILLET MTB STEM - ALUM BMX BARS  FILL OUT THE PRE ORDER FORM ONLINE OR CALL US DIRECTLY AT 833-EBIKE44 WWW.SOULEBIKES.COM/SABER  SOUL YOUTUBE CHANNEL E BIKE VIDS; https://www.youtube.com/watch?v=8AFtybdw1bM&list=PLoV1aLJxds4Qg1tSsr3TFb4RKRHGfsHab&index=1  SOUL FAST EBIKES  CERRITOS CA - WILL CALL DISTRIBUTION HUB  HQ MESA AZ  ‚òéÔ∏èCall: 833-EBIKE44 (833-324-5344) üõçÔ∏èShop: www.soulbeachcruisers.com/saber", disc (hydraulic), new, pedal assist, bmx, SOUL FAST ELECTRIC BIKES, SONIC STOMPER SABER, suspension fork (hardtail),,,
4023,1999.0,orangecounty,https://orangecounty.craigslist.org/bid/d/cerritos-best-value-ebikes-1000w-soul/7465621846.html,2022-04-01 08:14,BEST VALUE EBIKES ‚ö°Ô∏è 1000W SOUL FAST SONIC SABER ELECTRIC BIKE ‚ö°, aluminum, bmx, XL, 26 in,24,"2022 SONIC SABER 1000W BUY DIRECT FROM THE MANUFACTURER OR ONE OF OUR SO CAL DEALERS PRICED FROM $1999 IN STOCK RIDE TODAY   WWW.SOULEBIKES.COM/SABER  With the influx of garbage electric bikes flooding the streets we decided to give the public what it wants. A high end premium performance electric bike for dirt cheap. So say goodbye to all the online crap, box store bargains and swap meet junk. The SONIC SABER delivers where all others fail.  Let‚Äôs start off with our $5,000 SONIC SS flagship frame and build off of it. For power we went with the reliable Bafang big daddy 750W hub motor that puts out a clean 1000W when matched to our 8AH integrated downtube battery. (optional 10.5AH available) We stack the front with a HD MTB lockout suspension fork Disc brakes and top it off our signature paint finishes.   SOUL YOUTUBE CHANNEL E BIKE VIDS; https://www.youtube.com/watch?v=8AFtybdw1bM&list=PLoV1aLJxds4Qg1tSsr3TFb4RKRHGfsHab&index=1   SABER SPECS: 6061 T6 AIRCRAFT HAND WELDED ALUM FRAME  INTEGRATED SAMSUNG 48V 10.5AH BATTERY CNC‚ÄôED DROPOUTS AND SUPPORT GUSSETS BAFANG 750W / 1000W PEAK POWER MOTOR - CLASS 2 5‚Äù BUTTER SOFT FRONT SUSPENSION FORK ADJUSTABLE PRE LOAD & LOCK OUT FRONT AND REAR DISC BRAKES  180 MM ROTORS 4‚Äù ALUMINUM RIMS  MTB TIRES  SHIMANO 7 SPEED GRIP SHIFT STAINLESS SPOKES / KMC CHAINS ALUMINUM PEDALS ALUM CRANKS  SOUL XL COMFORT SADDLES - REFLECTIVE LOGO - BOTTLE OPENER HD WELD ON KICKSTAND LIFETIME FRAME WARRANTY   UPGRADE TO THE SABER PRO SS:  LONG RANGE 14AH LG BATTERY, POWERFUL HYDRAULIC BRAKES, MINI COLOR DISPLAY, SOUL FAST VEE SPEEDSTER TRIES,  BILLET PEDALS, CRE HID HEADLIGHT, TIRE SEALANT, SEALED BEARING BOOTOM BRACKET, SOUL SIGNATURE 4130 CHROMOLY CRANKS, 31.8MM BILLET MTB STEM - ALUM BMX BARS  FILL OUT THE PRE ORDER FORM ONLINE OR CALL US DIRECTLY AT 833-EBIKE44 WWW.SOULEBIKES.COM  SOUL YOUTUBE CHANNEL E BIKE VIDS; https://www.youtube.com/watch?v=8AFtybdw1bM&list=PLoV1aLJxds4Qg1tSsr3TFb4RKRHGfsHab&index=1  SOUL FAST EBIKES  CERRITOS CA - WILL CALL DISTRIBUTION HUB  HQ MESA AZ  ‚òéÔ∏èCall: 833-EBIKE44 üõçÔ∏èShop: www.soulebikes/com", disc (hydraulic), new, pedal assist, bmx, SOUL FAST ELECTRIC BIKES, SONIC STOMPER SABER, suspension fork (hardtail),,,
