,Price,Location,URL,Date,Title,bicycle frame material,bicycle type,frame size,wheel size,num image,text,condition,make / manufacturer,model name / number,brake type,electric assist,handlebar type,suspension,serial number,part type,size / dimensions,paint color,year manufactured
3327,30.0,inlandempire,https://inlandempire.craigslist.org/bik/d/bellflower-girls-kids-bikes/7463075776.html,2022-04-18 16:42,Girls/kids bikes, steel, cruiser, girls/kids, 20 in,6,"2 girls bikes with training wheels, one 20 inch wheels & one with 16 in. wheels both ride and are straight but could use seat covers ( taped up now ), $30 each or $50 for both, no email or text, call  show contact info",,,,,,,,,,,,
3328,450.0,inlandempire,https://inlandempire.craigslist.org/snw/d/pomona-new-kids-50cc-dirt-bikes/7467300893.html,2022-04-18 13:42,New kids 50cc dirt bikes,,,,,5,"12345 ¬© craigslist - Map data ¬© OpenStreetMap  **Brand New Dirt Bike for Kids and Teens** -50cc engine. -Automatic. -2 stroke. -Speed governor. -Support up 220 pounds. -Mph 35. **High performance Gas Dirt Bike** *Super Fast and Extremely fun* *asking 450 cash firm*firm* *pick up in Pomona ca*no Delivery* *hmu when you're ready to pick up please* *kids 5 to 13 its 29"" seat to the floor* *great for  Beginer bikes* *they are gas mixed with 2 cycle oil* *dont hmu to lowball me please prices are going up for everyone ...im firm text or call  show contact info",,,,,,,,,,,,
3329,450.0,inlandempire,https://inlandempire.craigslist.org/snw/d/pomona-new-gas-dirt-bikes-50cc/7467724836.html,2022-04-18 13:42,New gas dirt bikes 50cc,,,,,6,"**Brand New Dirt Bike for Kids and Teens** -50cc engine. -Automatic. -2 stroke. -Speed governor. -Support up 220 pounds. -Mph 35. **High performance Gas Dirt Bike** *Super Fast and Extremely fun* *asking 450 cash firm*firm* *pick up in Pomona ca*no Delivery* *hmu when you're ready to pick up please* *kids 5 to 13 its 29"" seat to the floor* *great for  Beginer bikes* *they are gas mixed with 2 cycle oil* *dont hmu to lowball me please prices are going up for everyone ...im firm text or call  show contact info  no scammers",,,,,,,,,,,,
3330,3400.0,inlandempire,https://inlandempire.craigslist.org/snw/d/barstow-super-73-electric-bikes-new/7472875200.html,2022-04-18 13:06,Super 73 Electric Bikes New,,,,,0,Super 73 Electric Bikes New Condition.,,,,,,,,,,,,
3331,775.0,inlandempire,https://inlandempire.craigslist.org/spo/d/thousand-oaks-spin-bikes-schwinn-carbon/7465885886.html,2022-04-18 11:20,Spin Bikes SCHWINN Carbon Blue CARDIO Exercise Bike Indoor Cycling ABS,,,,,11,"Awesome spin bike! Top commercial grade. GREAT DEAL!!!!!!!! I have up to 20 of these!  INCLUDES: - Echelon2 console + power upgrade!! - Triple Link Pedals (w/ toe cages)  Used, in excellent condition! They all been technician examined and maintained -- they work great and no issues. And, it looks good!!! Of course, its' used, so hold expectations accurately -- there are signs of usage (i.e. stabilizer covers have marks from people stepping on it with clip shoes; there may be a small scratch here or there; or, some touch-up paint in small areas; etc.). Nothing that would be unexpected.  THE BIKE WORKS PERFECT!!! If you are OK with some cosmetic imperfections (and, I'm ONLY saying this so you know going into it... but, also -- I HAVE VERY HIGH STANDARDS. So, what I may note, may not mean anything to you). Pictures of actual bikes! THEY ARE CLEAN!! AND, THEY LOOK GREAT!!  INCLUDES: - Echelon2 console + power upgrade!! - Triple Link Pedals (w/ toe cages)  Delivery is also available (charge, TBD)", excellent, Schwinn, AC Performance Carbon Blue,,,,,,,,,
3332,775.0,inlandempire,https://inlandempire.craigslist.org/spo/d/thousand-oaks-schwinn-carbon-blue-spin/7463458943.html,2022-04-18 11:20,Schwinn Carbon Blue Spin Bike - Indoor Cycling Exercise Bikes FITNESS,,,,,17,"Awesome spin bike! Top commercial grade. GREAT DEAL!!!!!!!!  INCLUDES: - Echelon2 console + power upgrade!! - Triple Link Pedals (w/ toe cages)  ATTN: Studio owners / managers -- IF you're looking for multiple bikes for your studio -- I have over 30 of these!!!  Used, in excellent condition! It works great and no issues. And, it looks good!!! Of course, its' used, so hold expectations accurately -- there are signs of usage (i.e. stabilizer covers have marks from people stepping on it with clip shoes; there may be a small scratch here or ther; or, some touch-up paint in small areas; etc.). Nothing that would be unexpected.  Delivery is also available (charge, TBD)  THE BIKE WORKS PERFECT!!! If you are OK with some cosmetic imperfections (and, I'm ONLY saying this so you know going into it... but, also -- I HAVE VERY HIGH STANDARDS. So, what I may note, may not mean anything to you). Pictures of actual bikes! THEY ARE CLEAN!! AND, THEY LOOK GREAT!!  INCLUDES: - Echelon2 console + power upgrade!! - Triple Link Pedals (w/ toe cages)", excellent, Schwinn, AC Performance Carbon Blue,,,,,,,,,
3333,100.0,inlandempire,https://inlandempire.craigslist.org/mpo/d/victorville-flying-bikes-oakwood-jacket/7470625775.html,2022-04-18 11:14,Flying bikes oakwood jacket,,,,,3,"Heavy duty badass biker jacket, fits a large size chest. Excellent condition",,,,,,,,,,,,
3334,50.0,inlandempire,https://inlandempire.craigslist.org/bop/d/apple-valley-bikes-all-for-50-bundle/7470887875.html,2022-04-18 10:59,6 BIKES  - all for $50 Bundle - BEACH CRUISER,,,,,0,,,,,,,,,,,,,
3335,350.0,inlandempire,https://inlandempire.craigslist.org/bik/d/menifee-his-hers-speed-beach-cruiser/7472039516.html,2022-04-18 09:24,His N Hers 3 Speed Beach Cruiser Bikes, aluminum, cruiser, 17, 26 in,5,"Very clean Greenline Aluminum 3i Beach Cruiser Bikes.26‚Äù wheels. Front and rear fenders. Bikes are in very good condition with 3 piece cranks, great seats,grips, and seats. Nexus internal shifting rear 3 speed rear wheels. At this time I will not separate. Sold as pair. Price FIRM. No EMAILS. Call or text only. No calls after 8pm. Mike  show contact info .", excellent, Greenline,, coaster,,,,,,,,
3336,800.0,inlandempire,https://inlandempire.craigslist.org/bik/d/menifee-ns-bikes-zircus-26-dirt-jumper/7472609616.html,2022-04-17 23:00,NS Bikes Zircus 26‚Äù Dirt Jumper,,,,,0,,,,,,,,,,,,,
3337,799.0,inlandempire,https://inlandempire.craigslist.org/snd/d/temecula-kids-70cc-apollo-dirt-bikes/7472578126.html,2022-04-17 19:05,Kids 70cc Apollo Dirt Bikes New Kids Atvs Order Online $799,,,,,24,"New 70cc kids Dirt Bike  only $799.99 huge sale License and Bonded Dealer 982 N Batavia St Orange CA Carry parts and when you order online you save more money No hidden Fees tax that is it. Take it home $900.00 with want DMV FEES $1000.00 OUT THE DOOR !!!!! We are your 1 Stop shop for Kids Atvs, Dirt Bikes, Go Karts, Scooters, UTVS, Parts, Service, Financing, 115 Colony Center Dr. Woodstock, GA 30188 Come on down and view our showroom! what better way to experience With Over 20 Years in the industry we decided to bring in our own line of Dirt Bikes and Parts. Coolster , Brands Do Not Compare to our Dirt Bikes. Come See for yourself. Brand New 110cc Kids Dirt Bikes . Affordable FUN XTR 110 MINI PIT BIKE is an awesome, fully automatic dirt bike perfect for kids and youth! With no clutch to wrestle, little ones can start building riding skills without having to shift! This Mini Pit Bike is powered by a low-maintenance, 4-stroke 110cc engine that produces over 8 horsepower and is capable of moving loads of over 132 pounds. A smaller frame and low 25 inch seat height keep this motorcycle small enough for kids to maneuver easily while the off-road knobby tires and full suspension mean it can easily handle rugged terrain on the trails. Front and rear disc brakes provide supreme control and excellent stopping power. Electric start. Choice of several colors  XTR-110CC MINI PIT CONFIGURE Colors available BLUE, RED, GREEN Decals(Y/N) YES Assembly required FRONT WHEEL,HANDLEBAR,REAR SHOCK ENGINE INFO Engine Type 110CC, Single-cylinder, 4 stroke Automatic, air-cooled Engine brand Zongshen 152FMH Horizontal Displacement 107 ml Cooling AIR COOLED Max Power 6.7 HP @ 8000 RPM Max torque 4.94 ft-lb @ 5500 RPM Compression 9.1:1 Max speed 41 mph (with adjustable speed limiter) Ignition CDI Starting system KICK AND ELECTRIC START (12v battery) Battery 12V4ah MAINTENANCE FREE LEAD ACID Carburetor brand PZ22 Jingke Engine oil 10W40 synthetic JASO MA/MA2 (motorcycle wet clutch) Spark Plug A7TC CHASSIS ETC. Clutch MANUAL Transmission Automatic Single Gear (N-D) Driveline #428 Chain (14T, 41T Sprockets) Brakes,front/rear FRONT/REAR DISC Brake operation FRONT HAND REAR FOOT Tires,front/rear F:3.00-12 | R:2.50-10 off-road knobby tires Rims F:1.85x12, R:1.4x10 Cast Front Fork Non-Adjustable Inverted 550mm, Travel 100mm, Tube 27mm Rear Shock Coil Spring 270mm, Travel 43mm Swing Arm 320mm Steel Fuel capacity/type 0.92 gal / Premium gasoline octane level 91 or greater Box Weight G.W. 126 lbs Dirt Bike Dry Weight 108 lbs Max load 140 lbs DIMENSIONS Wheelbase 39.57 inches Dirt Bike Dimensions L57 x W24 x H33 inches Height to seat 24 inches 90 day warranty. 770-924-5091 CALL ACE WE OFFER FIANCING 90 DAYS SAME AS CASH , NO CREDIT CHECK. WE OFFER 3-5 YEARS ON OUR UTVS, BUGGIES, STRET BIKES, ATVS, SEE YOU SOON.    Affordable FUN the full-size XTR 250 Dirt Bike comes with all the same great features found on more expensive Japanese bikes at less than half the price! Comparable to the Suzuki DR-Z, Kawasaki KLX, Yamaha XT or TT-R, and Honda CRF motorcycles, the XTR 250 comes standard with electric and kick start, front and rear disc brakes, and enhanced suspension. Built over a heavy-duty steel twin-spar frame, boasts big 54mm inverted forks up front and an adjustable mono shock in the rear along with a full-size 21 inch front wheel that provides excellent ground clearance and makes navigating obstacles and off-road trails a breeze. Make no mistake, with a 36.6 inch tall seat, this is a serious dirt bike! And it's got a serious 250cc 4-stroke engine and manual 5-speed tranny for a power combination best suited to experienced riders. Just feather the clutch, twist the throttle and put the power on the ground! Heavy-duty spoke rims wrapped in aggressive knobby tires are perfect for climbing over rocks and downed trees, clawing through muddy terrain and scrambling up hills. You won't find a more capable motorcycle for exciting off-road trail riding action for the price! CARB Approved. Comes in NEW colors: blue, green, red, blue and classic black.    Financing OAC programs 90 days same as cash. only $40.00 Down .  turbopowersports.com Dirt bikes and ATVs for all ages, Dirt Bikes, colors and type of dirt bikes and ATVS . Affordable Fun Need gifts for your kids? we have the 49cc 70cc 110cc  Vespa, Moped, Motorcycle, Motor Scooter, Scooter, Scooters Motorized Bicycle, Pre-Owned Scooters, Piaggio Scooters, Genuine Scooters, Vespa Scooters, moped, vespa scooter, piaggio scooter, aprilia scooter, motoguzzi, bsa, Norton, royal enfield, triumph Bonneville, triumph thruxton, genuine buddy scooter, genuine stella scooter, genuine blur scooter, kymco like scooter, kymco super 8 scooter, kymco agility scooter, kymco people scooter, sym wolf 150, sym hd 200 hd200, sym fiddle scooter lance cali classic scooter, lance Havana scooter, lance pch scooter, lance cabo scooter, Honda ruckus scooter, Honda elite scooter, Honda grom scooter, Yamaha zuma scooter, Yamaha riva scooter, Yamaha vino scooter, caf√© racer, royal enfield, Suzuki gsxr gsx r , Honda cbr, ysr, Honda rebel 250, 50cc scooter moped, 125cc scooter moped, 250cc scooter moped, tao tao scooter, tank scooter, bms scooter, flyscooter flyscooters, znen scooter, ssr motorsports, ssr scooter, Italian scooter, electric scooter, electric moped, trike, three wheel scooter, sprint scooter, vespa p200, stella scooter, mini bike, pit bike, dirt bike, endure bike, zero motorcycle, scooter Genuine Buddy, Stella, Vespa, Honda, Yamaha, Piagio, Vino, Ruckus 50 125 SYM, Vespa, Buddy, Scooter, Scooter repair, Classic, 250, 150,Genuine Scooter service LX PX Rally, Lambretta, Motorcycle, Scooter, Training, Lessons, Classes, Course, Instruction, School, Los Angeles, M1, DMV, Honda, Rebel, Nighthawk, CB, 250, CB250, 300, CB300, 350, CB350, Suzuki, GS, GN, 125, GS250, GN125, GN250, Kawasaki, Ninja, Eliminator, Vulcan, 500, EN500, Yamaha, Star, Sym, Vespa, Piaggio, Kymco, Aprilia, Buddy, PCX, Metropolitan, Benelli, Peugeot, Hyosung, Zuma, Majesty, Ducati Honda Harley Davidson Zuma Metropolitan Scooter Vespa Kawasaki Suzuki Ruckus Panigale Yamaha YCFR1 CBR GXR 49CC 50CC 125CC 149CC 150CC ATV PIT BIKE GO KART GROM pocketbike pocketbikes pocket bike pocket bikes Super Bike Dirt Bike dirtbike superbike xr xr50 50cc 70cc 90cc 100cc 110cc 125cc 150cc Pit Bike pitbikes Honda Yamaha Go Cart GoCart GOPED ,DIRT BIKE,DIRT, MINI BIKE, POCKET BIKE, YSR, GOKART, 50, STUNT BIKE, STUNT, SICK BIKE, SDG,BBR ATV crf50 crf Chopper Min    Are you looking for a discounted Scooter in *San Diego* *Redlands* *El Cajon* *Riverside* *San Bernardino* *Moreno Valley* *Corona* *Chino* Ontario* *Rancho* *Cucamongo* *Rialto* *Fontana* *Hemet* *Palm Springs* *Morongo Valley* *Yucca Valley* *Palm Desert* *Desert Hot Springs* *Apple Valley* *Coasta Mesa* *Pomona* *Anaheim* *Irvine* *Long Beach* *Torrance* *Los Angeles* *Santa Monica* *Pasadena* *Chula Vista* *Carlsbad* *Chula Vista* *Coronado* *Del Mar* *El Cajon* *Encinitas* *Escondido* *Imperial Beach* *La Mesa* *Lemon Grove* *National City* *Oceanside* *Poway* *San Diego* *San Marcos* *Santee* *Solana Beach* *Vista* Escondido* Carlsbad* our special deals on our scooters will save you from having to drive as far to get a great deal. Susanville, Sacramento, clovis, grass valley,Stockton, Plattsburg, Pittsburgh, Overton Nevada,  SCOOTERS, DIRT BIKES, GO KARTS, STREET BIKES, BUGGIES, BMS KANDI COOLSTER  APOLLO, TGB, CFMOTO, HISUN, ODES, UTVS, ATVS, KIDS ATVS, SERVICE, PARTS, Brighton Michigan, Livingston County, Michigan, Ellen wood GA 30294 ZIP CODE 54904 Little Rock AR 72201 Stockton 95202 Fort Collins 80524 Spring field MO 65721 Order Online at Ducati Honda Harley Davidson Zuma Metropolitan Scooter Vespa Kawasaki Suzuki Ruckus Panigale Yamaha YCFR1 CBR GXR 49CC 50CC 125CC 149CC 150CC ATV PIT BIKE GO KART GROM pocketbike, pocketbikes, pocket bike, pocket bikes, Super Bike, Dirt Bike, dirtbike, superbike, xr, xr50, 50cc, 70cc, 90cc, 100cc, 110cc, 125cc, 150cc, Pit Bike, pitbikes, Honda, Yamaha, Go Cart, GoCart, GOPED, DIRT BIKE, DIRT BIKES, DIRT, MINI BIKE, MINI BIKES, POCKET BIKE, POCKET BIKES, YSR, GOKART, GOKARTS, GO-KARTS, 50, STUNT BIKE, STUNT BIKES, STUNT, SICK BIKE, SDG, BBR, ATV, crf50, crf, Chopper Mini, COOLSTER, TAOTAO tao motors , boulder, 125d,135d, Tforce, cheeta, bull, rhino, 110cc atv, 125cc atv, 135cc atv , 150cc atv, 250cc atv, 10cc dirt bike, 110cc atvs, 125cc atvs, 135cc atvs, 150cc atvs, 250cc atvs, 50cc dirt bikes, 50cc dirt bike, 110cc dirt bikes, 125cc dirt bikes, XR-125, M-125, QG-214,QG-214FC, QG-214S, ATV-3125C-2, 3125R, ATV-3150DX-4, ATV-3150CXC yz125, yz250, ttr, ttr230, ttr110, ttr50, pw50, suzuki, drz70, drz125, kids dirt bike, kx, crf50, crf110, crf125, crf150, crf230, crf250, klx110, klx140, yz85, pit bike, dirt bike, quad, atv, kids atv, kids atvs, dirt bike for kids, kids dirt bike, kids dirt bikes, full size dirt bike, mini bike, 50cc, 125cc, 110cc, 150cc, 200cc, 250cc, honda crf, kawasaki, yamaha, off road, chinese, cheap motorcycle, coolster, ssr, taotao, tao tao, db14, db17, pocket bike, Pit bike, dirt bike, 70cc, 50cc, 49cc, 80cc, 90cc, 110cc, 125cc, honda yamaha vespa kymco elite riva sym piaggio aprillia scarabeo moped scooter mini bike ssr coolster crf50 crf80 ssr, coolster, tao tao, 125cc, 110cc 90cc 70cc dirt bike pit bike bashan honda kawasaki mini bike, motorcycle, motorbike, kids dirt bike off road 250cc 200cc 190cc 150cc utv crf50 crf70 crf90 crf125 crf150 crf250 crf450 cr125 kx125 kx50 pw50 yamaha, quad, atv, kids quad, kids atv, off road, 125cc dirt bike, 125cc pit bike, 110cc dirt bike, 110cc pit bike, 70cc dirt bike, 70cc pit bike, 150cc dirt bike, 140cc pit bike, 200cc dirt bike, 250cc dirt bike, 90cc dirt bike Temecula, California, Menifee, Murrieta, wildomar, lake elsinore, perris, inland empire, riverside, san Bernardino, palm springs, desert , youth atv, youth quad, Apollo kids quad, apollo atv, apollo atv, apollo atvs, apollo quads, Apollo dirt bike, apollo pitbike, apollo kids dirt bike, apollo kids pitbike, apollo pocket bike, apollo kids pocket bike, tao tao dirt bike, tao tao kids dirt bikes, tao tao kids dirt bike, tao tao kids quad, tao tao kids atv, tao tao kids atvs, coolster dirt bike, coolster dirt bikes, coolster kids dirt bike, coolster kids dirt bikes, coolster atvs, coolster atv, coolster kids atv, coolster kids atvs, coolster kids quad, coolster kids quads. APOLLO, TAO TAO, TAO MOTORS, TAO, COOLSTER, COOLSTERS, APOLLOS, APOLLO ATVs, ADULT QUAD, ADULT ATV, ADULT QUADS, ADULT ATVS, FULL SIZE QUAD, FULL SIZA ATV, FULL SIZE QUADS, FULL SIZE ATVS, 150 ATV, 150 SPORT QUAD, 200 COMMANDER, 200 UTILITY QUAD, 200 UT ATV, 250 PENTORA, PENTORA 250, 250cc ATV, 250cc QUAD, 200cc QUAD, 200cc ATV, Are you looking for a discounted Scooter in *San Diego* *Redlands* *El Cajon* *Riverside* *San Bernardino* *Moreno Valley* *Mo val* * Mo-Val* *Corona* *Chino* Ontario* *Rancho* *Cucamonga* *Rancho Cucamonga* *Rialto* *Fontana* *Hemet* *Palm Springs* *Morongo Valley* *Yucca Valley* *Palm Desert* *Desert Hot Springs* *Apple Valley* *Coasta Mesa* *Pomona* *Anaheim* *Irvine* *Long Beach* *Torrance* *Los Angeles* *Santa Monica* *Pasadena* *Chula Vista* *Carlsbad* *Chula Vista* *Coronado* *Del Mar* *El Cajon* *Encinitas* *Escondido* *Imperial Beach* *La Mesa* *Lemon Grove* *National City* *Oceanside* *Poway* *San Diego* *San Marcos* *Santee* *Solana Beach* *Vista* Escondido* Carlsbad* our special deals on our scooters will save you from having to drive as far to get a great deal. Susanville, Sacramento, clovis, grass valley, OHIO, COLUMBUS, MARYSVILLE , Over land Park Kansas, St Louis MO, San Diego,Prescott, Arizona, Phoenix, Vespa, Moped, Motorcycle, Motor Scooter, Scooter, Scooters Motorized Bicycle, Pre-Owned Scooters, Piaggio Scooters, Genuine Scooters, Vespa Scooters, moped, vespa scooter, piaggio scooter, aprilia scooter, motoguzzi, bsa, Norton, royal enfield, triumph Bonneville, triumph thruxton, genuine buddy scooter, genuine stella scooter, genuine blur scooter, kymco like scooter, kymco super 8 scooter, kymco agility scooter, kymco people scooter, sym wolf 150, sym hd 200 hd200, sym fiddle scooter lance cali classic scooter, lance Havana scooter, lance pch scooter, lance cabo scooter, Honda ruckus scooter, Honda elite scooter, Honda grom scooter, Yamaha zuma scooter, Yamaha riva scooter, Yamaha vino scooter, caf√© racer, royal enfield, Suzuki gsxr gsx r , Honda cbr, ysr, Honda rebel 250, 50cc scooter moped, 125cc scooter moped, 250cc scooter moped, tao tao scooter, tank scooter, bms scooter, flyscooter flyscooters, znen scooter, ssr motorsports, ssr scooter, Italian scooter, electric scooter, electric moped, trike, three wheel scooter, sprint scooter, vespa p200, stella scooter, mini bike, pit bike, dirt bike, endure bike, zero motorcycle, scooter Genuine Buddy, Stella, Vespa, Honda, Yamaha, Piagio, Vino, Ruckus 50 125 SYM, Vespa, Buddy, Scooter, Scooter repair, Classic, 250, 150,Genuine Scooter service LX PX Rally, Lambretta, Motorcycle, Scooter, Training, Lessons, Classes, Course, Instruction, School, Los Angeles, M1, DMV, Honda, Rebel, Nighthawk, CB, 250, CB250, 300, CB300, 350, CB350, Suzuki, GS, GN, 125, GS250, GN125, GN250, Kawasaki, Ninja, Eliminator, Vulcan, 500, EN500, Yamaha, Star, Sym, Vespa, Piaggio, Kymco, Aprilia, Buddy, PCX, Metropolitan, Benelli, Peugeot, Hyosung, Zuma, Majesty, Ducati Honda Harley Davidson Zuma Metropolitan Scooter Vespa Kawasaki Suzuki Ruckus Panigale Yamaha YCFR1 CBR GXR 49CC 50CC 125CC 149CC 150CC ATV PIT BIKE GO KART GROM pocketbike pocketbikes pocket bike pocket bikes Super Bike Dirt Bike dirtbike superbike xr xr50 50cc 70cc 90cc 100cc 110cc 125cc 150cc Pit Bike pitbikes Honda Yamaha Go Cart GoCart GOPED ,DIRT BIKE,DIRT, MINI BIKE, POCKET BIKE, YSR, GOKART, 50, STUNT BIKE, STUNT, SICK BIKE, SDG,BBR ATV crf50 crf Chopper Mini Turbopowersports.com order on line save money $$$$$$ Save Money Turbopowersports.com Apollo Atvs Kids Atvs",,,,,,,,,,,,
3338,1400.0,inlandempire,https://inlandempire.craigslist.org/spo/d/ontario-125cc-dirt-bikes/7468785051.html,2022-04-17 16:56,125cc dirt bikes,,,,,0,"Brand new 125cc dirt bikes, automatic or manual available .  Brand new, perfect condition   We finance! Four months zero interest, we also have different vehicles and sizes for the entire family!", new,,,,,,,,,,,
3339,375.0,inlandempire,https://inlandempire.craigslist.org/bik/d/hemet-adult-three-wheel-bikes/7472249947.html,2022-04-16 17:18,Adult three wheel bikes, other/unknown, other," 24""", 24 in,0,"One year ago, my wife and I bought two adult three wheel bicycles at the recommendation of my doctor. I have heart problems and needed more exercise, but I needed something with low impact on my knees and hips. After receiving the bikes, I found a challenge in putting them together. I‚Äôm 79 and my cognitive abilities are declining, and I became more and more frustrated as I struggled with the challenge. In the meantime, my health continued to decline, and the bikes sat in our garage or under cover on our patio. Hope springs eternal and I continued to hope we would be able to use the bikes at some point, but I am relegated to a walker or cane, so we have decided to sell the bikes. Our loss can be your gain. We will sell both bikes for the price of one. I have the invoice and we paid $747.02 for both bikes, including tax. One is Candy Apple Red and one is dark green. We will sell both bikes for $375.00 FIRM! Both bikes must go; we will not sell one bike at a time. You buy both bikes and you can sell one if you want to, but we want to be done with the issue. The ad on Amazon: Adult Tricycles, 3 Wheel Bikes for Adults 20/24/26 inch 7 Speed Adult Trikes Bicycles Cruise Trike with Shopping Basket for Seniors, Women, Men (Dark Red, 24"" Wheels/7 Speed)", new,,, drum, none, other/unknown, other/unknown,,,,,
3340,799.0,inlandempire,https://inlandempire.craigslist.org/mcd/d/dirt-bikes-50-off-all-dirt-bike/7472024282.html,2022-04-16 08:33,DIRT BIKES 50% OFF ALL DIRT BIKE,,,,,24,"CHECK OUT OUR WEBSITE FOR UPDATES ON OUR INVENTORY.  WWW.REBELRACINGMOTORSPORTS.COM  NEW DIRT BIKES ON SALE NOW, SEMI AUTO OR CLUTCH STARTING AT $799.99 PLUS FEES. WHILE SUPPLIES LAST. GRAPHICS ARE OPTIONAL. WE STOCK ALL PARTS, ASSEMBLED IN THE U.S.! TRAINING WHEELS AVAILABLE, WE ARE THE LARGEST WHOLESALER IN THE U.S. SINCE 1995.  70cc NO CLUTCH $1599.99 ON SALE $799.99 - IN STOCK  70cc AUTO (SAME SIZE AS 50cc) $1799.00 ON SALE $899.99 - IN STOCK  110cc NO CLUTCH $2199.99 ON SALE $1099.99 - IN STOCK  125cc NO CLUTCH $2399.99 ON SALE $1199.99 - IN STOCK  125cc W/ CLUTCH $2399.99 ON SALE $1199.99 - IN STOCK  125cc NEW FRAME FULL AUTO $2399.99 ON SALE $1199.99 - IN STOCK  125cc BIG WHEEL W/ CLUTCH $2599.99 ON SALE NOW 50% OFF - IN STOCK  140cc FULL SIZE W/ CLUTCH $3399.99 ON SALE $1699.99 IN STOCK   THIS IS AN INVENTORY BLOWOUT SALE, OFFER GOOD WHILE SUPPLIES LAST. MUST BUY FROM DEALER INVENTORY ALL COLORS IN STOCK. NO SPECIAL ORDERS  WE ARE LOCATED AT 28822 OLD TOWN FRONT ST. SUITE #201 TEMECULA, CA. 92590.FEEL FREE TO CALL TODAY! (951) 699.3110. WE ARE CLOSED SUNDAYS AND MONDAYS.  WE ACCEPT ALL MAJOR CREDIT CARDS!  WWW.REBELRACINGMOTORSPORTS.COM  CHECK US OUT ON FACEBOOK TOO! www.facebook.com/RebelRacingMotorsports/     Keywords, Ducati Honda Harley Davidson Zuma Metropolitan Scooter Vespa Kawasaki Suzuki Ruckus Panigale Yamaha YCFR1 CBR GXR 49CC 50CC 125CC 149CC 150CC ATV PIT BIKE GO KART GROM pocketbike, pocketbikes, pocket bike, pocket bikes, Super Bike, Dirt Bike, dirtbike, superbike, xr, xr50, 50cc, 70cc, 90cc, 100cc, 110cc, 125cc, 150cc, Pit Bike, pitbikes, Honda, Yamaha, Go Cart, GoCart, GOPED, DIRT BIKE, DIRT BIKES, DIRT, MINI BIKE, MINI BIKES, POCKET BIKE, POCKET BIKES, YSR, GOKART, GOKARTS, GO-KARTS, 50, STUNT BIKE, STUNT BIKES, STUNT, SICK BIKE, SDG, BBR, ATV, crf50, crf, Chopper Mini, COOLSTER, TAOTAO tao motors , boulder, 125d,135d, Tforce, cheeta, bull, rhino, 110cc atv, 125cc atv, 135cc atv , 150cc atv, 250cc atv, 10cc dirt bike, 110cc atvs, 125cc atvs, 135cc atvs, 150cc atvs, 250cc atvs, 50cc dirt bikes, 50cc dirt bike, 110cc dirt bikes, 125cc dirt bikes, XR-125, M-125, QG-214,QG-214FC, QG-214S, ATV-3125C-2, 3125R, ATV-3150DX-4, ATV-3150CXC yz125, yz250, ttr, ttr230, ttr110, ttr50, pw50, suzuki, drz70, drz125, kids dirt bike, kx, crf50, crf110, crf125, crf150, crf230, crf250, klx110, klx140, yz85, pit bike, dirt bike, quad, atv, kids atv, kids atvs, dirt bike for kids, kids dirt bike, kids dirt bikes, full size dirt bike, mini bike, 50cc, 125cc, 110cc, 150cc, 200cc, 250cc, honda crf, kawasaki, yamaha, off road, chinese, cheap motorcycle, coolster, ssr, taotao, tao tao, db14, db17, pocket bike, Pit bike, dirt bike, 70cc, 50cc, 49cc, 80cc, 90cc, 110cc, 125cc, honda yamaha vespa kymco elite riva sym piaggio aprillia scarabeo moped scooter mini bike ssr coolster crf50 crf80 ssr, coolster, tao tao, 125cc, 110cc 90cc 70cc dirt bike pit bike bashan honda kawasaki mini bike, motorcycle, motorbike, kids dirt bike off road 250cc 200cc 190cc 150cc utv crf50 crf70 crf90 crf125 crf150 crf250 crf450 cr125 kx125 kx50 pw50 yamaha, quad, atv, kids quad, kids atv, off road, 125cc dirt bike, 125cc pit bike, 110cc dirt bike, 110cc pit bike, 70cc dirt bike, 70cc pit bike, 150cc dirt bike, 140cc pit bike, 200cc dirt bike, 250cc dirt bike, 90cc dirt bike Temecula, California, Menifee, Murrieta, wildomar, lake elsinore, perris, inland empire, riverside, san Bernardino, palm springs, desert , youth atv, youth quad, Apollo kids quad, apollo atv, apollo atv, apollo atvs, apollo quads, Apollo dirt bike, apollo pitbike, apollo kids dirt bike, apollo kids pitbike, apollo pocket bike, apollo kids pocket bike, tao tao dirt bike, tao tao kids dirt bikes, tao tao kids dirt bike, tao tao kids quad, tao tao kids atv, tao tao kids atvs, coolster dirt bike, coolster dirt bikes, coolster kids dirt bike, coolster kids dirt bikes, coolster atvs, coolster atv, coolster kids atv, coolster kids atvs, coolster kids quad, coolster kids quads. Are you looking for a discounted Scooter in *San Diego* *Redlands* *El Cajon* *Riverside* *San Bernardino* *Moreno Valley* *Mo val* * Mo-Val* *Corona* *Chino* Ontario* *Rancho* *Cucamonga* *Rancho Cucamonga* *Rialto* *Fontana* *Hemet* *Palm Springs* *Morongo Valley* *Yucca Valley* *Palm Desert* *Desert Hot Springs* *Apple Valley* *Coasta Mesa* *Pomona* *Anaheim* *Irvine* *Long Beach* *Torrance* *Los Angeles* *Santa Monica* *Pasadena* *Chula Vista* *Carlsbad* *Chula Vista* *Coronado* *Del Mar* *El Cajon* *Encinitas* *Escondido* *Imperial Beach* *La Mesa* *Lemon Grove* *National City* *Oceanside* *Poway* *San Diego* *San Marcos* *Santee* *Solana Beach* *Vista* Escondido* Carlsbad* our special deals on our scooters will save you from having to drive as far to get a great deal. Susanville, Sacramento, clovis, grass valley, OHIO, COLUMBUS, MARYSVILLE , Over land Park Kansas, St Louis MO, San Diego,Prescott, Arizona, Phoenix, Vespa, Moped, Motorcycle, Motor Scooter, Scooter, Scooters Motorized Bicycle, Pre-Owned Scooters, Piaggio Scooters, Genuine Scooters, Vespa Scooters, moped, vespa scooter, piaggio scooter, aprilia scooter, motoguzzi, bsa, Norton, royal enfield, triumph Bonneville, triumph thruxton, genuine buddy scooter, genuine stella scooter, genuine blur scooter, kymco like scooter, kymco super 8 scooter, kymco agility scooter, kymco people scooter, sym wolf 150, sym hd 200 hd200, sym fiddle scooter lance cali classic scooter, lance Havana scooter, lance pch scooter, lance cabo scooter, Honda ruckus scooter, Honda elite scooter, Honda grom scooter, Yamaha zuma scooter, Yamaha riva scooter, Yamaha vino scooter, caf√© racer, royal enfield, Suzuki gsxr gsx r , Honda cbr, ysr, Honda rebel 250, 50cc scooter moped, 125cc scooter moped, 250cc scooter moped, tao tao scooter, tank scooter, bms scooter, flyscooter flyscooters, znen scooter, ssr motorsports, ssr scooter, Italian scooter, electric scooter, electric moped, trike, three wheel scooter, sprint scooter, vespa p200, stella scooter, mini bike, pit bike, dirt bike, endure bike, zero motorcycle, scooter Genuine Buddy, Stella, Vespa, Honda, Yamaha, Piagio, Vino, Ruckus 50 125 SYM, Vespa, Buddy, Scooter, Scooter repair, Classic, 250, 150,Genuine Scooter service LX PX Rally, Lambretta, Motorcycle, Scooter, Training, Lessons, Classes, Course, Instruction, School, Los Angeles, M1, DMV, Honda, Rebel, Nighthawk, CB, 250, CB250, 300, CB300, 350, CB350, Suzuki, GS, GN, 125, GS250, GN125, GN250, Kawasaki, Ninja, Eliminator, Vulcan, 500, EN500, Yamaha, Star, Sym, Vespa, Piaggio, Kymco, Aprilia, Buddy, PCX, Metropolitan, Benelli, Peugeot, Hyosung, Zuma, Majesty, Ducati Honda Harley Davidson Zuma Metropolitan Scooter Vespa Kawasaki Suzuki Ruckus Panigale Yamaha YCFR1 CBR GXR 49CC 50CC 125CC 149CC 150CC ATV PIT BIKE GO KART GROM pocketbike pocketbikes pocket bike pocket bikes Super Bike Dirt Bike dirtbike superbike xr xr50 50cc 70cc 90cc 100cc 110cc 125cc 150cc Pit Bike pitbikes Honda Yamaha Go Cart GoCart GOPED ,DIRT BIKE,DIRT, MINI BIKE, POCKET BIKE, YSR, GOKART, 50, STUNT BIKE, STUNT, SICK BIKE, SDG,BBR ATV crf50 crf Chopper Mini  ‚Ä¢ do NOT contact me with unsolicited services or offers",,,,,,,,,,,,
3341,60.0,inlandempire,https://inlandempire.craigslist.org/bop/d/apple-valley-bikes-all-for-60/7470016002.html,2022-04-15 11:58,6 BIKES  all for $60,,,,,5,all for $60 total - for all 6 in a bundle deal  $45 if you just want #1  show contact info  I'm near Apple Valley food 4 less, good,,,,,,,,,,,
3342,5000.0,inlandempire,https://inlandempire.craigslist.org/mcy/d/riverside-1998-husqvarna-610-te-bikes/7471412022.html,2022-04-14 16:26,"1998 husqvarna 610 TE, 2 bikes in 1 dual sport or super motard",,,,,9,"Street legal dual sport motorcycle.  tagged until December 12/22. clean title on a 1998 Husqvarna 610 TE. the bike is kick start.It has a Lectron Carburetor installed on it. runs perfect from sea level to mountain top. no altitude rejetting ,carb handles it. Its  2 bikes in one. Currently set up as a  long range desert bike.Change the tank , tires and the cowling and it becomes a Super Motard style street racer. All the parts for the Motard conversion come with the bike. The bike runs perfectly . It has a voyager GPS system,  aluminum hand guards, aluminum skid plate ,the best front and rear tool bags and the tires are brand new. it comes with an  extra set of front and rear rims/wheels to easily convert to the Motard style bike. 18 inch rim on bike now and another 19 inch rear rim. brand new spare factory ignition. box full of extras.it has the 5 gallon desert tank on it now and comes with the stock 2.2 tank for the motard conversion. Also comes with super motard style headlamp assembly. The original carb and throttle assembly. many spare sparts too much to list. $5000. OBO...   keywords honda yamaha suzuki ktm beta husky hd harley davidson bmw maico camper dual sport kawasaki trade",,,,,,,,,,,,
3343,20.0,inlandempire,https://inlandempire.craigslist.org/bik/d/murrieta-old-bikes/7471407169.html,2022-04-14 16:16,Old bikes, other/unknown, mountain, Adult men's, 16 in,2,"Old bikes, probably pretty easy to restore to use.",, Avico, Ground force,,,, other/unknown,,,,,
3344,1250.0,inlandempire,https://inlandempire.craigslist.org/bik/d/rancho-cucamonga-new-in-box-2022-vans/7470934442.html,2022-04-13 14:20,New in Box 2022 Vans Limited Edition Big Ripper,,,,,0,,,,,,,,,,,,,
3345,500.0,inlandempire,https://inlandempire.craigslist.org/mcy/d/moreno-valley-dirt-bikes/7470884526.html,2022-04-13 12:34,Dirt Bikes,,,,,0,"2 Coleman CT2000-EX motor scooters.  Bought for short rides, I did not know they were not street legal so can't use them.  No truck to haul them to a place to play.  One is completely assembled, other is mostly assembled, both are brand new.  I rode one to the end of my block and that's all.",,,,,,,,,,,,
3346,1.0,inlandempire,https://inlandempire.craigslist.org/bid/d/long-beach-250-new-bikes-hybrid-road/7470626810.html,2022-04-12 21:23,250+ NEW BIKES Hybrid Road Mountain Fixie Gravel BMX Cruiser City MORE, other/unknown, other, all, other/unknown,6,"Plenty of Bikes 3301 E Hill St, Ste 404 Signal Hill, CA 90755 562-275-3732 http://www.plentyofbikes.com  *** BIKES, PARTS, ACCESSORIES, & SERVICE ***  Please check our website www.plentyofbikes.com for a complete list of bikes available and hours/directions.   Regularly stocking over 200 assembled bikes in store, as well as Thule, Yakima, Saris and Hollywood car racks, plus hundreds of parts/accessories!  Local pickup available in our store in Signal Hill, CA. Cash and all major credit cards (Visa, Mastercard, Discover, AMEX), Apple Pay and Android Pay accepted.  ---------------------------------------------------------------   We are an authorized bicycle dealer for over 20 brands including:  Fuji | SE | Breezer | Tuesday | KHS | Manhattan | Free Agent | EVO | 6KU | Aventon | ZF Bikes | Golden | Throne | Firmstrong | XDS | Micargi | Dahon | Montague | Raleigh | Redline | Diamondback | Frog | Del Sol | Haro | Reid | Retrospec | Brooklyn Bicycle Co | Seven Peaks | Batch | Marin | Elite BMX", new,,,,,,,,,,,
3347,40.0,inlandempire,https://inlandempire.craigslist.org/tls/d/idyllwild-bicycle-hitch-carrier-two/7470418376.html,2022-04-12 11:44,Bicycle Hitch Carrier Two Bikes,,,,,0,Hardly used.,,,,,,,,,,,,
3348,100.0,inlandempire,https://inlandempire.craigslist.org/bik/d/rancho-cucamonga-bikes-for-sale/7470011309.html,2022-04-11 13:08,2 Bikes for Sale, aluminum, bmx, Medium, 26 in,3,"One Trek mountian bike, 10 speed, good condition. $100  One older ebike with all the motor assorted Eparts removed, but have everything. $100 Chris", good, Trek, 1, cantilever, throttle, other/unknown, suspension fork (hardtail), 1,,,,
3349,500.0,inlandempire,https://inlandempire.craigslist.org/bik/d/lake-elsinore-motorized-bikes/7457386554.html,2022-04-11 08:50,Motorized bikes, other/unknown, mountain, 20, 26 in,6,Prices are on the pictures  A variety of motorized bikes with new 66 / 80cc motor kits these bikes are a gas oil mix. 50 miles is half a tank of gas top speeds of 30 miles an hour street legal  VincentsBicycle.weebly.com  Vincentbikemotors.com VincentBikeMotors.com, new,,,,,,,,,,,
3350,25.0,inlandempire,https://inlandempire.craigslist.org/bop/d/temecula-rolling-bicycle-rack-holds/7461416309.html,2022-04-10 14:48,Rolling bicycle rack holds four bikes,,,,,0,Bicycle rack that holds for bikes with locking wheels, good,,,,,,,,,,,
3351,2195.0,inlandempire,https://inlandempire.craigslist.org/bik/d/victorville-super-73-bikes/7469317917.html,2022-04-09 19:14,Super 73 Bikes, steel, other, ., 20 in,7,"Brand New - The High Desert‚Äôs only factory authorized dealer -  Super 73 bikes in stock and available for immediate pickup.  Super73-R Olive Drab Green - $3,295   Super 73-R Dark Earth - $3,295  Super 73-S2 Electric Black - $2,995  Super 73-ZX Storm Gray -$2,195  Super 73-ZX Moon Rock - $2,195 - SOLD  Super 73-RX Rhino Gray - $3695 - SOLD  High Performance Electric Motorbikes  The SUPER73 is a high performance electric motorbike that does not require a license, insurance, or registration. All bikes come with a battery that you can easily charge with any standard 110v outlet. On this model, the battery is removable with a key, making it easy to charge both at home and in-between rides.  *Battery range estimates depend on conditions such as rider weight, speed, temperature, wind, tire pressure, terrain, incline, etc. Mileage may vary.", new,,,,,,,,,,,
3352,1.0,inlandempire,https://inlandempire.craigslist.org/mcd/d/corona-we-buy-bikes-get-paid-today/7468211948.html,2022-04-07 10:10,"üí∏üí∏ We Buy Bikes, Get Paid Today!üí∏üí∏",,,,,0,"Need to sell your bike?  Selling your bike can be a stressful and time consuming process. Having to deal with scammers, lowballs, window shoppers, and meet ups which might not always lead to sale.  Maali Motorsports takes away all the stress and turns your bike into cash!  We Offer: - Competitive pricing over other dealerships - Same day cash for your bike - Pickup service available if you're unable to bring it in - Loan payoff available for financed bikes - Transfer ownership of your bike with the DMV  Where can I go to get started?  Submit our form down below and our team will reach out. https://www.maalimotorsports.com/--sell-your-bike  Or give us a call with any questions at 951-339-9990  Maali Motorsports 1540 Commerce St STE B, Corona CA 92880     Honda enduro Yamaha 01 02 owner 03 1200r s2r 1299 electric 1299s 1299r 899 899r 899s bmw can-am canam indian Harley Harley-davidson Davidson hd vespa triumph victory ktm gas Benelli bennche big cbr-600rr cbr1000 cbr1000rr 1000rr fireblade fire blade r6 r6s r1 ZX14 ZX14R ZX-14 ZX-14R busa hayabusa 2016 2017 2018 2019 2010 zx1300r 1300r Suzuki Kawasaki black pearl green silver white gold yellow repsol ducati strada monster 821 1200 r1s r1m r1-m r1-s r1r r6r gsxr600 gsxr gsx- bombardier brammo buell cfmoto 2002 2003 2004 2005 genuine Hyosung kymco lance lifan moto mv agusta mv-agusta Polaris carbon fiber slingshot ssr sym swift motors zero aprillia lease loan finance onix Aprilia Cbr 250 r cbr250 cbr300 zx9r zx-9r 848 corse evo se street beginner first bike figher streetfighter superbike dark panigale 1198 1198r 1198sp 1098 onyx 1098r 1098s 999 999s 999r 748 748r 748s supersport cb650f cbr650f interceptor cb1000r grom z125 cb300f cb300 white silver z650 h2 600rr fxdbp fxdf club xl883n xl883l xl1200 xl1200x h2r cbr300r 300r ex250 ex250r cbr600rr 600rr cbr600r xl1200v 2000 2001 2006 2007 2008 2009 clean title 2010 2011 2012 2013 2014 2015 r600 15 16 17 gsxr-600 gsxr750 gsxr-750 04 05 06 07 gsx-r750 r750 08 09 ninja250 zx6r zx-6r zx-6 zx6-r zx cb ZX10R ZX-10R ZX10 10 750 gsxr1000 796 795 659 796 1100 800 959 ninet hp4 rsv4 rsv-4 rs-v4 rsv4rr multi diavel 11 12 13 14 project pink grey blue 1199 rent helmet trade 1199s 1199r exhaust toce superlegerra tricolore cbr500r 500r cbr-500r moto tuono shiver spyder blue red orange purple dragster 800 gsxr-1000 gsx-r1000 r1000 supersport sport gixxer liter leader 250r 300r 300 300r 650 650r ninja ZX10-R 10R 1200s zx13 zx9 abs krt winter test 400 pro z900 versys akrapovic two bros fz09 fz-09 fz 09 fz07 fz-07 09 r1s fz6 fz6r fz-6r fz10 mt10 fz-10 mt-10 bolt vstar v-star gsxr250 gsx-s1000 gsx-r1000 bouelvard sv650 sv650r gsx-s100 drz400 dr-400r super moto supermoto s1000rr 1000rr 18 19 20 s1000r yzf yzf-r6 yzf-r1 yzfr1 yzfr6 636 gs dirt scooter triple brp 675 675r street bob streetbob glide sportster dyna softail v-rod vrod touring cvo trike iron 883 forty-eight 48 forty eight superlow super low custom seventy-two low rider fat bob fatbob wide softtail boy lo deluxe heritage slim breakout night rod muscle road king electra fxdb",,,,,,,,,,,,
3353,75.0,inlandempire,https://inlandempire.craigslist.org/bop/d/hemet-bikes-parts-gallor/7468128920.html,2022-04-07 07:45,Bikes/parts gallor,,,,,19,"Several bikes, numerous wheels, forks, etc, buy the lot for $75 or will sale individual items cheap  Will update/delete post as sold, text preferred, David 951-282-18 two three", fair, various,,,,,,, other,,,
3354,2295.0,inlandempire,https://inlandempire.craigslist.org/sgd/d/electric-the-mid-drive-ebike-that/7468121019.html,2022-04-07 07:24,ELECTRIC! The Mid-drive eBike that Shreds! CyberBike eMountain Bikes!,,,,,15,"Introducing the New 2022 Cyberbike Electric Mountain Bikes   Riders agree: Nothing comes close to Cyberbike's combination of performance, value, style, and quality.  See the Cyberbike Mullet Pro in action HERE! (and here, by popular demand, is last year's intro featuring Division 1 Collegiate Mountain Racer Corey Jackson on the first edition Cyberbike) Order online for fast delivery at www.Cyberbike.com All 2022 Cyberbikes are in stock and ready to shred, Order yours before they're sold out!  More mid-drive power than ever Awesome new color graphic display Easier to ride, lower standover frame, the lowest of any mid-drive eMTB New, structurally superior, mountain ready rear suspension linkage The best brakes in the business, even Quad-piston brakes on some models! Massive brake rotors up to 220mm 34mm gold tube forks on some models up to 140mm travel Wider range of models  A proper e-Mountain bike needs to be mid-drive and have full suspension, it's as simple as that. Until now, if you wanted an electric mountain bike to tackle rugged trails, your choices have been heavy, low-quality, fat tire, hub-motor beach bikes, or legacy brands charging $4000 or more for low-power eBikes without full suspension.   Whether your knees are tired or you just want to shred, there is simply no better choice for performance and value than Cyberbike. An American company with great customer support: Cyberbike, USA. The mountains are calling. Will you answer?  Cyberbike eBikes come all with the quietest and most powerful motor in its class, with a long range (65 miles and more) battery, and powerful e-spec hydraulic disk brakes that will be there when you need them. A lightweight package with 500 watts of power, top-of-the-line battery range, and quality components, all for the price of an inexpensive yet stellar bike! You'll get so much more than other eBikes with the CyberBike, it's the real e-MTB experience for the adventurous rider. Performance, specs, and quality components throughout, and the best warranty in the industry, from an American company with experienced American mechanics on call for all your tech support needs.  54 volt/500 watt climbing power with 13Amp hour Li-Ion battery and only 52 lbs means you'll get power and tons of battery range. Now with available throttle! Now from only $2495 Note: Owning and riding comes with risks. Wear proper protection, properly maintain and check your bike, and ride within your limits. By purchasing our products you agree to take full responsibility for the ownership of your bike, including the above and all other reasonable precautions for yourself or anyone you allow to ride your bike.", new, Cyberbike,,,,,,,,,,
3355,450.0,inlandempire,https://inlandempire.craigslist.org/bik/d/patton-momentum-rocker-fat-tire-bikes/7467738166.html,2022-04-06 09:16,momentum rocker 3 fat tire bikes, aluminum, mountain, small/regular, 26 in,0,"I have 2 like new momentum rocker 3 7 speed fat tire bikes for sale . they are made by giant . 1 is regular size and has a few up grades $450.00 . the other is a small size $450.00 . or both for $850 . small size for riders 5'4""- 5'8"" . regular size for riders 5'7""- 5'11"". 2 new khali helmets size M/L $45 each . if you buy both bikes and helmets $925.00 . both only rode twice short distance.", like new, giant, momentum rocker 3, disc (mechanical), none,, none (rigid),,,,,
3356,100.0,inlandempire,https://inlandempire.craigslist.org/bik/d/beaumont-malone-bike-rack-holds-three/7466398985.html,2022-04-03 07:07,Malone Bike Rack Holds Three Bikes BC3-OS, aluminum, other, MPG 2139, other/unknown,5,"Like new, only used a couple of times on our hatchback, which we sold. Works perfectly for three bikes. Has a lock. Price is firm, we purchased for about $200 and it is in like new condition.",, Malone, BC3-OS,,,,,,,,,
3357,1300.0,inlandempire,https://inlandempire.craigslist.org/bik/d/corona-his-and-hers-schwinn-tank-bikes/7466257658.html,2022-04-02 15:58,his and hers schwinn tank bikes, steel, cruiser, 1, 26 in,7,Excellent condition   Lots of chrome  Lots of accessories  Lots of fun.   Selling as a pair   Just in time for summer   $1300 for both.   Or trade for something comparable   Low ballers you know who you are!!  You will be ignored so don‚Äôt even try.   Don‚Äôt need to sell.,,,,,,,,,,,,
3358,10.0,inlandempire,https://inlandempire.craigslist.org/bop/d/montclair-kid-bikes-price-slashed/7466249558.html,2022-04-02 15:37,Kid bikes price slashed,,,,,14,"Multiple bikes for sale: 1 - 16"" Hello Kitty bike @$10 1 - 18"" Hello Kitty bike @$10 1 - 18"" Hotwheels bike @$10 1 - 20"" Girl bike with basket on the front @$10 (need a little TLC) Please call  show contact info  and leave a message, will return call.  Cash Only", fair,,,,,,,,,,,
3359,219.0,inlandempire,https://inlandempire.craigslist.org/bop/d/moreno-valley-hollywood-racks-bike-rack/7463618702.html,2022-04-02 15:20,"Hollywood Racks Bike Rack for 2 to 4 Bikes - 2"" Hitches - Frame Mount",,,,,3,"Hollywood Racks Bike Rack for 2 to 4 Bikes - 2"" Hitches - Frame Mount  * Platform Rack * 4 Bikes * Fold-Up Rack * Fits 2 Inch Hitch * Class 3 * Hollywood Racks * Frame Mount * Hitch Lock  Lightweight and easy-to-use, this hitch bike rack is an efficient way to get 4 bikes to the trail. Curved wheel trays and adjustable frame clamps fit a wide variety of bikes. Anti-rattle, locking hitch pin reduces rack movement while driving.  Features: * Platform bike rack carries 4 bikes using your vehicle's hitch receiver * Padded frame holders with ratcheting straps hold bikes securely by the frame     * Holders slide up and down and rotate to fit almost any bike * Curved wheel trays with adjustable wheel straps let you carry bikes with different wheelbases * Removable pin and clip allow the rack to fold * Locking, anti-rattle hitch pin reduces movement of rack in hitch receiver  This Bike Rack for 4 Bikes lets you quickly and easily load bikes of almost any style, and it holds bikes by the wheels with no frame contact.  Platform bike rack carries 4 bikes using your vehicle's hitch receiver.  Front rack can be easily removed if you only need to carry 2 bikes.  Plus extra included.  Cash only Pick up only  Please text  show contact info",,,,,,,,,,,,
3360,500.0,inlandempire,https://inlandempire.craigslist.org/bik/d/winchester-his-and-her-bikes/7465001409.html,2022-04-01 16:39,HIS AND HER BIKES, steel, hybrid/comfort, MEDIUM-SIZED, 26 in,2,"MENS BIKE:          Like new Giant, Sedona DX, 26"", 24 speed bike.  With Shimano gearing, deluxe breaks, front shocks, kick stand, and         quick adjust seat.  The color is a bright dark RED/MAROON.  Includes Cateye odometer etc. with Instruction         Manual.  I am the original owner.  The bike has always been garage stored and is absolutely as near to new condition         as you can get.  $250.00 LADIES BIKE:        Near new condition Giant, Sedona DX, 26"", 24 speed bike.  With a Extra lightweight frame, Shimano gearing, deluxe         breaks, front shocks, kick stand, and quick adjust seat.  The color is a nice Lavender.  The bike has always been garage         stored and is in excellent condition.  $250.00  Face to face transaction only, cash only.  Can deliver locally within 10 miles or so.", like new, GIANT, SEDONA DX, caliper, none, flat, suspension fork (hardtail),,,,,
3361,1999.0,inlandempire,https://inlandempire.craigslist.org/bid/d/cerritos-best-value-bikes-1000w-soul/7465621122.html,2022-04-01 08:13,BEST VALUE E BIKES‚ö°Ô∏è 1000W SOUL FAST SONIC SABER ELECTRIC BIKE ‚ö°, aluminum, cruiser, XL, 26 in,24,"2022 SONIC SABER 1000W BUY DIRECT FROM THE MANUFACTURER PRICED FROM $1999  WWW.SOULEBIKES.COM/SABER  SOUL YOUTUBE CHANNEL E BIKE VIDS; https://www.youtube.com/watch?v=8AFtybdw1bM&list=PLoV1aLJxds4Qg1tSsr3TFb4RKRHGfsHab&index=1   With the influx of garbage electric bikes flooding the streets we decided to give the public what it wants. A high end premium performance electric bike for dirt cheap. So say goodbye to all the online crap, box store bargains and swap meet junk. The SONIC SABER delivers where all others fail.  Let‚Äôs start off with our $5,000 SONIC SS flagship frame and build off of it. For power we went with the reliable Bafang big daddy 750W hub motor that puts out a clean 1000W when matched to our 8AH integrated downtube battery. (optional 10.5AH available) We stack the front with a HD MTB lockout suspension fork Disc brakes and top it off our signature paint finishes. .    SABER SPECS: 6061 T6 AIRCRAFT HAND WELDED ALUM FRAME  INTEGRATED SAMSUNG 48V 10.5AH BATTERY CNC‚ÄôED DROPOUTS AND SUPPORT GUSSETS BAFANG 750W / 1000W PEAK POWER MOTOR - CLASS 2 5‚Äù BUTTER SOFT FRONT SUSPENSION FORK ADJUSTABLE PRE LOAD & LOCK OUT FRONT AND REAR DISC BRAKES  180 MM ROTORS 4‚Äù ALUMINUM RIMS  MTB TIRES  SHIMANO 7 SPEED GRIP SHIFT STAINLESS SPOKES / KMC CHAINS ALUMINUM PEDALS ALUM CRANKS  SOUL XL COMFORT SADDLES - REFLECTIVE LOGO - BOTTLE OPENER HD WELD ON KICKSTAND LIFETIME FRAME WARRANTY   UPGRADE TO THE SABER PRO SS:  LONG RANGE 14AH LG BATTERY, POWERFUL HYDRAULIC BRAKES, MINI COLOR DISPLAY, SOUL FAST VEE SPEEDSTER TRIES,  BILLET PEDALS, CRE HID HEADLIGHT, TIRE SEALANT, SEALED BEARING BOOTOM BRACKET, SOUL SIGNATURE 4130 CHROMOLY CRANKS, 31.8MM BILLET MTB STEM - ALUM BMX BARS  CALL US TODAY AT 833-EBIKE44 WWW.SOULBEACHCRUISERS.COM/SABER  SOUL YOUTUBE CHANNEL E BIKE VIDS; https://www.youtube.com/watch?v=8AFtybdw1bM&list=PLoV1aLJxds4Qg1tSsr3TFb4RKRHGfsHab&index=1   SOUL FAST EBIKES  CERRITOS CA - WILL CALL DISTRIBUTION HUB  HQ MESA AZ  ‚òéÔ∏èCall: 833-EBIKE44 (324-5344) üõçÔ∏èShop: www.soulbeachcruisers.com/saber", new, SOUL FAST E BIKES, SONIC SABER, disc (hydraulic), throttle, bmx, suspension fork (hardtail),,,,,
3362,3000.0,inlandempire,https://inlandempire.craigslist.org/mpo/d/riverside-honda-125-cb-collection-bikes/7454825316.html,2022-03-31 15:33,Honda 125 CB Collection 5 bikes and parts,,,,,5,5 Honda CB 125.  3 run 1 turns over.  3 have titles the Price is FIRM $3000. If you want to buy 1 bike the Price is $2999.99   so Figger it out All or I don't want to break up collection., good, Honda, 125 CB,,,,,,,,,
3363,700.0,inlandempire,https://inlandempire.craigslist.org/bik/d/riverside-se-bikes-purple-camo-big-flyer/7464483794.html,2022-03-29 11:51,SE Bikes Purple Camo Big Flyer, aluminum, bmx, Large, 29 in,4,"NO TRADES! If post is up it is still available... SE Bikes 29‚Äù Big Flyer Purple Camo used 3 times, great condition, nothing wrong with it. Low ballers will be ignored.", like new,,,, none, bmx, none (rigid),,,,,
3364,799.0,inlandempire,https://inlandempire.craigslist.org/mcd/d/dirt-bikes-50-off-all-kids-dirt-bike/7464407614.html,2022-03-29 09:21,DIRT BIKES 50% OFF ALL KIDS DIRT BIKE,,,,,24,"CHECK OUT OUR WEBSITE FOR UPDATES ON OUR INVENTORY.  WWW.REBELRACINGMOTORSPORTS.COM  NEW DIRT BIKES ON SALE NOW, SEMI AUTO OR CLUTCH STARTING AT $799.99 PLUS FEES. WHILE SUPPLIES LAST. GRAPHICS ARE OPTIONAL. WE STOCK ALL PARTS, ASSEMBLED IN THE U.S.! TRAINING WHEELS AVAILABLE, WE ARE THE LARGEST WHOLESALER IN THE U.S. SINCE 1995.  70cc NO CLUTCH $1599.99 ON SALE $799.99 - IN STOCK  70cc AUTO (SAME SIZE AS 50cc) $1799.00 ON SALE $899.99 - IN STOCK  110cc NO CLUTCH $2199.99 ON SALE $1099.99 - IN STOCK  125cc NO CLUTCH $2399.99 ON SALE $1199.99 - IN STOCK  125cc W/ CLUTCH $2399.99 ON SALE $1199.99 - IN STOCK  125cc NEW FRAME FULL AUTO $2399.99 ON SALE $1199.99 - IN STOCK  125cc BIG WHEEL W/ CLUTCH $2599.99 ON SALE NOW 50% OFF - IN STOCK  140cc FULL SIZE W/ CLUTCH $3399.99 ON SALE $1699.99 IN STOCK  THIS IS AN INVENTORY BLOWOUT SALE, OFFER GOOD WHILE SUPPLIES LAST. MUST BUY FROM DEALER INVENTORY ALL COLORS IN STOCK. NO SPECIAL ORDERS  WE ARE LOCATED AT 28822 OLD TOWN FRONT ST. SUITE #201 TEMECULA, CA. 92590.FEEL FREE TO CALL TODAY! (951) 699.3110. WE ARE CLOSED SUNDAYS AND MONDAYS.  WE ACCEPT ALL MAJOR CREDIT CARDS!  WWW.REBELRACINGMOTORSPORTS.COM  CHECK US OUT ON FACEBOOK TOO! www.facebook.com/RebelRacingMotorsports/     Keywords, Ducati Honda Harley Davidson Zuma Metropolitan Scooter Vespa Kawasaki Suzuki Ruckus Panigale Yamaha YCFR1 CBR GXR 49CC 50CC 125CC 149CC 150CC ATV PIT BIKE GO KART GROM pocketbike, pocketbikes, pocket bike, pocket bikes, Super Bike, Dirt Bike, dirtbike, superbike, xr, xr50, 50cc, 70cc, 90cc, 100cc, 110cc, 125cc, 150cc, Pit Bike, pitbikes, Honda, Yamaha, Go Cart, GoCart, GOPED, DIRT BIKE, DIRT BIKES, DIRT, MINI BIKE, MINI BIKES, POCKET BIKE, POCKET BIKES, YSR, GOKART, GOKARTS, GO-KARTS, 50, STUNT BIKE, STUNT BIKES, STUNT, SICK BIKE, SDG, BBR, ATV, crf50, crf, Chopper Mini, COOLSTER, TAOTAO tao motors , boulder, 125d,135d, Tforce, cheeta, bull, rhino, 110cc atv, 125cc atv, 135cc atv , 150cc atv, 250cc atv, 10cc dirt bike, 110cc atvs, 125cc atvs, 135cc atvs, 150cc atvs, 250cc atvs, 50cc dirt bikes, 50cc dirt bike, 110cc dirt bikes, 125cc dirt bikes, XR-125, M-125, QG-214,QG-214FC, QG-214S, ATV-3125C-2, 3125R, ATV-3150DX-4, ATV-3150CXC yz125, yz250, ttr, ttr230, ttr110, ttr50, pw50, suzuki, drz70, drz125, kids dirt bike, kx, crf50, crf110, crf125, crf150, crf230, crf250, klx110, klx140, yz85, pit bike, dirt bike, quad, atv, kids atv, kids atvs, dirt bike for kids, kids dirt bike, kids dirt bikes, full size dirt bike, mini bike, 50cc, 125cc, 110cc, 150cc, 200cc, 250cc, honda crf, kawasaki, yamaha, off road, chinese, cheap motorcycle, coolster, ssr, taotao, tao tao, db14, db17, pocket bike, Pit bike, dirt bike, 70cc, 50cc, 49cc, 80cc, 90cc, 110cc, 125cc, honda yamaha vespa kymco elite riva sym piaggio aprillia scarabeo moped scooter mini bike ssr coolster crf50 crf80 ssr, coolster, tao tao, 125cc, 110cc 90cc 70cc dirt bike pit bike bashan honda kawasaki mini bike, motorcycle, motorbike, kids dirt bike off road 250cc 200cc 190cc 150cc utv crf50 crf70 crf90 crf125 crf150 crf250 crf450 cr125 kx125 kx50 pw50 yamaha, quad, atv, kids quad, kids atv, off road, 125cc dirt bike, 125cc pit bike, 110cc dirt bike, 110cc pit bike, 70cc dirt bike, 70cc pit bike, 150cc dirt bike, 140cc pit bike, 200cc dirt bike, 250cc dirt bike, 90cc dirt bike Temecula, California, Menifee, Murrieta, wildomar, lake elsinore, perris, inland empire, riverside, san Bernardino, palm springs, desert , youth atv, youth quad, Apollo kids quad, apollo atv, apollo atv, apollo atvs, apollo quads, Apollo dirt bike, apollo pitbike, apollo kids dirt bike, apollo kids pitbike, apollo pocket bike, apollo kids pocket bike, tao tao dirt bike, tao tao kids dirt bikes, tao tao kids dirt bike, tao tao kids quad, tao tao kids atv, tao tao kids atvs, coolster dirt bike, coolster dirt bikes, coolster kids dirt bike, coolster kids dirt bikes, coolster atvs, coolster atv, coolster kids atv, coolster kids atvs, coolster kids quad, coolster kids quads. Are you looking for a discounted Scooter in *San Diego* *Redlands* *El Cajon* *Riverside* *San Bernardino* *Moreno Valley* *Mo val* * Mo-Val* *Corona* *Chino* Ontario* *Rancho* *Cucamonga* *Rancho Cucamonga* *Rialto* *Fontana* *Hemet* *Palm Springs* *Morongo Valley* *Yucca Valley* *Palm Desert* *Desert Hot Springs* *Apple Valley* *Coasta Mesa* *Pomona* *Anaheim* *Irvine* *Long Beach* *Torrance* *Los Angeles* *Santa Monica* *Pasadena* *Chula Vista* *Carlsbad* *Chula Vista* *Coronado* *Del Mar* *El Cajon* *Encinitas* *Escondido* *Imperial Beach* *La Mesa* *Lemon Grove* *National City* *Oceanside* *Poway* *San Diego* *San Marcos* *Santee* *Solana Beach* *Vista* Escondido* Carlsbad* our special deals on our scooters will save you from having to drive as far to get a great deal. Susanville, Sacramento, clovis, grass valley, OHIO, COLUMBUS, MARYSVILLE , Over land Park Kansas, St Louis MO, San Diego,Prescott, Arizona, Phoenix, Vespa, Moped, Motorcycle, Motor Scooter, Scooter, Scooters Motorized Bicycle, Pre-Owned Scooters, Piaggio Scooters, Genuine Scooters, Vespa Scooters, moped, vespa scooter, piaggio scooter, aprilia scooter, motoguzzi, bsa, Norton, royal enfield, triumph Bonneville, triumph thruxton, genuine buddy scooter, genuine stella scooter, genuine blur scooter, kymco like scooter, kymco super 8 scooter, kymco agility scooter, kymco people scooter, sym wolf 150, sym hd 200 hd200, sym fiddle scooter lance cali classic scooter, lance Havana scooter, lance pch scooter, lance cabo scooter, Honda ruckus scooter, Honda elite scooter, Honda grom scooter, Yamaha zuma scooter, Yamaha riva scooter, Yamaha vino scooter, caf√© racer, royal enfield, Suzuki gsxr gsx r , Honda cbr, ysr, Honda rebel 250, 50cc scooter moped, 125cc scooter moped, 250cc scooter moped, tao tao scooter, tank scooter, bms scooter, flyscooter flyscooters, znen scooter, ssr motorsports, ssr scooter, Italian scooter, electric scooter, electric moped, trike, three wheel scooter, sprint scooter, vespa p200, stella scooter, mini bike, pit bike, dirt bike, endure bike, zero motorcycle, scooter Genuine Buddy, Stella, Vespa, Honda, Yamaha, Piagio, Vino, Ruckus 50 125 SYM, Vespa, Buddy, Scooter, Scooter repair, Classic, 250, 150,Genuine Scooter service LX PX Rally, Lambretta, Motorcycle, Scooter, Training, Lessons, Classes, Course, Instruction, School, Los Angeles, M1, DMV, Honda, Rebel, Nighthawk, CB, 250, CB250, 300, CB300, 350, CB350, Suzuki, GS, GN, 125, GS250, GN125, GN250, Kawasaki, Ninja, Eliminator, Vulcan, 500, EN500, Yamaha, Star, Sym, Vespa, Piaggio, Kymco, Aprilia, Buddy, PCX, Metropolitan, Benelli, Peugeot, Hyosung, Zuma, Majesty, Ducati Honda Harley Davidson Zuma Metropolitan Scooter Vespa Kawasaki Suzuki Ruckus Panigale Yamaha YCFR1 CBR GXR 49CC 50CC 125CC 149CC 150CC ATV PIT BIKE GO KART GROM pocketbike pocketbikes pocket bike pocket bikes Super Bike Dirt Bike dirtbike superbike xr xr50 50cc 70cc 90cc 100cc 110cc 125cc 150cc Pit Bike pitbikes Honda Yamaha Go Cart GoCart GOPED ,DIRT BIKE,DIRT, MINI BIKE, POCKET BIKE, YSR, GOKART, 50, STUNT BIKE, STUNT, SICK BIKE, SDG,BBR ATV crf50 crf Chopper Mini  ‚Ä¢ do NOT contact me with unsolicited services or offers",,,,,,,,,,,,
3365,1200.0,inlandempire,https://inlandempire.craigslist.org/spo/d/temecula-spinning-nxt-spin-bikes-qty/7454059100.html,2022-03-29 07:57,Spinning Nxt Spin bikes- Qty 2,,,,,2,"I have 2 Spinning Nxt spin bikes - $600 ea. Great condition, used moderately. No damage or heavy wear marks.", excellent, Spinning, NXT,,,,,,, Adjustable,,
3366,1100.0,inlandempire,https://inlandempire.craigslist.org/bik/d/murrieta-electric-bikes-and-buggy/7464218821.html,2022-03-28 18:06,electric bikes and buggy, aluminum, cruiser," medium , cruiser", 24 in,6,"LB Electric..micargi , bikes his and hers plus child buggy, very nice, fast and batteries last for a long time alot to list, call if interested no trades or low ballers $1100 obo", excellent, LB, Electric,,,,,,,,,
3367,100.0,inlandempire,https://inlandempire.craigslist.org/bik/d/riverside-two-mountain-bikes/7464194408.html,2022-03-28 16:51,Two Mountain Bikes, other/unknown, mountain," 26""", 26 in,5,"Nearly new Huffy Rock Creen (woman's) and Dynacraft (man's) mountain bikes. As-is, where-is. These were used by a couple of students who stayed with us while taking some college courses. They were only used for a couple of weeks and are in nearly perfect condition. Some light wear and tear from use, but no major issues that we're aware of.   We're happy to part with them both at $200 or seperately for $100 each.  We don't know any details about the bikes.  They are nearly new and work. Tires are full tread and aired up. Chains are oiled and gear shifters work.",, Dynacraft,,,,, frame and fork (full suspension),,,,,
3368,800.0,inlandempire,https://inlandempire.craigslist.org/bik/d/menifee-alta-bike-rack-bikes/7463583163.html,2022-03-27 09:18,Alta Bike Rack 6 bikes,,,,,0,,,,,,,,,,,,,
3369,450.0,inlandempire,https://inlandempire.craigslist.org/snw/d/pomona-kids-50cc-gas-dirt-bikes/7451619879.html,2022-03-26 17:30,Kids 50cc gas dirt bikes,,,,,6,"**Brand New Dirt Bike for Kids and Teens** -50cc engine. -Automatic. -2 stroke. -Speed governor. -Support up 220 pounds. -Mph 35. **High performance Gas Dirt Bike** *Super Fast and Extremely fun* *asking 450 cash firm*firm* *pick up in Pomona ca*no Delivery* *hmu when you're ready to pick up please* *kids 5 to 13 its 29"" seat to the floor* *great for¬† Beginer bikes* *they are gas mixed with 2 cycle oil* *dont hmu to lowball me please prices are going up for everyone ...im firm text or call  show contact info",,,,,,,,,,,,
3370,450.0,inlandempire,https://inlandempire.craigslist.org/snw/d/pomona-kids-bikes-50cc/7451621129.html,2022-03-26 17:30,Kids bikes 50cc,,,,,5,"**Brand New Dirt Bike for Kids and Teens** -50cc engine. -Automatic. -2 stroke. -Speed governor. -Support up 220 pounds. -Mph 35. **High performance Gas Dirt Bike** *Super Fast and Extremely fun* *asking 450 cash firm*firm* *pick up in Pomona ca*no Delivery* *hmu when you're ready to pick up please* *kids 5 to 13 its 29"" seat to the floor* *great for¬† Beginer bikes* *they are gas mixed with 2 cycle oil* *dont hmu to lowball me please prices are going up for everyone ...im firm text or call  show contact info",,,,,,,,,,,,
3371,109.0,inlandempire,https://inlandempire.craigslist.org/fod/d/victorville-strider-sport-balance-bikes/7462947844.html,2022-03-25 14:53,Strider Sport Balance Bikes - NEW -  All Colors,,,,,0,,,,,,,,,,,,,
3372,800.0,inlandempire,https://inlandempire.craigslist.org/bik/d/norco-motiv-electric-bikes/7452169186.html,2022-03-25 05:24,Motiv electric bikes, other/unknown, cruiser, 26, 26 in,2,"Motiv ‚Äúthe spark‚Äù 48volt/16ah 2021 model electric bike.   This is the long range big battery version, not the cheap one. New price was $2600", good,,,, other,,,,,,,
3373,1.0,inlandempire,https://inlandempire.craigslist.org/wan/d/ontario-wanted-old-crusty-bmx-bikes-and/7462622946.html,2022-03-24 21:20,"Wanted, Old Crusty BMX Bikes and Parts. Top $$$ Paid",,,,,3,"Looking to buy old vintage BMX bikes and parts. Also looking for old stickers, patches or skateboards 70s, 80s or early 90s era. Email or Text",,,,,,,,,,,,
3374,777.0,inlandempire,https://inlandempire.craigslist.org/wan/d/ontario-wanted-cash-for-vintage-bmx/7462622703.html,2022-03-24 21:19,Wanted - Cash for Vintage BMX Bikes or Parts in any condition,,,,,3,"Cash for Vintage BMX Bikes or Bicycle Parts in any condition from the 70s, 80s or 90s.  Email or Text a pic of what you have and I will get back to you as soon as possible",,,,,,,,,,,,
3375,1299.0,inlandempire,https://inlandempire.craigslist.org/spo/d/ontario-125cc-fully-autodirt-bikes/7448551370.html,2022-03-22 10:10,125cc fully autodirt bikes,,,,,2,"Brand new 125cc dirt bikes, automatic four stroke gas powered, electric start!   Brand new, perfect condition  Cash, or we finance! Four months zero interest!", new,,,,,,,,,,,
3376,4000.0,inlandempire,https://inlandempire.craigslist.org/bik/d/riverside-evil-wreckoning-mountain-bike/7461277901.html,2022-03-21 17:05,Evil Wreckoning Mountain bike, carbon fiber, mountain, Large, 29 in,7,"This Evil Wreckoning is in great condition. This bike has top of the line parts. The whole bike was rebuilt recently and is in great working condition. The fox float x2 had been rebuilt 1 month ago (with the bike rebuild). The suspension is in top condition. The drivetrain and brakes are also in great condition. The shimano xtr drivetrain works amazingly. The xtr brakes have great stopping power and were also bleed a month ago (with the bike rebuild).The wheels were also trued with the bike rebuild. Everything is carbon including frame, cranks, bars, wheels and chainring. Brand new Maxxis tires too. Feel free to text me with any questions.  Parts List:  Fox 36 Factory   Fox Float x2  Xtr deralier Xtr cranks Xtr Hubs Xtr Brakes  Pro tharsis Bars, stem and seat  New tires: Front-Maxxis Assegai Rear-Maxxis Agresser  Carben wheel set  Lev dropper post  Doesnt includ the Dmr vault peddles but i will include blue deity peddles  180m", excellent, Evil Bikes, Wreckoning, disc (hydraulic), none,, frame and fork (full suspension),,,,,
3377,50.0,inlandempire,https://inlandempire.craigslist.org/bik/d/ontario-bikes/7452612402.html,2022-03-20 22:11,3 Bikes, steel, mountain, 26, 26 in,9,"3 used bikes , mongoose 21 speed Plus 2 Kids bikes ,girl and boy ,the mongoose has a new seat ,disassembled ,all need air , being stored for months,as is 50 dlls for all.", excellent, Mongoose,,,,,,,,,,
3378,1.0,inlandempire,https://inlandempire.craigslist.org/mpo/d/wildomar-vintage-italjet-mini-bikes-and/7460866163.html,2022-03-20 18:42,Vintage Italjet Mini Bikes And Spares,,,,,19,"This lot includes two complete motorcycles and lots of spare parts. The white bike is a 1991 Buster 2 that my son rode to victory at the 1992 World Mini. It starts and runs with a bit of fussing, but it has a broken fork spring. The other is a 70's MX50, I believe. I have not tried to get it running, but there is nothing wrong with the motor. It does, however, have serious grip rot. Both bikes are 50cc, Franco Morini S5 bottom ends, with centrifugal clutches. I don't have any parts specifically for the MX50, but the spare Buster engine and ignition parts fit both bikes. As the pictures show, there is a few years' accumulation of bits that will keep these bikes running. Many of these parts fit the early KTM and other Italian-made pee wee motors as well. I do not wish to separate, complete lot offered as is, reduced to $900.00 or best.  Thanks for your time!", good, Italjet, PeeWee / Mini,,,,,,, 50cc,,
3379,30.0,inlandempire,https://inlandempire.craigslist.org/bop/d/apple-valley-24-bike-and-18-bikes-20/7449071230.html,2022-03-20 16:11,"24"" bike and 2 18"" bikes  1 20"" bike ETC ETC  $30 FOR IT ALL",,,,,4,"Kids 1st Balance Bike 26"" Bike / Has 24"" front rim on it 2 - 18"" bikes - 20"" Has good tire and tube, cranks, pedals, Seat,  Bars, frame    all shown here $30  Or $20 per bike or Take the bundle for $30 :) I'm near Apple Valley food 4 less show contact info", good,,,,,,,,,,,
3380,65.0,inlandempire,https://inlandempire.craigslist.org/bik/d/wildomar-tray-style-bike-rack-riciver/7472992075.html,2022-04-18 17:41,TRAY STYLE-BIKE RACK 2‚Äù RICIVER, other/unknown, other, 0, other/unknown,10,Bike rack hitch recover 2‚Äù inch  For two bikes only easy to connect on your track-suv or any receiver. Is not demech or missing parts is all complete. Ready to use  For more info or or if you like to come see it please call me or text me  show contact info, excellent,,,,,,,,,,,
3381,12590.0,inlandempire,https://inlandempire.craigslist.org/trb/d/victorville-new-carson-85-20-race/7472977328.html,2022-04-18 16:55,NEW Carson 8.5 x 20 Race Trailer 7000 GVW,,,,,2,"We sell Carson Trailers and Parts   Ox Trailer LLC. 11494 Mariposa Rd  Hesperia, Ca. 92345 (760)948-4420    www.OxTrailer.com   NEW 8.5 x 20 Race Trailer, 7000 GVW, smooth skin, side door, rear ramp door, dove tail, $12,590.00  Open 7 days a week 8 am-5 pm    This listing is intended for people interested in cargo trailers, utility trailers, enclosed trailers, atv trailers, car haulers or car trailers, motorcycle trailers, toy haulers, or storage trailers.  The price advertised does not include doc fee, sales tax, license fee or tire fee.  We service and have parts for: RV Trailers, Toy haulers, Enclosed Trailers, Cargo trailers, Utility Trailers, Pace, Haulmark, Cargo express, Wells Cargo, Interstate, Look, Mirage, Carry on, PJ, Big Tex, Parker, Sun Country, Play Craft, Apache, Weekend warrior, Trail rite, Zieman, Forest River, dump trailers, Car Haulers, equipment trailers, Landscape Trailers, Heavy Duty Trailers, Race Trailers, Used Trailers, ATV, Dune Buggy, Quad, Sand Rail, Sand car  FINANCING AVAILABLE!!! MANY OPTIONS AVAILABLE FOR THIS MODEL!!! www.oxtrailer.com  HABLAMOS ESPA√ëOL   We service and have parts for: RV Trailers, Toy haulers, Enclosed Trailers, Cargo trailers, Utility Trailers, Az-Tek, Pace American, Haulmark, Cargo express, Wells Cargo, Interstate, Look, Mirage, Carry On, PJ, Big Tex, Texas Trailer, Parker, Sun Country, Play Craft, Apache, Weekend warrior, Trail rite, Zieman, Forest River, dump trailers, Car Haulers, equipment trailers, Landscape Trailers, Heavy Duty Trailers, Race Trailers, Used Trailers, ATV, Dune Buggy, Quads, Sand Rail, Sand Car, Side By Side, SxS, UTV, Dirt Bikes, Street Bikes, enclosed trailers, Norco trailers, Tilt Trailer, trailers for sale, Motorcycle Trailer, carson trailers, murrieta trailers, Side load, equipment trailer, heavy and light equipment trailers, heavy and light equipment_ trailer_, flatbed utility, Enclosed trailer, haulmark, equipment trailer, Pace Trailer, gooseneck trailer, enclosed_ trailer, Tilt Trailer, playcraft trailer, trailers, used enclosed cargo trailer, Dump_ Trailer_ cargo, bumper pull, equipment trailers, new trailers, lowboy, mirage trailer, used Dump, trailer enclosed, Dump Trailer, Stock Trailer, Covered Trailer, Car_ Hauler_ Trailer_ Carrier, used enclosed cargo trailer, bumper pull, dump trailer for sale, Trailer Specialist, trailer for sale, cargo trailer, utility trailer, Equipment Trailer, Interstate Trailer, Utility_ Trailer_, dump, car hauler, Tilt Trailer, cargo trailers, Steel Trailer, v trailers, car trailers, car trailers used Cargo trailer, pre-owned trailers, Torsion Axles, Aluminum Trailer, Roofing Trailer, look trailers, equipment trailer, ATV trailer, Enclosed trailer, Big Tex, Cargo, PJ Trailer, Covered Trailer, car trailers, Trailers, trailer, cargo trailers, beaumont trailers, car hauler, Trailer Parts, enclosed, Car hauler, Trailers, Car Carrier, trailer, norco trailers, cargo express trailers, trailer for sale, trailer enclosed, Side load trailer, trailer rental, Race car trailer, open trailers, landscape, Landscape Trailer, motorcycle, enclosed, Trailer, Stock Trailer, aluma, new trend custom trailers, tandem axle, sundowner, Big Tex, enclosed, trailer light, trailers for sale, gooseneck, trailer rental, Trailer Sales, Pace American, aluminum trailers, Cargo, trailer sales, san diego trailers, yucaipa trailers haulmark trailer, cargomate, cargo trailer, Enclosed, rv trailer, used Cargo trailers, Dump Trailer, continental cargo, Trailer hitch, used trailers, Flatbed trailer, Car hauler, Carry On Trailer, apache trailer, dump trailer, Interstate Trailer, utility, Spring Axle, Car Hauler, ATV trailer, flatbed trailer, TRAILER, Big_ Tex_, trailer axle, motorcycle trailer, wildomar trailers, car trailers, new trailers norco, gooseneck trailer, construction, Equipment Trailer, Race car trailer, gooseneck, Carry On Trailer, used trailers, Tilt_, Mirage trailers, trailers for sale, cargo trailer, trailer for sale, cargo, Motorcycle Trailer Enclosed, Flatbed trailer, Load Trail, Steel Trailer, wells cargo, Trailer hitch, Gooseneck_ Trailer_, Utility trailer, stacker, Wells cargo, ATV, Construction Trailer, used trailers, Utility Trailer, Cargo Trailer, Sun Country Trailer, Landscape Trailer, enclosed trailer, big tex gooseneck trailer single_ axle_ trailer_ gooseneck trailer, Car trailer used Dump, stacker, Cargo Trailer, utility trailer, aluminum trailers, Steel Trailer, Car hauler, Covered Trailer, car trailers used Cargo trailer, Cargo, Side load, gooseneck trailer, Tilt Trailer, Utility_ Trailer_, car trailers, Mirage trailers, Sun Country Trailer, san diego trailers, wells cargo, Motorcycle Trailer, Covered Trailer, pre-owned trailers, trailer enclosed, Big Tex, Torsion Axles, used trailers, motorcycle, enclosed_ trailer, ATV, norco trailers, Side load trailer, Enclosed trailer, Trailer hitch, Car Carrier, gooseneck, ATV trailer, murrieta trailers, TRAILER, Trailer, Trailer Specialist, cargo trailer, Stock Trailer, trailers for sale, equipment trailer, Spring Axle, mirage trailer, equipment trailer, cargomate, car hauler, wildomar trailers, cargo trailer, enclosed, aluma, Flatbed trailer, new trailers, used trailers, gooseneck trailer, heavy and light equipment_ trailer_, Equipment Trailer, Pace Trailer, trailer enclosed, playcraft trailer, Car Hauler, Motorcycle Trailer Enclosed, continental cargo, Flatbed trailer, haulmark, Gooseneck_ Trailer_, trailers, beaumont trailers, Landscape Trailer, Stock Trailer, flatbed utility, trailer sales, Interstate Trailer, Aluminum Trailer, Trailers, used Cargo trailers, trailer for sale, yucaipa trailers haulmark trailer, Big Tex, Construction Trailer, used trailers, Tilt_, carson trailers, Equipment Trailer, used enclosed cargo trailer, Carry On Trailer, car trailers, Load Trail, cargo trailer, trailer axle, dump, Pace American, look trailers, big tex gooseneck trailer single_ axle_ trailer_ gooseneck trailer, Wells cargo, cargo trailers, Trailer hitch, trailer rental, PJ Trailer, enclosed trailers, enclosed, car trailers, trailer, Landscape Trailer, used enclosed cargo trailer, equipment trailer, Roofing Trailer, Utility trailer, Dump Trailer, construction, Race car trailer, sundowner, Carry On Trailer, heavy and light equipment trailers, bumper pull, Dump Trailer, trailer light, Trailer Parts, landscape, Interstate Trailer, Tilt Trailer, trailers for sale, dump trailer for sale, Big_ Tex_, new trailers norco, Enclosed trailer, Trailers, Utility Trailer, Steel Trailer, tandem axle, lowboy, apache trailer, Car trailer, motorcycle trailer, Car hauler, Enclosed, equipment trailers, Trailer Sales, enclosed, Cargo, utility, open trailers, trailer for sale, trailer for sale, flatbed trailer, gooseneck, Race car trailer, Car_ Hauler_ Trailer_ Carrier, trailers for sale, Dump_ Trailer_ cargo, dump trailer, trailer rental, cargo express trailers, bumper pull, new trend custom trailers, v trailers, cargo trailers, enclosed trailer, Norco trailers, Tilt Trailer, rv trailer, cargo, car hauler, trailer, ATV trailer  Local Area: Antelope Valley, Palmdale, Ridgecrest, Lancaster, Apple Valley, Rosamond, Tehachapi, Phelan, Los Angeles, L.A., LA, Kern, Antelope Valley, Willow Springs, Mojave, Hesperia, Oak Hills, Victorville, San Bernardino, Riverside, Beaumont, Norco, Moreno Valley, Colton, Fontana, Anaheim, Barstow, Bakersfield, Corona, San Diego, Barstow, Yucaipa, Inland Empire, Banning, Blythe, Cathedral City, Eastvale, Hemet, Indian Wells, Indio, Jurupa Valley, La Quinta, Lake Elsinore, Menifee, Murrieta, Moreno Valley, Palm Desert, Palm Springs, Perris, San Jacinto, Temecula, Wildomar, Adelanto, Apple Valley, Big Bear Lake, Chino, Chino Hills, Grand Terrace, Highland, Loma Linda, Montclair, Ontario, Rancho Cucamonga, Redlands, Rialto, Twentynine Palms, Upland, Yucca Valley", new, Carson, RC202,,,,,,, 8.5 x 20-2, white, 2022
3382,60.0,inlandempire,https://inlandempire.craigslist.org/bop/d/temecula-hollywood-bike-rack/7472974610.html,2022-04-18 16:51,Hollywood Bike Rack,,,,,4,Hollywood Bike Rack Fits into 2‚Äù receiver hitch Holds 3 bikes  $60 obo, good, Hollywood,,,,,,,,,,
3383,850.0,inlandempire,https://inlandempire.craigslist.org/spo/d/thousand-oaks-exercise-bike-precor/7465892797.html,2022-04-18 11:25,Exercise Bike - Precor Rally - SPIN BIKE Indoor Cycling SPINNING CLASS,,,,,5,"If you're looking at this listing, you know this bike -- there's no 'selling' on it. It's one of the top Precor spin bikes!  Excellent condition; perfect functionality; cosmetic is 9 out of 10.  This price is per bike -- this is already the low/bulk price. Already lowered from $1050/bike. This is bottom dollar. AND, IT IS A GREAT DEAL AND OFFERING FOR THIS QUALITY OF COMMERCIAL GRADE SPIN BIKE! *** DO YOUR RESEARCH. ANY REPUTABLE COMPANY SELLING THESE BIKES IN BULK ARE AT LEAST $300+ HIGHER THAN WHAT I'M OFFERING FOR. **** and, this is a cash deal (no tax!!!!!!!!!!!!!!!)  GREAT FOR A STUDIO / FITNESS FACILITY / CLASSES OF ALL SIZES!! THIS LISTING IS FOR A MINIMUM OF 5 BIKES! THESE BIKES ARE NOT AVAILABLE TO BE SOLD INDIVIDUALLY.  ** however - if you want one for yourself... and, know a studio owner / facility manager and they need a fleet of bikes --- and, if you introduce us and we close the deal --- I'LL GIVE YOU A BIKE FOR FREE!  Cash deal / NO TAX!!!!! Delivery / Installation to ARIZONA available. Of course, this depends on number of bikes (as there is also freight options -- which I get pretty good (better than the rates of LTL ... and, realistically probably better than you'd fine--- UNLESS YOU'RE A FREIGHT COMPANY! :)  There is an entire fleet of 45+ available (actually 90 total) ** I have 45 in L.A.; 45 in Atlanta.  Equipment Features: Drive system Chain Handlebars Dip molded with fore-aft and up-down adjustment Resistance System Friction Pedal Mount Morse taper Pedals Dual sided, SPD compatible Frame Powder coated aluminum Color Semi-gloss metallic black Seat Adjustment Fore-Aft & Up-Down  Equipment Specifications: Maximum User Weight (lbs / kg) 350 lbs User Height Range (inches / cm) 4' 11"" to 6' 4"" Crank Width 162 mm  Equipment Dimensions and Weight: Length 58 in / 147.3 cm Width 20.4 in / 52 cm Height 49.5 in / 125.7 cm Equipment Weight 126 lb / 57.1 kg", excellent, Precor, Rally,,,,,,,,,
3384,1495.0,inlandempire,https://inlandempire.craigslist.org/spo/d/thousand-oaks-schwinn-spin-bike-ac/7465854777.html,2022-04-18 11:25,Schwinn Spin Bike - AC Power GYM Yoga Cardio HOME GYM Fitness,,,,,10,"If you're looking at this listing, you know this bike -- there's no 'selling' on it. It's top of the line Schwinn.  It is FULLY UPGRADED (you can't anything more to make it fully-loaded!): - Morse Taper Triple Link Pedals - Echelon2G console (latest version) + Crank Power Mater (4iiii) - Weight Bars + Rack (4lb and 6lb)  ** And yes, it has the generator (and, the red light that comes on below it when riding).  Excellent condition; perfect functionality; cosmetic is 9 out of 10.  Cash deal / NO TAX!!!!! Delivery / Installation available!  There is an entire fleet of 30+ available. Whether its one bike... 5, 10, 15, 20+ -- whatever it is, I'm sure I can accomodate. And, I GUARANTEE --- YOU WILL NOT FIND THIS BIKE (W/ ALL THE UPGRADES AND THE QUALITY OF IT) ANYWHERE ELSE FOR THIS PRICE ON THE PLANET! No way! I've actually looked all over the US to see what else is out there. NOPE!!! :)  ***** Sidenote -- IF you're interested in other bikes, I also have fleets of: - Schwinn AC Performance w/ Carbon Blue (white bikes) - 30+ (50 MORE IN MID-MAY) - Precor Rally (chain drive) (up to 90) - Star Trac Blade ION w/ console (chain drive) - (20)", excellent, Schwinn, AC Power,,,,,,,,,
3385,3700.0,inlandempire,https://inlandempire.craigslist.org/mcy/d/lake-elsinore-2002-suzuki-drz400-street/7472821475.html,2022-04-18 11:23,2002 Suzuki DRZ400. Street / Trail. Enduro. Excellent shape.,,,,,0,,,,,,,,,,,,,
3386,1195.0,inlandempire,https://inlandempire.craigslist.org/spo/d/simi-valley-schwinn-carbon-blue-spin/7463481121.html,2022-04-18 11:21,Schwinn CARBON BLUE Spin Bike CARDIO Indoor Cycling EXERCISE BIKE Spin,,,,,5,"INDOOR CYCLING EXERCISE BIKE SPIN BIKE SPINNING  PRICE DROP FROM $1495!!  EXCELLENT CONDITION - VERY CLEAN! - COMES WITH ECHELON 2 CONSOLE w/ POWER UPGRADE ($600 upgrade)! - TRIPLE LINK PEDALS (SPD; Look Delta; Toe Cages) ($140 upgrade). - BODY BARS (4 AND 6LB) + RACK ($200 upgrade)  There are limited number of bikes available.  DELIVERY AVAILABLE.  You know this bike, which is why you're looking at this. You know all the specs then, most likely. If you need detail, I'll get it to you.  The ride is as you would expect and just a great bike. So, here's an opportunity to have a Carbon Blue in your home for 1/2 of the price of purchasing a new one.",,,,,,,,,,,,
3387,800.0,inlandempire,https://inlandempire.craigslist.org/bik/d/riverside-custom-bmx-bike/7472812001.html,2022-04-18 11:10,custom bmx bike, titanium, bmx, 20‚Äô, 20 in,4,Cult grips tires and rims  Fit frame  stranger stem  Kink pegs  Amazon pedals (good quality )  Cleaned and maintained  Used for personal use  Slight scratches on fram and bars due to crashes (none injuring the bikes function )  Cash only Pickup only  Asking $800, good, custom,, none, none, bmx, none (rigid),,,,,
3388,1850.0,inlandempire,https://inlandempire.craigslist.org/fuo/d/crestline-8ft-regulation-world-of/7471192315.html,2022-04-18 10:02,8ft regulation World of Leisure pool table,,,,,2,"4 X 8 world of leisure  - excellent wood finish - complete with accessories - new felt top - tapered leg design  delivery/setup INCLUDED $1,850 calls only please: 9/5/1/6/6/five/eight/seven/1/8                                        Price is Firm # I have 2 of these bikes just alike training wheels - handle bar pad coaster brake quick release adjustable seat - chain guard Chain guard ready 2 ride trade ins welcome have other bikes we repair bikes credit cards welcome 5% extra Poinciana FL 34758 Vintage coffee table by Gordon‚Äôs Inc. Designed in the chinoiserie style, this table is constructed of solid wood and features floral brass bracket accents on the upper corners of the legs. Table top has 4 beveled glass inserts.  Dark mahogany color 38‚Äù square, 16‚Äù H  Does have some wear around the top edges and some knicks/scratches to the top, but this table is sturdy and has lots of life left! Nine piece chili set from The Main Ingredients. In excellent condition. Includes four bowls, salt and pepper shakers, condiment tray and large serving bowl with top. Microwave and dishwasher safe. BENCHMADE LIMITED EDITION CPM-S30V BLUE CLASS...GRIZZLY RIDGE VERY NICE... KNIFE KNIVES $200.00 FIRM", like new, pool / tables,,,,,,,,,,
3389,3000.0,inlandempire,https://inlandempire.craigslist.org/tro/d/murrieta-gmc-chevy-truck-camper-mini/7472771024.html,2022-04-18 09:57,Gmc /Chevy Truck Camper Mini Bug Out,,,,,8,"Custom built mini camper  With a flat bed area fort motorcycles, quads, bikes or extra camping gear Plush interior with opening back and side doors  Very comfortable to sleep in Great for a bugout trailer, or just take it anywhere to camp Will fit a full size quad and motorcycle on the flatbed area and has tie down hooks bolted on the deck Also utilizes the original emergency brake from the truck so you can set it while unhooked from the tow vehicle Has heavy duty roof cross bars for kayak or canoe or solar panels Has a diamond plate aluminum tool box attached to the front Utility camper shell with opening sides and doors Comes with 2 full size spares Total length is 18‚Äô ft 6‚Äù The flatbed deck is 5 ft front to back and  6‚Äô 6‚Äù Will consider a trade towards a 2009-2012 Rav4 4wd Or a trials bike like beta, sherco, gasgas, montesa",, Gmc, Truck,,,,,,,, brown, 1990
3390,160.0,inlandempire,https://inlandempire.craigslist.org/bik/d/temecula-refurbished-motiv-hybrid/7469050710.html,2022-04-18 09:51,Refurbished Motiv Hybrid, aluminum, hybrid/comfort, Medium, 26 in,5,"Refurbished Motiv Newport comfort cruiser hybrid bike. 26"" wheels, medium frame.  I'm a former tech and everything on this bike has been professionally tuned and detailed. New tires, chain, grips, and cables/housing.  Great for riding around town. Comfort features include: front and rear suspension, gel seat, and adjustable stem for more upright rider position.  Shimano 7/21 speed drivetrain  Free water bottle cage and bell  $160 Firm  Thanks for looking  ------------------------------------------------------------ Have an older bike that needs refurbishing or selling? message me; I do repairs, purchases, and trade in credits to bikes that I'm selling.", excellent,,,,,,,,,,,
