,Price,Location,URL,Date,Title,num image,text,condition,bicycle frame material,bicycle type,frame size,wheel size,make / manufacturer,model name / number,size / dimensions,brake type,electric assist,handlebar type,suspension,part type,serial number
5780,15999.0,eastco,https://eastco.craigslist.org/trb/d/arvada-enclosed-vnose-trailers-20ft/7468847844.html,2022-04-08 17:30,ENCLOSED VNOSE TRAILERS 20FT 24FT 28FT 32FT FINANCING IS AVAILABLE,24,"WE ARE A FACTORY DIRECT TRAILER DEALER ALL TRAILERS ARE DELIVERED TO YOUR DOOR FROM THE FACTORY DELIVERY IS FREE IN MOST STATES 15% DEPOSIT REQUIED TO PLACE ORDER BALANCE DUE TO DRIVER WHEN TRAILER IS DELIVERED DELIVERY USUALLY TAKE ABOUT A WEEK ON STANDARD IN STOCK TRAILERS CHECK OUT OUR WEBSITE FOR MORE INFO OR GIVE US A CALL  BIGENCLOSEDTRAILERS.COM  FINANCING IS AVAILABLE  516 503 2826 CALL OR TEXT NOW  BIGENCLOSEDTRAILERS.COM  STANDARD CAR/CARGO HAULERS 8.5 x 20’ $15999 DELIVERED TO YOU 8.5 x 24’ $16999 DELIVERED TO YOU 8.5 x 28’ $17999 DELIVERED TO YOU 8.5 x 32' $19999 DELIVERED TO YOU 24' Blackout Trailer $17999 DELIVERED TO YOU 24' Snowmobile ATV Drive through Trailer--Free Delivery--$17999.00 Triple Axle 32ft with 5200lb axles $24999 BLACK AND WHITE ARE STANDARD COLORS CUSTOM COLORS ARE AVAILABLE AT AN EXTRA COST AND TAKE LONG TO BUILD  FULLY FINISHED RACE CAR TRAILERS ALSO AVAILABLE  BIGENCLOSEDTRAILERS.COM  516-503-2826  RACE CAR TRAILERS 28FT $29999 32FT $34999 36FT $38999 TRIPLE AXLE   MOST RACE CAR TRAILERS ARE CUSTOM BUILT AND TAKE 12 TO 14 WEEKS TO BUILD MAYBE LONGER IN CERTAIN CASES DUE TO COLORS AND EXACT OPTIONS REQUESTED SEE LIST OF UPGRADES AND OPTIONS ON OUR WEBSITE BIGENCLOSEDTRAILERS.COM  BIGENCLOSEDTRAILERS.COM  CUSTOM TRAILERS TAKES 10 TO 12 WEEKS TO BUILD MOST STANDARD TRAILER SIZES IN STOCK AND READY TO GO  VISIT OUR WEBSITE BIGENCLOSEDTRAILERS.COM  Custom colors and options are available Trailers are aluminum body on steel frame with Plywood interior Features: radial tires-led lights-emergency brake away Brakes on both axles-Dual 5200lb axles OR 3500lb axles-rear ramp door- Side door-locks on both doors  ALL STANDARD TRAILERS--- --6 1/2 interior height ---unfinished plywood interior ---Aluminum Body on Steel Frame ---Side Escape Door-$550 extra-makes it easy to open the car door when you pull it in the trailer ---3500LB DOUBLE AXLES-UPGRADED AXLES AVAILABLE   Enclosed Vnose Trailers Great for Toys Cars Motorcycles ATVS UTVS Moving Storage 6 X 12 $11999 Singles axle 7 x 16 dual axle $13999  CALL OR TEXT 516 503 2826 STEVE WWW.BIGENCLOSEDTRAILERS.COM FINANCING IS AVAILABLE WWW.BIGENCLOSEDTRAILERS.COM  ALL TRAILERS MUST BE DELIVERED AS THEY COME STRAIGHT FROM THE FACTORY TO YOUR FRONT DOOR 15% DEPOSIT REQUIRED     There are several uses for a utility trailer. Here is a glimpse at just the top ten uses of utility trailers:  1.Automobiles: From time to time it becomes necessary to haul an inoperable car or truck. Tow trucks are expensive, especially if the distance is great. A utility trailer is a great way to haul vehicles and a good investment if you need to do so regularly.  2.Boats: If you have a boat, you will need a utility trailer to get it to and from the water.  3.Lawn Care Equipment: If you live in a rural area, you may find that you need to haul your mowing equipment from one piece of your property to another. Packing equipment and loading it into a pickup truck bed can get old very quickly. A utility trailer will allow you to drive your equipment right up onto the trailer without the aid of ramps or two strong men.  4.Furniture: Moving furniture is a breeze with a utility trailer. Furniture dollies roll right up onto the trailer and you can haul more than you can with a pickup.  5.Building Supplies: Do you have projects that need to be done around the house? Pick up your own building supplies and save on delivery fees.  6.Bikes, Motorcycles, and ATVs: Recreational vehicles are best hauled on a utility trailer.  7.Livestock: An enclosed utility trailer is most often used to haul livestock.  8.Auction and Flea Markets: If you frequent auctions and flea markets, you will need the hauling capability to bring home your inexpensive and rare finds.  9.Appliances: Utility trailers are ideal for hauling appliances.  10.Debris and Trash: Loading trash in and out of your pickup bed can be cumbersome and clean up can be messy, but it would be worse to have to haul trash in your SUV. Clean up after a big job is a lot easier with a utility trailer.  As you can see, there are many reasons why an investment in a utility trailer is a smart move. I'm sure that with a little time, and its easy availability, you will come up with even more ways to use a trailer  ATV UTV SXS MOTORCYCLE BIKE TRANSPORT HAUL MOVE CAR TRUCK MOVING TRAVELING STORAGE CARGO LOADS AUTHORITY BOAT HAULING BUSINESS BUSINESS FOR SALE JOB SALES CONSTRUCTION EQUIPMENT STEEL RAZOR SNOWMOBILE POLARIS YAHAMA WILD CAT MACHINE AUTOMOBILE AUTO VAN TOWING TOW VECHICLE SNOW RAIN BOX TRUCK FLATBED GOOSNECK BUMPER PULL HITCH BALL WEATHER BUY WOOD Westchester County, NY Amawalk, Annsville, Archville, Ardsley, Ardsley-on-Hudson, Armawalk, Armonk, Arthur Manor, Banksville, Bayberry Park, Bedford, Bedford Center, Bedford Hills, Beech Hill, Beechmont, Beechmont Woods, Bonnie Crest, Boutonville, Briarcliff Manor, Bronxville, Bronxville Heights, Bryn Mawr Park, Buchanan, Buckhout Corners, Butlerville, Cecil Park, Cedar Knolls, Chappaqua, Chauncey, Chester Hill Park, Chimney Corners, Colonial Acres, Colonial Heights, Crestwood, Crestwood Gardens, Crompond, Cross River, Croton Falls, Croton Heights, Croton-on-Hudson, Crotonville, Crugers, Dobbs Ferry, Dunwoodie, Dunwoodie Heights, East Irvington, East White Plains, East Woods, Eastchester, Eastview, Elmsford, Elmsmere, Fairview, Fleetwood, Forest Knolls, Fox Meadow, Furnace Woods, Gallows Hill, Glendale, Glenville, Glenwood, Goldens Bridge, Graham, Granite Springs, Grant Corner, Greenhaven, Greenville, Grey Oaks, Greystone, Gunther Park, Harrison, Hartsdale, Hastings-on-Hudson, Hawthorne, Heath Ridge, Heathcote, Heritage Hills, Homestead Park, Horseshoe Hill, Horton Estates, Huguenot Park, Irvington, Isle of San Souci, Jefferson Valley, Katonah, Kitchawan, Lake Katonah, Lake Lincolndale, Lake Mohegan, Lake Purdy, Larchmont, Lawrence Park, Lewisboro, Lincoln, Lincolndale, Lowerre, Ludlow, Mamaroneck, Maplewood, Mariandale, Millwood, Milton, Mohegan Heights, Mohegan Lake, Montrose, Mount Airy, Mount Hope, Mount Kisco, Mount Pleasant, Mount Vernon, Murdock Woods, Murray Hill, Nepera Park, Nepperhan, New Rochelle, North Salem, North White Plains, Oceola Lake, Orienta, Oscawana, Ossining, Park Hill, Parkside, Peekskill, Pelham, Pelham Manor, Philipse Manor, Pinebrook, Pinebrook Heights, Pleasantside, Pleasantville, Pocantico Hills, Port Chester, Pound Ridge, Purchase, Purdys, Purdys Grove, Quaker Ridge, Quarry Heights, Residence Park, Ridgeway, Rochelle Heights, Rochelle Park, Roe Park, Rosedale, Rye, Rye Brook, Salem Center, Sarles Corners, Scarborough, Scarsdale, Scarsdale Downs, Scarsdale Park, Scotts Corners, Secor Gardens, Shenorock, Sherman Park, Shore Acres, Shrub Oak, Sleepy Hollow, Sleepy Hollow Manor, Somers, South Salem, Sparta, Spring Valley, Stanwood, Sun Haven, Sunny Brae, Tarrytown, Thornwood, Toddville, Tompkins Corners, Tuckahoe, Twin Lakes Village, Valhalla, Valley Pond Estates, Van Cortlandtville, Vernon Park, Verplanck, Victory Park, Vista, Waccabuc, Waverly, West Mount Vernon, White Birches, White Plains, Whitehall Corners, Wilmot Woods, Windmill Farm, Woodlands, Woodybrook, Worthington, Wykagyl, Wykagyl Park, Yonkers, Yorktown, Yorktown Heights, brooklyn, queens, manhattan, nyc, bronx, staten island, long island, hudson valley",,,,,,,,,,,,,,
5781,5100.0,eastco,https://eastco.craigslist.org/mcy/d/sterling-2009-harley-davidson-883/7472144422.html,2022-04-16 13:30,2009 Harley Davidson 883 Sportster,6,"Runs and handles like new. All services up to date as of 14 April 2022  to include new battery, new spark plugs- new air filter      new oil and oil filter -new brake pads front and rear- new Dunlop tire front an rear. Also comes with detachable windshield and detachable passenger  backrest with luggage rack . Also comes with blue tooth speakers that mount on handlebars.    The exhaust pipes are Vance & Hines. All of  this adds up to over $1500.00 in accessories. The bike has a really short seat height.   You can get on this bike and ride any where you want right now!!!! there is nothing to fix or worry about.            BUY IT- INSURE IT- RIDE IT..................O.B.O.",,,,,,,,,,,,,,
5782,1599.0,eastco,https://eastco.craigslist.org/spo/d/sterling-expresso-fitness-hd-e3-upright/7459351255.html,2022-04-15 08:14,EXPRESSO FITNESS HD E3 UPRIGHT BIKE,3,"The Expresso HD Upright Bike is the coolest and most fun piece of cardio equipment ever imagined. A powerful motivator for all fitness levels, Expresso HD keeps exercisers engaged, improving and loyal. Challenges bring the community together working towards a common goal. Not to mention it’s a killer showpiece for your home or fitness facility. The Expresso HD Upright Bike is our most popular model and the gold-standard in interactive cycling.    Adjustable Seat:20 Height Positions 7 Horizontal Positions Interchangeable with Any Standard Bike Seat Steering: Turn Handlebars to Steer While Riding Resistance: 30 Gears Automatically Adjusts to the Grade on the Screen Screen: 23″ HD Display Power: 100-220V AC 50/60 Hz TV Compatible with Coax Cable Connectivity: Wireless (WiFi 802.11n+), Wired (Gigabit LAN+) WIFI Compatible eLive Subscription (Not Included) (Not Needed) – In Order to Benefit from Internet Connection an eLive Subscription Can be Purchased Through Expresso Her", excellent,,,,,,,,,,,,,
5783,100.0,eastco,https://eastco.craigslist.org/mpo/d/wray-vintage-easyriders-magazines/7469297190.html,2022-04-09 18:40,Vintage Easyriders magazines,0,"I have most all monthly issues from 1995-2002 Easyriders magazine collection.   Kept through the years for ideas on a bike build.  Never got the bike built do to life's path.   Will not ship, but will meet within reasonable distance.",,,,,,,,,,,,,,
5784,6500.0,eastco,https://eastco.craigslist.org/mcy/d/log-lane-village-1980-flh-harley/7464247664.html,2022-03-28 21:03,1980 FLH Harley Davidson,0,1980 FLH shovelhead. Good running bike that was totally gone through by the previous owner.  It has an S&S 96 motor and an aftermarket 5 speed in it. Runs good looks good.  $6500 obo,,,,,,,,,,,,,,
5785,4500.0,eastco,https://eastco.craigslist.org/mcy/d/lamar-2004-yamaha-r1/7461719636.html,2022-03-22 18:19,2004 Yamaha R1,0,,,,,,,,,,,,,,,
5786,100.0,eastco,https://eastco.craigslist.org/bik/d/akron-adult-and-kids-bike/7461276088.html,2022-03-21 18:02,Adult and kid's bike,0,Adult and kid's bike sold together for $100.,, steel, cruiser, 26-in and 14 in, 26 in,,,,,,,,,
5787,80.0,eastco,https://denver.craigslist.org/bop/d/denver-schwinn-hitch-bike-rack-bikes/7471099258.html,2022-04-18 16:54,SCHWINN HITCH BIKE RACK 4 bikes,5,"Extra clean Schwinn hitch bike rack with locking pin, ready to install. Nice one: holds four bikes, fits 1-1/4' hitch, folds forward and arms fold down. Modern rack will look good in any car new or old.   (If you want this rack, just ask for the Schwinn rack)  $8OCASH-TEXT ME @*3*[]*3*5*8*2*4*4*I*O*THANK YOU", excellent,,,,, TEXT ME @, 3*O*3*5*8*2*4*4*I*O, 4 BIKES,,,,,,
5788,5.0,eastco,https://fortcollins.craigslist.org/bik/d/fort-collins-bikes-for-sale/7472945260.html,2022-04-18 16:35,Bikes for sale,0,,,,,,,,,,,,,,,
5789,65.0,eastco,https://denver.craigslist.org/bik/d/broomfield-bikes-for-sale/7472878202.html,2022-04-18 14:12,2 bikes for sale,0,"I have a 16"" schwinn gremlin Please text if you need more info",, other/unknown, kids, Not sure, other/unknown, Specialized/ Schwinn,,,,,,,,
5790,800.0,eastco,https://denver.craigslist.org/bop/d/golden-bikes-and-parts-for-sale/7472872246.html,2022-04-18 14:01,3 Bikes and parts for sale,0,,,,,,,,,,,,,,,
5791,100.0,eastco,https://fortcollins.craigslist.org/bik/d/fort-collins-new-colorado-bikes-cruiser/7472833100.html,2022-04-18 12:48,New Colorado Bikes Cruiser,12,New Condition Colorado Bikes Cruiser Single Speed Front Headlight Ridden only 2-3 times Beautiful Turquois/Green color, new, steel, cruiser, 22.5in, 26 in, Colorado Bicycles, Colorado Bikes,, coaster, none, cruiser, none (rigid),,
5792,2299.0,eastco,https://denver.craigslist.org/bik/d/denver-2022-premium-bikes-for-sale-fast/7466498553.html,2022-04-18 10:29,2022 Premium E-Bikes for Sale! Fast Beach Cruisers | Fat Tires - 30mph,24,"All models come with the upgraded 10.5Ah Batteries with 40+ mile usage!  (3zero3) 48zero 54five1  ON A BUDGET?  The SONIC SABER is the most the affordable premium performance electric bike in the industry.  Let’s start off with our SONIC SS flagship frame and build off of it. For power, we went with the reliable Bafang big daddy 750W hub motor that puts out 1000W peak power.  HOW FAR? Level one pedal assist fourth gear lightly pedaling (13mph) with the stock 8AH battery we’ve clocked 30+ miles. The optional 10.5AH will gain another 8-10 miles. With a 1000W peak power it’s super efficient cruising yet crack the throttle and have some  fun.   MODEL: SONIC SABER  BODY POSITION: Upright  SUGGESTED USE: Cruising & Terrifying The Streets  ELECTRIC BIKE CLASS: Speed Pedelec (Class 2)  WARRANTY: Lifetime frame warranty, 1 year parts, 16 months *motor  & battery  AVAILABILITY: World Wide  MODEL YEAR: 2022  TOTAL WEIGHT: 58 lbs  BATTERY WEIGHT: 5.1 lbs  MOTOR WEIGHT: 12 lbs  FRAME MATERIAL: 6061 Aluminum Alloy  FRAME SIZES: 19 in (48.26 cm)  GEOMETRY MEASUREMENTS 26″: 19″ Seat Tube, 26″ Reach, 30″ Standover Height, 34.5″ Width, 79″ Length, 35.5″ Minimum Saddle Height. Handlebar height 4′  FRAME FORK DETAILS: Front suspension fork with 5” of travel.  FRAME REAR DETAILS: 170mm Hub Spacing, 11/32nd Axle with 15mm Nuts  GEARING DETAILS: 7 Speed Shimano derailleur  SHIFTER DETAILS: Shimano Revo grip shift  CRANKS: *Alum – 42T Chainring  PEDALS: XL Alum  HEADSET: Integrated  STEM: Alum 180º Adjustment Range  HANDLEBAR: *Steel, BMX Style, 180mm Rise, 870mm Length, 30º Back Sweep  BRAKE DETAILS: Mechanical disc, 180mm Front Rotor / rear Rotor, Motor Inhibitors, 2-Finger Levers with Adjustable Reach.  SADDLE: Grand Star Oversize, Quilted, Rubber Bumpers, Reflective Logo on Rear  SEAT POST: Aluminum Alloy  SEAT POST LENGTH: 350 mm  SEAT POST DIAMETER: 27.2 mm  RIMS: Aluminum Alloy, Punchouts, 36 Hole  SPOKES: Stainless Steel, 14 Gauge, Black with Chromed Brass Spoke Nipples  TIRES: MTB 26×3″  WHEEL SIZE: 26 in (66.04cm)  TIRE DETAILS: 10 to 30 PSI (0.4- 2.1 BAR)  TUBE DETAILS: Schrader Valve  ACCESSORIES: Integrated front headlight  & rear tail light  MOTOR BRAND: 26″ Bafang 750 / 1000W peak  MOTOR TYPE: Hub motor  MOTOR NOMINAL OUTPUT: Mens 26″750 watts  MOTOR PEAK OUTPUT: 1000 watts under load  MOTOR TORQUE: 750W 80 Newton meters  BATTERY BRAND: Samsung  BATTERY VOLTAGE: 48 volts  BATTERY AMP HOURS: 8ah  BATTERY CHEMISTRY: Lithium-ion  CHARGE TIME: 6.5 hours  ESTIMATED MIN RANGE: 30-40 miles  ESTIMATED MAX RANGE: 30+ miles  DISPLAY TYPE: Black & white  READOUTS: Clock, Trip Distance and Timer, Odometer, Current Speed, Average Speed, Maximum Speed, Assist Level (0-5)  DISPLAY ACCESSORIES: Independent Button Pad on Left, Buttons: Up, Down, M, Power (Hold Down for Walk Mode, Press M to Cycle Trip Readouts, Press Power to Cycle Distance and Range Readouts)  DRIVE MODE: Cadence Sensing Pedal Assist, Trigger Throttle (12 Magnet Sealed Sensor)  TOP SPEED: Class 2, 25MPH  – Off road use 28+ mph *", new, alloy, cruiser, 19 inch, 26 in,,,, disc (mechanical), throttle, cruiser, suspension fork (hardtail),,
5793,50.0,eastco,https://denver.craigslist.org/bik/d/denver-barely-used-bikes/7460708449.html,2022-04-18 09:24,Barely used bikes,2,Cleaning out garage.. selling 2 barely used bikes (Road master) $50 each..  plz note.. the person holding the bike is 6'4. These are both adult bikes. MAYBE used 3 times... pretty much brand new!!, new, other/unknown, other, adult, other/unknown,,,,,,,,,
5794,100.0,eastco,https://denver.craigslist.org/bik/d/denver-mens-road-bikes/7461103359.html,2022-04-18 09:14,Men's ROAD Bikes,0,,,,,,,,,,,,,,,
5795,200.0,eastco,https://denver.craigslist.org/bik/d/aurora-trek-bikes/7472699938.html,2022-04-18 08:51,2 Trek bikes,9,*1 -trek series B- alpha aluminum bike  26x2.0 tires. good condition.   *1 -trek 820- well used. Needs new tires   Serviced recently. Bought at bicycle village (Arvada) a few years ago- $200 each   Selling- $200 for both or $125 each  ***Open to offers ****cash works best  Cross posted,, other/unknown, mountain, Large, 26 in,,,,,,,,,
5796,150.0,eastco,https://fortcollins.craigslist.org/bik/d/fort-collins-bikes-for-sale-and-extra/7472694649.html,2022-04-18 08:40,Bikes for sale and extra tires,0,A few bikes for sale 150 dollars has extra tires and rims, good, other/unknown, other, 27, 27.5 in,,,,,,,,,
5797,80.0,eastco,https://denver.craigslist.org/bik/d/littleton-bike-rack-bikes-carried/7466397779.html,2022-04-18 08:22,Bike rack 4 bikes carried,2,Great shape all parts including 2 inches reciever phone number  show contact info,, steel, mountain, Large, 26 in,,,,,,,,,
5798,150.0,eastco,https://denver.craigslist.org/bik/d/littleton-bike-rack-bikes-carried/7466400312.html,2022-04-18 08:21,Bike rack 4 bikes carried,0,Great shape all parts including lock and key swinging system 2 inches reciever phone number  show contact info,, steel, mountain, Large, 26 in,,,,,,,,,
5799,110.0,eastco,https://denver.craigslist.org/bik/d/aurora-cruiser-bikes-his-and-her/7471894492.html,2022-04-18 07:24,"2 cruiser bikes ,his and her, Raleigh and Schwinn",9,"2 cruiser bikes, his and her.  Raleigh Sprite, 5 gears ,25 frame for tall rider,  27 x 1-1/4 tires,springer seat, nice bike tobacco color made in England.  Schwinn suburban,  vintage women's bike,  21 frame , 27 x 1-1/4 tires, 10 gears , fenders,  springer seat and kick stand equipped , smooth ride. The bikes is good condition, ready to ride. $110 each or $200 for both.303 43four 0725. Call or text.",, steel, cruiser, 21, 27 in, Schwinn, Raleigh,,,,,,,
5800,50.0,eastco,https://denver.craigslist.org/spo/d/denver-yakima-trunk-rack-bikes/7470943335.html,2022-04-18 06:54,YAKIMA TRUNK RACK 3 BIKES,0,,,,,,,,,,,,,,,
5801,200.0,eastco,https://denver.craigslist.org/bik/d/denver-joe-breeze-bikes-breezer/7461668766.html,2022-04-18 06:43,Joe Breeze Bikes Breezer Lightning 18 Speed Mountain Bike,8,"This 18 speed Breezer is one sweet bike ready to ride! It is overall in good shape but does have plenty of scuffs and marks from use. Light rust on the Shimano gearing but nothing too bad. Frame is in good shape. Gearing and brakes are working. I am pretty sure this is a steel frame but am not 100%, it is nice and light though. This bike is totally rideable as is but with a tune up it'll come back to life!",, steel, mountain, 19 inches, other/unknown, Joe Breeze, Lightning,,,,,,,
5802,300.0,eastco,https://boulder.craigslist.org/bik/d/boulder-small-medium-specialized/7470621089.html,2022-04-17 22:48,Small / Medium Specialized Mountain Bikes x 4 - Tuned Up,0,,,,,,,,,,,,,,,
5803,250.0,eastco,https://denver.craigslist.org/bop/d/denver-topeak-twoup-tuneup-bike-stand/7472576302.html,2022-04-17 20:00,Topeak TwoUp Tuneup Bike Stand (holds 4 bikes),0,"Used but in great condition. Has always been stored indoors.  ALSO INCLUDES: 3rd and 4th bike hooks plus 4 handlebar stabilizers  Retail for stand is $260 and each hook is $55 each and handlebar stabilizer $14 each. So total at retail would be $426 plus approx $30 tax.  Asking $250. Pickup only, payment by Venmo, PayPal or Zelle.  https://www.topeak.com/us/en/products/125-Storage-Stands/249-TWOUP-TUNEUP-BIKE-STAND https://www.topeak.com/us/en/products/231-Storage-Stands-Accessories/286-THE-THIRD-HOOK-(LOWER) https://www.topeak.com/us/en/products/231-Storage-Stands-Accessories/251-HANDLEBAR-STABILIZER-DT  Tags: Topeak, Park, Feedback, velo, hook, rack, Thule, saris", excellent,,,,, Topeak, TwoUp Tuneup,,,,,,,
5804,175.0,eastco,https://fortcollins.craigslist.org/bik/d/fort-collins-jamis-bikes/7464886394.html,2022-04-17 18:46,JAMIS BIKES,15,Selling our jamis bikes $175 each One is hybrid confront One is heavy duty mountain bike, excellent, aluminum, hybrid/comfort, Medium, 700C,,,,,,,,,
5805,75.0,eastco,https://fortcollins.craigslist.org/bik/d/fort-collins-vintage-bikes/7470579161.html,2022-04-17 18:45,Vintage Bikes,3,Vintage bikes one SCHIWWN and one Raleigh both from the 70s both skinny tires 75 each have 2 bikes,, other/unknown, road, Medium, other/unknown,,,,,,,,,
5806,500.0,eastco,https://denver.craigslist.org/bik/d/denver-sikk-custom-all-terrain-bikes/7460391074.html,2022-04-17 17:47,SIKK custom all terrain bikes.,0,,,,,,,,,,,,,,,
5807,40.0,eastco,https://denver.craigslist.org/bik/d/broomfield-bikes-dynacraft-20-inch/7472534150.html,2022-04-17 17:06,BIKES! Dynacraft 20 Inch Wipeout Boys BMX,5,Kids bike,, steel, bmx, 20 inch, 20 in,,,,,,,,,
5808,40.0,eastco,https://denver.craigslist.org/bik/d/broomfield-bikes-avigo-18-inch-boys/7472533005.html,2022-04-17 17:03,BIKES! Avigo 18 inch Boy's Ignite BMX,3,missing seat,, aluminum, bmx, 18 inch, 18 in,,,,,,,,,
5809,10.0,eastco,https://denver.craigslist.org/bop/d/denver-rhode-gear-bike-rack-holders-for/7469810898.html,2022-04-17 16:06,Rhode Gear Bike Rack. Holders for two Bikes.,0,,,,,,,,,,,,,,,
5810,250.0,eastco,https://fortcollins.craigslist.org/bik/d/cheyenne-nice-specialized-bikes/7472511372.html,2022-04-17 15:46,Nice specialized bikes,2,"2 nice bike 250 each 475 for both,I am not sure about size. I am 5'10 and the bikes were fired for me 10 years ago",, aluminum, mountain, 56, 24 in, Specialized,,,,,,,,
5811,320.0,eastco,https://denver.craigslist.org/bik/d/aurora-benno-bikes-upright-ladies-7d/7467983364.html,2022-04-17 12:03,"2 Benno bikes upright ladies 7D , lightweight quality bikes",0,,,,,,,,,,,,,,,
5812,60.0,eastco,https://denver.craigslist.org/bop/d/denver-thule-car-trunk-rack3-bikes/7472406984.html,2022-04-17 10:37,Thule car trunk rack(3 bikes),0,Thule car trunk rack for 3 bikes in good shape., good,,,,, Thule, n/a, 3 bike,,,,, other,
5813,150.0,eastco,https://cosprings.craigslist.org/spo/d/colorado-springs-bike-rack-xport-bikes/7472378456.html,2022-04-17 09:17,Bike Rack (Xport) - 4 Bikes,2,"Xport hitch mount (2"") bike carrier up to 4 bikes.  Text  show contact info .", good,,,,, Xport, Xport,,,,,,,
5814,100.0,eastco,https://denver.craigslist.org/bik/d/littleton-bikes-bikes-bikes-trek/7472359385.html,2022-04-17 08:17,"Bikes Bikes Bikes, Trek, Specialized, Giant, Gary Fisher",24,"PLEASE CHECK THE PICTURES FOR PRICE AND DESCRIPTION  I WILL NOT REPLY TO PERSONAL EMAILS  [don't waste your time scammers}  I tune every bike before I sell them. My tune up includes The brakes and gears adjusted True the wheels so they are straight Lube bearings and cables as needed Make sure tubes and tires are good to go Complete clean and wipe down If parts are needed I replace with new parts  Best to text  Trek, Specialized, Giant, Raleigh, Gary Fisher, KHS, Kona, Performance, Diamond Back, Schwinn Mountain Bikes, Hybrid, Road, Suspension, Comfort, Commuter, Cruiser, Kids, Adult, Small, Medium, Large repete, petes repetes, recycle, cycle, repeats, petehanz, Petehanz  Height/ Mountain Bike Size Chart 4'11"" – 5'3"" = 13 – 16 inches. 5'3"" – 5'7"" = 15 – 18 inches. 5'7"" – 5'11"" = 17 – 20 inches. 5'11"" – 6'2"" = 19 – 22 inches. 6'2"" – 6'4"" = 21 – 23 inches. 6'4"" and taller = 23+ inches",, alloy, mountain," 18""", 26 in,,,,,,,,,
5815,75.0,eastco,https://denver.craigslist.org/bik/d/bike-rack-fits-inch-reciever-holds-bikes/7469817787.html,2022-04-17 05:36,"Bike rack fits 1 & 1/2 inch reciever, holds 4 bikes",2,Please TEXT 3 0 3 - 5 2 3 - 9 1 9 6.  Near new condition! Bell Brand., excellent, steel, road," 23 inches, 58cm", 27 in,,,,,,,,,
5816,260.0,eastco,https://denver.craigslist.org/bpo/d/broomfield-magnum-i6-battery-for/7470570876.html,2022-04-16 23:18,Magnum i6 Battery for Electric Bikes Barely Used,3,"48 volt 13Ah eBike battery.    Retails for $549.    https://www.magnumbikes.com/product/magnum-i6-battery-48v-13ah/  Uses the highest quality cells for a combined 48 volts and 21 amps providing extra range for your electric bicycle.  Compatible Bikes Cruiser Lowrider Metro Metro+ Mi6 Peak Ui6 Ui6+ Ranger Payload  Details Battery Voltage / Amp Hours / Watt Hours: 48V / 21Ah / 1,008Wh Battery Chemistry: Lithium Nickel Cobalt Manganese (Li-NCM)  eBike", like new,,,,, Magnum, i6,,,,,,,
5817,980.0,eastco,https://denver.craigslist.org/bik/d/broomfield-ncm-moscow-electric-bike/7470566564.html,2022-04-16 23:18,NCM Moscow Electric Bike with Upgraded 17Ah Battery,0,,,,,,,,,,,,,,,
5818,275.0,eastco,https://denver.craigslist.org/for/d/denver-bike-rack-free-standing-double/7472292665.html,2022-04-16 21:49,"Bike rack free standing double grid holds 18 bikes, heavy metal",0,,,,,,,,,,,,,,,
5819,65.0,eastco,https://pueblo.craigslist.org/hab/d/pueblo-exercise-bikes-cardio-training/7464596183.html,2022-04-16 20:54,Exercise Bikes / Cardio Training: Sports & indoor,4,Ride toward fitness success with the  exercise bike, good,,,,,,,,,,,,,
5820,50.0,eastco,https://denver.craigslist.org/bop/d/golden-saris-bike-rack-bikes/7468248838.html,2022-04-16 17:20,Saris bike rack 3 bikes,0,,,,,,,,,,,,,,,
5821,900.0,eastco,https://denver.craigslist.org/bik/d/arvada-rad-power-bike-ebike/7471325056.html,2022-04-16 17:13,RAD Power Bike Ebike,0,,,,,,,,,,,,,,,
5822,1200.0,eastco,https://boulder.craigslist.org/bik/d/lafayette-radwagon-electric-cargo-bike/7472180710.html,2022-04-16 14:55,Radwagon electric cargo bike,0,,,,,,,,,,,,,,,
5823,70.0,eastco,https://boulder.craigslist.org/bik/d/longmont-adult-cruiser-bikes/7472172814.html,2022-04-16 14:36,Adult Cruiser bikes,3,1 male and 1 female cruiser bikes. 26” frames with 7 speeds lightly used. $35 each OBO.,, aluminum, cruiser, 26, 26 in,,,,,,,,,
5824,50.0,eastco,https://denver.craigslist.org/bik/d/commerce-city-bikes-good-condition-50/7472165615.html,2022-04-16 14:20,"Bikes good condition, $50 each Bikes good condition, $150 all 3",4,"Bikes good condition, $50 each or $150 all 3 price is firm. Pick up only no holds.", good, other/unknown, other, ., other/unknown,,,, other/unknown, other, other/unknown, other/unknown,,
5825,20.0,eastco,https://denver.craigslist.org/bik/d/denver-kids-bikes/7472126560.html,2022-04-16 12:58,Kids Bikes,2,"Boys and girls bikes.  Boys bike ~16"" rim, 11"" (28cm) frame. (Crank to seat) Girls bike ~21"" rim, 12"" (30.5 cm) frame.",, other/unknown, kids, 30.5, 16 in,,,,,,,,,
5826,1.0,eastco,https://denver.craigslist.org/bik/d/aurora-kids-toddler-bikes-in-new-and/7472120199.html,2022-04-16 12:46,Kids toddler bikes in New and Great condition,5,"Clearing garage. Most are barely used, the red one is new. Prices listed or make a reasonable offer.   Radio Flyer strider bike -$40 Green Yvolution balance bike (well used)- $4 5 Paw patrol w/ training wheels -$65 Minnie mouse pink bike - $30 New Red bike - $65",, steel, kids, Standard, other/unknown,,,,,,,,,
5827,200.0,eastco,https://boulder.craigslist.org/bid/d/boulder-quality-secondhand-bikes-for/7472097159.html,2022-04-16 11:55,Quality Secondhand Bikes For Sale -- Restored to Like New Condition!,0,"I have several used bicycles available in various sizes. (Bikes in this ad are sold.) I have mostly commuters or mountain bikes as well as a few road bikes in the $200-300 range. I was professionally trained as a bike mechanic. Now in my spare time I enjoy restoring and fixing up bikes to bring them new life and add value to our community in Boulder. Most of the bikes have new shifters, tires, grips, etc. and some have been substantially upgraded. The  majority of my bikes are brand names like Trek, Giant, Gary Fisher, Specialized, Bianchi, GT, & Diamondback.   Reach out if you're looking for a quality bike in excellent condition and don't want to add to the consumer stream or pay sticker price for a new one.  Keywords: commuter , mountain , kids , women's , time trial , step through , hybrid , full suspension , hardtail , road bike , Boulder .",, other/unknown, other, Various, other/unknown,,,,,,,,,
5828,1234.0,eastco,https://denver.craigslist.org/bik/d/denver-bikes/7472059166.html,2022-04-16 10:45,Bikes,0,Various.  All in great shape,, other/unknown, other, various, other/unknown,,,,,,, other/unknown,,
5829,100.0,eastco,https://boulder.craigslist.org/for/d/longmont-bike-hitch-rack-up-to-bikes-by/7468788336.html,2022-04-16 09:58,Bike Hitch Rack (up to 4 bikes)- by Yakima,0,,,,,,,,,,,,,,,
5830,1750.0,eastco,https://fortcollins.craigslist.org/bik/d/fort-collins-rad-rover/7470167175.html,2022-04-16 09:49,Rad Rover 6+,0,,,,,,,,,,,,,,,
5831,1200.0,eastco,https://denver.craigslist.org/bik/d/denver-slater-bikes-the-machine/7472021930.html,2022-04-16 09:32,Slater Bikes “the machine”,0,"Slater Bikes “the machine” dirt jumper/street bike Deity bars, disc brake, BMX cranks and stem.  Can ship",, steel, mountain, Large, 26 in,,,,,,,,,
5832,1000.0,eastco,https://pueblo.craigslist.org/spo/d/pueblo-stationary-bikes/7471993815.html,2022-04-16 08:34,Stationary bikes,2,I’m selling two V series stationary bikes. Both in great condition. Summer is almost here time to get in shape!, excellent,,,,, Vision fitness,,,,,,,,
5833,60.0,eastco,https://fortcollins.craigslist.org/bik/d/fort-collins-trunk-rack-for-bikes-super/7460243627.html,2022-04-16 07:34,"Trunk Rack For 2 Bikes- Super LIghtweight and Folding ""Allen AL02""",0,,,,,,,,,,,,,,,
5834,50.0,eastco,https://denver.craigslist.org/bik/d/identical-twin-schwinns-girls-20-inch/7461864729.html,2022-04-16 07:00,Identical Twin Schwinns - girls 20 inch little girls bikes with locks,0,,,,,,,,,,,,,,,
5835,250.0,eastco,https://boulder.craigslist.org/bop/d/lafayette-ns-bikes-dirt-jump-wheelset/7471843420.html,2022-04-15 17:48,NS Bikes Dirt Jump Wheelset (single speed) w / Tires,6,"NS Bikes Dirt Jump Wheelset (single speed), Specialized Rhythm Lite Tires – 26” Axles: FW: 20x110mm | RW: 10x135mm Bolt-On – black Came off 2018-2019 NS Dirt Jump bike. Very little use, straight rims, no dings/etc Includes disc brake rotor Wheelset has Stay Tru Single Speed hub with 10 tooth cog driver *    *Note: Stay Tru hubs use their own 10 tooth driver and there are no replacements available. As such, you will need to run a BMX style (not mountain bike) crank so you can run a small enough front chainring to have a gear ratio that is in normal dirt jumper range.  You can’t get a mountain bike chainring smaller than 28 tooth and this with the 10 tooth driver is really too much gear for dirt jumping. With the BMX style crank you can drop into the low 20 tooth size chainrings and get the gear you need.", excellent,,,,, NS Bikes,," 26""",,,,, wheels and wheel parts,
5836,29.0,eastco,https://fortcollins.craigslist.org/bik/d/wellington-spring-is-near-bikes-and/7459927137.html,2022-04-15 16:49,"Spring is near, bikes and trikes and wagons here",8,"Spring is near, bikes and trikes and wagons are here.  Plastic cars $30, trikes $20 and $30, vintage tandem bike $199, Diamond Back Cruiser $99, vintage banana seat bike $149, Barbie Wagon $49, vintage tonka dumps and plows $20 each.     Thanks for looking",, alloy, cruiser, Medium, 20 in,,,,,,,,,
5837,30.0,eastco,https://denver.craigslist.org/spo/d/denver-bike-rack-for-two-bikes/7471811892.html,2022-04-15 16:22,bike rack for two bikes,2,Bike rack for hanging two bikes. Slight damage to one of the hook holders but it still works well.,,,,,,,,,,,,,,
5838,120.0,eastco,https://denver.craigslist.org/bik/d/aurora-boys-21-speed-bikes-schwinn-and/7471802983.html,2022-04-15 16:01,Boy's 21 Speed Bikes. Schwinn and Mongoose,0,,,,,,,,,,,,,,,
5839,1699.0,eastco,https://denver.craigslist.org/bid/d/wheat-ridge-58cm-61cm-in-stock-felt/7471710911.html,2022-04-15 12:39,58cm 61cm IN STOCK Felt Broam 40 Gravel Bike Cyclocross Bikes IN STOCK,9,"The Bicycle Broker 6190 West 38th Ave Wheat Ridge, CO  303.900.1907 58cm 61cm  DUAL-WHEEL COMPATIBILITY & TIRE CLEARANCE Different wheel sizes give you the freedom to run whatever size or type of tire you wish. That’s why we made the Broam compatible with both 650b and 700c wheel sizes. The Broam comes standard with 700c hoops, the traditional size for road bikes. They can accommodate up to 45mm-wide tires, giving you the versatility to select your optimal rubber for whatever route you have in mind. If you opt to switch out your stock wheels for a set of 650 alternatives, you can fit tires that are up to 2.1 inches wide.", new, aluminum, gravel, 42cm 54cm 56cm 58cm, 700C, Felt, Broam 40,,,,,,,
5840,1799.0,eastco,https://denver.craigslist.org/bid/d/wheat-ridge-2022-cinelli-zydeco-gravel/7471703173.html,2022-04-15 12:24,2022 Cinelli Zydeco Gravel Cyclocross Bikes IN STOCK!,10,"Just In !  Small, Medium, Large and X Large.. 56cm  The bicycle Broker 6190 West 38th Ave Wheat Ridge, CO  303.900.1907  www.TheBicycleBroker.com  Zydeco LaLa is the new member of the Zydeco gravel family. The frame is made of triple-thickness Columbus Zonal aluminium tubes, fitted with Shimano Sora and two front rings for those who prefer them to 1x set up. Columbus Futura Disc 1-1/8” fork, mechanical disc brakes, flat mount, with discs up to 160mm. Compatible with hydraulic disc brakes. External cable routing facilitate the maintenance of this machine designed to conquer new riders to the increasingly popular discipline of gravel.", new, aluminum, cyclocross, 56cm, 700C,,,,,,,,,
5841,2999.0,eastco,https://denver.craigslist.org/bid/d/denver-yamaha-cross-connect-bikes-now/7471694300.html,2022-04-15 12:08,Yamaha CROSS CONNECT E-Bikes now in stock! Yamaha Built Motor & Batt!,0,,,,,,,,,,,,,,,
5842,3499.0,eastco,https://denver.craigslist.org/bid/d/denver-yamaha-wabash-bikes-now-in-stock/7471653105.html,2022-04-15 10:52,Yamaha WABASH E-Bikes now in stock!  Yamaha Built Motor and Battery!,0,,,,,,,,,,,,,,,
5843,735.0,eastco,https://denver.craigslist.org/bid/d/denver-stacyc-kids-bikes-now-in-stock/7471587274.html,2022-04-15 08:50,Stacyc Kids E-Bikes now in stock! For kids aged 3-5!,0,,,,,,,,,,,,,,,
5844,100.0,eastco,https://denver.craigslist.org/bik/d/brighton-bunch-of-bikes/7471548898.html,2022-04-15 07:24,Bunch of bikes,0,Bunch of bikes for one price. $100 buys them all.  Actually there are an additional 6-8 bikes included that are not shown in this picture but would be part of the $100.  Some of the bikes are frames/parts.  Bike season is here so here is a chance to fix some up and make a few bucks.  NO TEXTS/NO EMAILS USE THE PHONE!!  Robert in Thornton   show contact info .,, other/unknown, road, various, other/unknown,,,,,,,,,
5845,175.0,eastco,https://denver.craigslist.org/for/d/englewood-stationary-bikes/7467582746.html,2022-04-15 04:34,STATIONARY BIKES,2,2) stationary bikes One black one red Hardly used .great shape $175.00 each or best offer  Contact :  show contact info  Ask for for Michael, excellent,,,,,,,,,,,,,
5846,175.0,eastco,https://denver.craigslist.org/spo/d/englewood-stationary-bikes-great-shape/7467584018.html,2022-04-15 04:34,STATIONARY BIKES GREAT SHAPE,2,2) stationary bikes In great shape $175.00 each or best offer  black and red  Call / or text /Michael  show contact info, excellent,,,,,,,,,,,,,
5847,35.0,eastco,https://denver.craigslist.org/bik/d/denver-kids-and-adult-bikes/7471414487.html,2022-04-14 17:37,Kids and adult bikes,7,"Giant Animator 12""- $40 Specialized Hard Rock 16"" with training wheels- $70 Jamis Capri purple 20"" 6spd- $35 Schwinn girls radiant 20""- $35 K2 Guide Series 20"" 6spd- $45 Diamondback 20"" RM20 with fenders- $60 Schwinn High Timber 2.6 FS trail bike- $90",, other/unknown, other, other, other/unknown,,,,,,,,,
5848,50.0,eastco,https://boulder.craigslist.org/bik/d/lafayette-bikes/7470502894.html,2022-04-14 16:37,Bikes,3,$50 each,, other/unknown, other, Unknown, other/unknown,,,,,,,,,
5849,35.0,eastco,https://denver.craigslist.org/for/d/littleton-hanging-bicycle-storage-holds/7471274305.html,2022-04-14 12:19,Hanging Bicycle Storage - Holds up to 6 bikes,0,"Heavy duty bike rack to free up space in your garage!  Store up to six bikes in four feet of space, we used it to store 2 adult bikes and 3 children's bikes.  Made of powder coated steel with swivel casters and locking wheels to easily move the stand.  Base is 42"" wide.", like new,,,,,,,,,,,,,
5850,200.0,eastco,https://denver.craigslist.org/bik/d/aurora-big-ripper/7471261171.html,2022-04-14 11:55,big ripper,0,,,,,,,,,,,,,,,
5851,1.0,eastco,https://denver.craigslist.org/bik/d/denver-bikes-for-sale-identiti-eastern/7469541793.html,2022-04-14 09:27,3 bikes for sale-Identiti/Eastern/Bianchi,11,"1.  EASTERN Lowdown 20” kids BMX   $200  2.  IDENTITI 700c Medium,  single speed/Fixie,  all Chromoly $275  3.  BIANCHI 52  1984 single speed, lugged frame, 100% chromoly,  Susie hubs,  Araya rims,  Sugino cranks.  Mint condition.  Second owner.  Also have all the parts from when purchased in 1984 by original owner. $400   Thanks for looking....", excellent, steel, other," 52,  Medium,  and 20”", 700C,,,,,,,,,
5852,75.0,eastco,https://denver.craigslist.org/bik/d/denver-trek-cruiser-nishiki-bikes-for/7463156659.html,2022-04-13 19:05,"TREK, Cruiser Nishiki Bikes for sale",0,Panama Jack women's cruiser $75 Nishiki $100 Men's Trek 720 multi- track $160  See pics. See near Cherry Creek Reservoir.,, other/unknown, other, 25 varies, 26 in,,,,,,,,,
5853,1400.0,eastco,https://cosprings.craigslist.org/bik/d/colorado-springs-blb-london-lapovaria/7463552552.html,2022-04-13 14:45,BLB London LaPovaria Air 50cm rare track bike,4,"No trades. Read full ad. No trades   Rare BLB LaPiovra Air 50cm frame with carbon fork (aluminum steer tube), Conquer Elite Wheelset, Full carbon bullhorns (Profile design Cobra), SRAM Omnium Chainring, SL-K stem, Thompson seatpost, MKS Sylvan pedals with double leather toe cages.   Minor cosmetic blemishes here and there since it’s a bike that got ridden but no functional issues.   No trades. This is a one of a kind track bike build.   $1400 OBO no trades. Low ballers can keep looking. I’ll 100% ignore BS offers.   Don’t setup a test ride unless you have cash in hand. No exceptions.",, aluminum, track, 50cm, 700C, Brick Lane Bikes, LaPiovra Air,,,,,,,
5854,30.0,eastco,https://denver.craigslist.org/clo/d/denver-harley-davidson-silk-dress-shirt/7470906521.html,2022-04-13 14:22,Harley Davidson Silk Dress Shirt,0,,,,,,,,,,,,,,,
5855,1.0,eastco,https://denver.craigslist.org/for/d/aurora-bicycle-shop-non-profit-moving/7470860826.html,2022-04-13 12:53,Bicycle Shop Non-Profit Moving This Year Seeking Donations For Bikes!,0,,,,,,,,,,,,,,,
5856,1.0,eastco,https://denver.craigslist.org/wan/d/aurora-donate-bikes-any-kind-second/7470860724.html,2022-04-13 12:53,Donate Bikes ANY KIND @ Second Chance Bike Shop in Aurora NONPROFIT!,0,,,,,,,,,,,,,,,
5857,460.0,eastco,https://boulder.craigslist.org/spo/d/boulder-brand-new-seasucker-mini-bomber/7470798277.html,2022-04-13 10:59,Brand New Seasucker Mini Bomber Race - 2 Bikes,3,"I have a brand new Seasucker Mini Bomber Race (for 2 Bikes) bike race for sale.   https://www.seasucker.com/products/mini-bomber-1?gclid=EAIaIQobChMIqPbG37-R9wIV4Qh9Ch3fuQRtEAAYASAAEgJkJPD_BwE  I decided to go in a different direction with my bike rack.   Box has been opened for pics. Items has never been used.  Cash or Venmo Only. Serious Inquires only.   If you are interested, leave message me with a contact number so I can call or text you.",,,,,,,,,,,,,,
5858,1.0,eastco,https://denver.craigslist.org/bik/d/keenesburg-bikes-26/7470680670.html,2022-04-13 06:49,3 Bikes 26”,3,"3bikes 26”,  good condition, $75 each",, other/unknown, other, 26”, 26 in,,,,,,,,,
5859,1100.0,eastco,https://fortcollins.craigslist.org/bik/d/fort-collins-box-dog-bikes-pelican-50cm/7470628797.html,2022-04-12 22:42,Box Dog Bikes Pelican 50CM Frameset,5,"50CM Box Dog Bikes Pelican Nitto M12 Front Rack Tektro CR720 brakes  I'll be keeping all the other parts from this build.  Absolutely amazing bike, just barely too small for me and so I have to part ways with it.  All you need to know - https://www.boxdogbikes.com/pelican-full",, steel, road,,,,,,,,,,,
5860,1500.0,eastco,https://boulder.craigslist.org/bik/d/louisville-fabulous-cruiser-bike/7470534442.html,2022-04-12 16:47,Fabulous Cruiser E-bike,0,,,,,,,,,,,,,,,
5861,985.0,eastco,https://nwks.craigslist.org/snd/d/sapulpa-wheelers-dirt-bikes-go-karts-in/7470444228.html,2022-04-12 14:28,"4 WHEELERS, DIRT BIKES & GO KARTS!!!! IN STOCK NOW!!!",10,"New ATV's, Dirt Bikes and Go Karts in stock now with 6 months parts warranty.   All prices are total out the door, no taxes (go karts excluded).  Check out our inventory at kickstartatv.com  Layaway available!!! $100 down 6 months to pay off and pick up.  No credit check  Sapulpa, OK Close to Tulsa  We beat any advertised price!!!!!  Only at Kickstart ATV!!!!  Open Tuesday - Friday 9 to 5.  Saturday 9 to 3.   609 E Taft Ave Sapulpa, OK 74066  918.277.1905 call/text Brad   kickstartatv.com   honda kawasaki suzuki polairs tractor utv fourwheeler four kubota wheeler cuff cheap ok directions game harley horse atv dirtbike dirt bike coolster taotao tao outdoor tao roketta hawk gmc toyota 4x4 affordable lumber outdoors real cycle cycles  estate metal parts xbox playstation new used mahindra scooter 150cc 110cc 125cc 250 go karts 450 rfz metric powersports tulsa metric cycles",,,,,,,,,,,,,,
5862,40.0,eastco,https://denver.craigslist.org/bik/d/denver-two-kids-bikes-40/7470425612.html,2022-04-12 12:57,Two kids bikes $40,0,"Kids have outgrown their bikes, the tires are flat but other than that they work just fine. $40 for both of them OBO",, other/unknown, kids, Kids size, other/unknown,,,,,,,,,
5863,1234.0,eastco,https://fortcollins.craigslist.org/bik/d/cheyenne-vintage-mtn-bikes/7470410935.html,2022-04-12 12:31,Vintage mtn bikes,0,,,,,,,,,,,,,,,
5864,400.0,eastco,https://fortcollins.craigslist.org/atq/d/fort-collins-vintage-bikes/7470379892.html,2022-04-12 11:35,Vintage Bikes,5,Vintage Bikes from the 70's. They have been stored inside but all need some TLC. Shwinn Sting Ray Slik Chik. Texas Ranger Bronco. Texas Rangerette.   All 3 for $400 OBO, fair,,,,,,,,,,,,,
5865,135.0,eastco,https://denver.craigslist.org/bik/d/denver-bikes-for-repair-misc-parts/7470182940.html,2022-04-11 22:36,5 Bikes for Repair/Misc Parts,2,5 bikes plus addtl wheels/parts for repair $135,, other/unknown, other, full size adult, 26 in,,,,,,,,,
5866,60.0,eastco,https://cosprings.craigslist.org/bik/d/colorado-springs-kid-bikes/7470082022.html,2022-04-11 16:38,3 kid bikes,3,3 kid bikes. $20 each All will need tires and some TLC. Vintage for sure, good, steel, kids, Medium, 12 in,,,,,,,,,
5867,800.0,eastco,https://cosprings.craigslist.org/bik/d/weston-trek-bikes/7469983028.html,2022-04-11 13:16,Trek bikes,6,Trek bikes for sale $800. obo Excellent condition very well taken care of have not been ridden very much tires brand new the mail see is 18 inches, excellent, aluminum, road, 13 in, other/unknown,,,,,,,,,
5868,40.0,eastco,https://fortcollins.craigslist.org/bik/d/fort-collins-bikes/7469970568.html,2022-04-11 12:55,bikes,3,Bikes,, other/unknown, other, 24, 24 in,,,, none, other,,,,
5869,20.0,eastco,https://cosprings.craigslist.org/bop/d/colorado-springs-wooden-bike-rack-fits/7458336535.html,2022-04-11 11:39,Wooden Bike Rack - Fits 6 Bikes - Great for Garage,3,"I made this with 2x4s. The bike's rear wheel wedges in to be held up. Holds up to six bikes. Screws throughout.   The pictures show it after I moved it from the wall but it was held against a wall with a couple screws.   Cash or Zelle.  BTW, the two bikes in the picture are for sale, too.  https://cosprings.craigslist.org/bik/d/colorado-springs-gt-traffic-20-commuter/ show contact info .html https://cosprings.craigslist.org/bik/d/colorado-springs-58-cm-specialized/ show contact info .html", excellent,,,,,,,,,,,," racks, fenders, bags",
5870,200.0,eastco,https://denver.craigslist.org/bik/d/englewood-vintage-mountain-bikes/7469898193.html,2022-04-11 10:51,Vintage Mountain Bikes,2,Two vintage mountain bikes.  Both work. $200 for both.,, other/unknown, mountain, 16.5 and large, 26 in,,,,,,,,,
5871,200.0,eastco,https://cosprings.craigslist.org/bik/d/colorado-springs-bianchi-bikes/7469679648.html,2022-04-10 19:12,Bianchi Bikes,4,Two Bianchi bikes--one Advantage and one Boardwalk, excellent, steel, hybrid/comfort, unknown, 25 in, Bianchi, Boardwalk & Advantage,,,,,,,
5872,3000.0,eastco,https://denver.craigslist.org/bik/d/evergreen-stromer-st1x-electric-bike/7466178250.html,2022-04-10 12:46,"Stromer ST1X electric bike - The Luxury SUV of e-bikes, like new",0,"Top of the line Swiss-made Stromer e-bike.  My father in law bought this a few years ago, but have not been able to ride it much due to health issues.  Only 278 total miles, basically like new.  Class 3, 500W, 28Mph.  618Wh battery...very long range, ~75 miles.  Integrated touch screen.  Re-charges on down-hills.  Size 22""...Large to XL.  Bought for $6,000 new. Fair offers considered.",, aluminum, hybrid/comfort, 22 inches, other/unknown, Stromer,,,,,,,,
5873,250.0,eastco,https://denver.craigslist.org/bik/d/aurora-vintage-70s-huffy-bikes-mf/7469501168.html,2022-04-10 11:39,Vintage '70s Huffy bikes M&F,0,"His and hers matching 3-speed Huffy Bay Pointe bicycles.  Need some mechanical TLC, but frames and hardware in perfect condition.",, steel, cruiser," 19""", 18 in, Huffy, Bay Pointe,,,,,,,
5874,800.0,eastco,https://denver.craigslist.org/spo/d/denver-echelon-ex-bike-two-bikes/7469441132.html,2022-04-10 09:25,Echelon EX-5 bike (two bikes),4,"I have two Echelone EX-5 bikes ($800 each or $1500 for both). One bike has been used less than 5 times and the other has about 50 rides on it. Both bikes were professionally assembled.   The remainder of the Echelon class membership will be transfered to you!  Pedal farther on the EX-5. Built with performance in mind, this connected bike boasts a variety of features that'll help you raise your cycling game. Whether your aim is to de-stress, train for a competition, or anything in-between, you can count on the EX-5 to get you there.  Premium Features:  Elevated Bullhorn Handlebars with Elbow Rests  (2) Large Bottle Holders Below Handlebars for Easy Access  Holds Smart Devices from 5.5” to 12.5”  Dual-Sided SPD Compatible Pedals with Toe Cages  Adjustable Seat and Handlebars: Height and Depth (Up/Down and Fore/Aft)  Vented Competition-Style Seat  Live + On-Demand Classes Available 24/7  Motivating Instructors  Tablet not included.", like new,,,,, Echelon, Ex-5,,,,,,,
5875,1.0,eastco,https://denver.craigslist.org/bik/d/broomfield-kids-bikes-and-scooters/7469338855.html,2022-04-09 22:08,Kids bikes and scooters,5,20” girls bike - $25 Glider bike - $5 Razor Jr - $15 Teal and purple scooters - $10 each,, aluminum, kids, 20”, 20 in,,,,,,,,,
5876,175.0,eastco,https://fortcollins.craigslist.org/bop/d/loveland-sportrack-adjustable-bicycle/7469296197.html,2022-04-09 18:37,SportRack Adjustable Bicycle Stand for Two Bikes -Steel (Vinyl-Coated),9,"This is the exact same item as the Thule Bike Stacker that costs $230 plus tax (making it about $250 after tax) with the only difference being the sticker across the top. This has been confirmed by several bike forums online that they're made on the same assembly line and the sticker slapped on at the end is the only difference. Great rack in great condition and a great way to save a few bucks over buying new.  •Sport Rack SR0012 Adjustable Bike Stand •Neat, balanced mounting for every style bike •Infinite adjustable bike hangers •V-shaped bike soft rubber holders will not mar paint or crush cables •1"" x 2"" steel construction wont bend even with heavy cruisers •Dimensions: 44.5 x 17.4 x 2.9 inches", like new,,,,, SportRack, SR0012, Adjsutable,,,,, other,
5877,20.0,eastco,https://denver.craigslist.org/bik/d/arvada-schwinn-bikes/7469272678.html,2022-04-09 17:20,Schwinn bikes,7,3 Schwinn bikes   2 child size bikes $20 each Adult size both inner tubes replaced $30    type in kittymoving to see other posts lots of items,, other/unknown, kids, unknown, 20 in, Scwhinn, unknown,,,,,,, unknown
5878,275.0,eastco,https://boulder.craigslist.org/bik/d/lafayette-womens-beach-cruiser-bikes/7469220643.html,2022-04-09 15:05,2 womens Beach Cruiser bikes,2,2 white 26 in Beach Cruiser bike. One still in original box. i paid over $700. with shipping for both. $500. for both this weekend.  need gone ASAP, new, steel, cruiser, 26in, 26 in, VANLOFE womens Beach Cruiser, Ty,,,, cruiser,,,
5879,275.0,eastco,https://boulder.craigslist.org/app/d/lafayette-brand-new-bikes/7469212562.html,2022-04-09 14:47,2 Brand New Bikes,2,selling two brand new beach cruiser bicycle one put together one still in the box. I paid over $700 for a both for 365 for each bike 130 for shipping.￼ need gone ASAP BUY BOTH FOR $500. this weekend￼, new,,,,, VANLOFE WOMENS, Beach Cruiser, 26,,,,,,
5880,15.0,eastco,https://denver.craigslist.org/for/d/englewood-bicycle-carrier-for-bikes/7469195174.html,2022-04-09 14:08,Bicycle carrier for 2 bikes,2,"For sale, a used bike carrier for 2 bikes. 1 1/4"" or 2"" hitch receiver", good,,,,,,,,,,,,,
5881,300.0,eastco,https://fortcollins.craigslist.org/bik/d/fort-collins-very-nice-bikes/7469121002.html,2022-04-09 11:46,2 very nice bikes,8,Call me if interested . Look at the pictures the name and brand are in pictures   Call or text 970 two nine six 2722  Posting for a friend .,, aluminum, road, Large, 28 in,,,,,,,,,
