,Price,Location,URL,Date,Title,bicycle frame material,bicycle type,frame size,wheel size,num image,text,condition,make / manufacturer,model name / number,suspension,brake type,electric assist,handlebar type,paint color,part type,serial number,size / dimensions
30617,1.0,cleveland,https://cleveland.craigslist.org/bik/d/cleveland-older-bikes-wanted/7471760782.html,2022-04-18 18:23,Older bikes wanted, steel, mountain, Large, 700C,0,"Interested to buy older bikes: - road or touring bikes with dropped bars (Cr-Mo frames). - mountain bikes from 80's and up, not interested in Walmart or Target bikes from China; - banana seat bikes, boy's; - prewar boy's or girl's heavy single speed bikes (with baloon tires). The bikes can be dirty, incomplete, not working, but I want them to be with original paint at least 7/10. I will pick them up and pay cash in envelope. Porch pick up. No contact needed. Please reply me at the phone number, text or call. Thank you show contact info",,,,,,,,,,,
30618,60.0,cleveland,https://cleveland.craigslist.org/bop/d/cleveland-saris-two-bikes-rack-for/7469492130.html,2022-04-18 18:24,"Saris two bikes rack, for trunk mounting",,,,,6,"These bike racks are easy to mount on the car, very safe, and easy to put the bikes on. I used these type in the last 5 years.  Nice condition. The bike rack was not too much used, you can see almost no wear on the straps. Price: 60$, if interested call 216, sevenzerofour, five76six. I also have a Saris three bikes rack, for trunk mounting, in very good condition, for the price of 90$. I will sell any of them and keep the other one.",,,,,,,,,,,
30619,50.0,cleveland,https://cleveland.craigslist.org/bik/d/cleveland-sportneer-bike-trainer-stand/7470204960.html,2022-04-18 18:23,Sportneer Bike Trainer Stand for road bikes, other/unknown, road, Any, other/unknown,4,"Bike trainer stand in very good condition. Color: red Material: Steel Number of settings: 6 Load Capacity: 300 Pounds Frame Material: Alloy Steel Bike Type: Road Bike Resistance Mechanism: Magnetic  Price: 50$, call 216 sevenzerofour 57sixsix.  (you can buy it new on Amazon for 119$ plus tax).",,,,,,,,,,,
30620,16000.0,cleveland,https://cleveland.craigslist.org/mpo/d/olmsted-falls-1948-panhead-basket-other/7472894956.html,2022-04-18 16:46,1948 Panhead basket +other Harley Davison pan + shovelhead bikes/parts,,,,,14,"WILL NOT RESPOND TO EMAILS, TEXTS ONLY! ***READ THE WORDS!*** Good 48 frame and matching cases with title. Mostly complete except the front end is incorrect along with the transmission and heads (not shown) from a later pan.$16,000  --------I'm also selling my collection of bikes, along with 50 years worth of pan and shovel parts (preferably all the parts as a lot for $20k, but will consider misc. tanks, front ends motor separately). PLEASE DON'T TEXT ME ASKING IF I HAVE a so and so part for a (insert year, bike here). thanks................................................................................................................................................................................................................Bikes in order pictured 1951 FL complete rebuild -$23k, 1961 FLH -23k, 1958 FL with 20 miles on new top end and paint, along with electric start added -13K, 1967 FLH -14k, 1988 custom FLH -6k. texts only  show contact info  Also, please don't text me with lowball offers -I won't respond.", good, harley dasvidson, panhead,,,,,,,,
30621,1234.0,cleveland,https://cleveland.craigslist.org/bik/d/lorain-many-nice-bikes/7472407405.html,2022-04-17 12:39,MANY NICE BIKES, other/unknown, mountain, 18-28 INCH, 20 in,7,MANY BIKES---20 INCH--24--26 $40 AND UP MANY MORE NOT LISTED, like new, SCHWINN--HUFFY--ECT,, suspension fork (hardtail),,,,,,,
30622,1.0,cleveland,https://cleveland.craigslist.org/bik/d/north-olmsted-bmx-bikes/7471355582.html,2022-04-14 17:06,Bmx bikes,,,,,0,,,,,,,,,,,,
30623,1.0,cleveland,https://cleveland.craigslist.org/bik/d/cleveland-qulity-80s-old-school-bmx/7464535060.html,2022-04-08 05:56,Qulity 80s Old School BMX Bikes, other/unknown, bmx, 20, 20 in,22,Super nice BMX Bikes of all kind all 80s some 90s Gt .CW. Hutch. Mongoose. Schwinn. Torker . diamondback. Ect., like new, All kind,,,,,,,,,
30624,2295.0,cleveland,https://cleveland.craigslist.org/sgd/d/electric-the-mid-drive-ebike-that/7468096485.html,2022-04-07 09:29,ELECTRIC! The Mid-drive eBike that Shreds! CyberBike eMountain Bikes!,,,,,15,"Introducing the New 2022 Cyberbike Electric Mountain Bikes   Riders agree: Nothing comes close to Cyberbike's combination of performance, value, style, and quality.  See the Cyberbike Mullet Pro in action HERE! (and here, by popular demand, is last year's intro featuring Division 1 Collegiate Mountain Racer Corey Jackson on the first edition Cyberbike) Order online for fast delivery at www.Cyberbike.com All 2022 Cyberbikes are in stock and ready to shred, Order yours before they're sold out!  More mid-drive power than ever Awesome new color graphic display Easier to ride, lower standover frame, the lowest of any mid-drive eMTB New, structurally superior, mountain ready rear suspension linkage The best brakes in the business, even Quad-piston brakes on some models! Massive brake rotors up to 220mm 34mm gold tube forks on some models up to 140mm travel Wider range of models  A proper e-Mountain bike needs to be mid-drive and have full suspension, it's as simple as that. Until now, if you wanted an electric mountain bike to tackle rugged trails, your choices have been heavy, low-quality, fat tire, hub-motor beach bikes, or legacy brands charging $4000 or more for low-power eBikes without full suspension.   Whether your knees are tired or you just want to shred, there is simply no better choice for performance and value than Cyberbike. An American company with great customer support: Cyberbike, USA. The mountains are calling. Will you answer?  Cyberbike eBikes come all with the quietest and most powerful motor in its class, with a long range (65 miles and more) battery, and powerful e-spec hydraulic disk brakes that will be there when you need them. A lightweight package with 500 watts of power, top-of-the-line battery range, and quality components, all for the price of an inexpensive yet stellar bike! You'll get so much more than other eBikes with the CyberBike, it's the real e-MTB experience for the adventurous rider. Performance, specs, and quality components throughout, and the best warranty in the industry, from an American company with experienced American mechanics on call for all your tech support needs.  54 volt/500 watt climbing power with 13Amp hour Li-Ion battery and only 52 lbs means you'll get power and tons of battery range. Now with available throttle! Now from only $2495 Note: Owning and riding comes with risks. Wear proper protection, properly maintain and check your bike, and ride within your limits. By purchasing our products you agree to take full responsibility for the ownership of your bike, including the above and all other reasonable precautions for yourself or anyone you allow to ride your bike.", new, Cyberbike,,,,,,,,,
30625,30.0,cleveland,https://cleveland.craigslist.org/bik/d/cleveland-kids-bikes/7466074263.html,2022-04-02 12:26,2 Kids bikes, other/unknown, kids, other/unknown, other/unknown,5,"2 kids bikes, together ($30) or separate ($19 each).  Small one with training wheels, nice, but, flat tires (tread is good).  medium one good condition",,,,,,,,,,,
30626,799.0,cleveland,https://cleveland.craigslist.org/mcd/d/galion-dirt-bikes-on-sale-now-youth-and/7462794029.html,2022-03-25 12:52,Dirt Bikes On Sale Now! Youth and Full Size! Stop in or Call Today!,,,,,12,"**Due to a high volume of sales during the Covid-19 Pandemic, Please call to check on current inventory**  Ohio's Largest Aftermarket ATV and Motorcycle Dealer!  Great Prices, Excellent Customer Service, 20 Year Brick and Mortar, Certified Mechanics!   ATV 's, UTV 's, Go Kart s, Dirtbike s, Scooter s and Motorcycle s! üòé  No Credit Financing and Layaway Available!  Over 100 units in stock! 25 Different models!   All units come with manufacturer warranty!  Shipping available anywhere within Ohio for only $149!   Will drop-ship anywhere within the Lower 48 States for only $249! (some assembly required)  Stop In or Call Today!  Mid Ohio Motorsports  7435 State Route 309 Galion, Oh. 44833  419 468 2274  Tuesday, Thursday, Friday 11-5 and Saturday 10-2  Apply for financing online:  www.mysupershops.com  Facebook: @midohiomotorsports   *Dirtbikes starting at $799 *Optional Training Wheels Available for Purchase    **atv utv go kart side by side dirtbike dirt bike scooter motorcycle four wheeler quad electric 50cc 70cc 90cc 110cc 125cc 150cc 250cc 300cc utility sport 4x4 Honda Polaris Hammerhead TrailMaster Kawasaki Yamaha Tao Tao ice bear coolster Medina Akron Canton Wooster Ashtabula Athens Chillicothe Cincinnati Cleveland Columbus Dayton / Springfield Lima / Findlay Mansfield Sandusky Toledo Tuscarawas co Youngstown Zanesville / Cambridge** Suzuki, Honda, Kawasaki, Yamaha, Klm, Pit Bikes SSR, Kids 4-Wheeler Tao Tao, Coolster, Youth Atv, Kid Atv, Youth Atv's, Kid Atv's Kids Atv's Kids Atv, Youth Atvs, Pit Bike, Pit Bikes, Dirt Bike, Dirt Bikes, 50cc, 90cc, 110cc, 125cc 150cc 170cc 140cc 160cc 250cc 50cc ATV Youth 4-Wheeler Moped, UTV UTVS UTV's Youth Side by side SXS 4x4 2x4 Wholesale, 90cc ATV Cheap, Price, Cheap Price, Chinese ATV Good Price, Youth ATV Wholesale Price. Youth powersports, Monster energy, Tao Tao Small ATV ice bear atv, jonway atv, cazador, 70cc ATV Youth Powersports Pit Bike Youth 4 Wheeler, Kids Quad Youth 4 Wheelers, Youth 4 Wheeler 110cc ATV Youth four wheeler, 125cc ATV youth four wheelers. Kuzuma Youth ATV's. Lifan, E-bikes, bicycles, electric bikes, electric bicycles, Grom Kawasaki 125 Pro, Snake Eyes, street bikes, bicycles, street legal, razkull , thumpstar, Apollo,benelli, tbolt usa, pister pro, piranha, RPS, hawk, thumpstar, mid-size, junior, raptor, EGL, Polaris, Vitacci, Roketa, BMS, Dong Fang, Znen, Trail Master, Lynx, mountopez, 70cc, TNT 135, KA, Hisun, Mudhawk, Rival, Kymco , Mini, Mini Bike.",,,,,,,,,,,
30627,115.0,cleveland,https://cleveland.craigslist.org/bik/d/lakewood-bikes/7461229375.html,2022-03-21 18:03,Bikes (3), aluminum, mountain, Normal Size, 27.5 in,8,"Spring is here folks!  Bikes (3) For Sale $115 (obo)  Used - Fair 3 Bikes (2 Mongoose & 1 Huffy).   They need to be refreshed (inner tubes, dust, & a little rust).",, Mongoose,,,,,,,,,
30628,135.0,cleveland,https://cleveland.craigslist.org/bop/d/sheffield-lake-saris-bike-trunk-rack/7461671164.html,2022-04-18 19:49,Saris 2-Bike Trunk Rack,,,,,6,"This is a Saris Bike Rack that can be used for 1 or 2 bikes. We bought it at a bike shop last summer and only used it a handful of times. It is like new, in excellent condition. We recently purchased a SUV and now we are using a trailer hitch type rack. This is a great deal, as we paid $200.  We also have a Saris Bike Beam that we are selling in a separate listing, that is used to hang a ladies or specialty bike.",,,,,,,,,,,
30629,100.0,cleveland,https://cleveland.craigslist.org/for/d/mantua-allen-bike-rack/7470501621.html,2022-04-18 19:39,Allen 5 Bike rack,,,,,6,Allen 5bike rack never used. 2‚Äù receiver 28 inch lawn carry arms individually secures the bicycles with its patented down system folding carrying arms quickly drop down out-of-the-way when rack is not use sets up in minutes sturdy steel construction with black powder coat finish great way for carrying your bikes on vacation or to a local park or carry game while deer hunting, new, Allen, 552rr,,,,,,,,
30630,480.0,cleveland,https://cleveland.craigslist.org/bik/d/cleveland-1984-claud-butler-brevet-12/7469173202.html,2022-04-18 18:25,"1984 Claud Butler Brevet, 12 speed, 60 cm road bike",,,,,0,,,,,,,,,,,,
30631,600.0,cleveland,https://cleveland.craigslist.org/bik/d/cleveland-1972-mondia-special-10-speed/7469173340.html,2022-04-18 18:25,"1972 Mondia Special, 10 speed, 57 cm road bike, Swiss made",,,,,0,,,,,,,,,,,,
30632,170.0,cleveland,https://cleveland.craigslist.org/bik/d/cleveland-1984-ross-signature-290s-54/7469455095.html,2022-04-18 18:25,"1984 Ross Signature 290S, 54 cm, 12 speed, made in USA",,,,,0,,,,,,,,,,,,
30633,230.0,cleveland,https://cleveland.craigslist.org/bik/d/cleveland-gary-fisher-paragon-21-speed/7469455647.html,2022-04-18 18:25,"Gary Fisher Paragon, 21 speed, 21"" large frame, made in USA", aluminum, mountain," 21""", 25 in,11,"Beautiful condition, the bike is tune-up and ready to ride. A few scratches, but no other damages. New cables, grips and seat 21 Aluminum Flite 6061 frame and front fork shock Rock Shox Magnesium. 21 speed Shimano Deore LX group with a Deore XT rear derailleur. Triple Shimano Deore LX crank set. 26"" Weinmanm alloy wheels, with good tires, Deore LX hubs. Both wheels have quick release. Two bottle cages. Price: 230$, call: 216 sevenzerofour 57sixsix. Please no emails.  Trades are OK. I'm interested in older bikes: 30's, 40's, 50's balloon tires bikes, working or not, complete or not, rusty or not. And I am interested in 60's, 70's, 80's, 90's road/ touring bikes. Let me know what do you have",,,, suspension fork (hardtail),,,,,,,
30634,130.0,cleveland,https://cleveland.craigslist.org/bik/d/cleveland-raleigh-mojave-speed-16-small/7469480766.html,2022-04-18 18:24,"Raleigh Mojave 2.0, 21 speed, 16"" small frame MTB", aluminum, mountain," 16"" small", 26 in,9,"Good condition, the bike is ready to ride. Nice paint. Small blemishes: the shifter covers have cracks. The bike is in good riding condition with strong brakes and shifting through all gears. Small frame, Atomic Aluminum tubing. 21 speed Shimano Altus components. Tektro brakes. Triple SR Suntour crank set. Front fork shock SR Suntour. 26"" alloy wheels. One place for a bottle cage. Price: 130$, call: 216 sevenzerofour 57sixsix. Please no emails.  Trades are OK. I'm interested in older bikes: 30's, 40's, 50's balloon tires bikes, working or not, complete or not, rusty or not. And I am interested in 60's, 70's, 80's, 90's road/ touring bikes. Let me know what do you have",,,, suspension fork (hardtail),,,,,,,
30635,350.0,cleveland,https://cleveland.craigslist.org/bik/d/cleveland-1977-free-spirit-mx1-bmx-bike/7469742234.html,2022-04-18 18:24,1977 Free Spirit MX1 bmx bike, steel, bmx, Small, 20 in,12,"Looks to be complete and as I believe with original parts, including the tires. Has a sticker near the bottom bracket market 3-77, which is the year of fabrication. The frame and fork are straight, no damages or repairs, but with scratches and some rust. The plates are complete, no damages, I don't think they are in the original position and they are attached with some plastic straps. The fenders have no cracks, but the green color is faded. The seat has some holes and rips. Good chrome on the wheels, they will clean nice. Original tires, the front is good, the rear is bad. See pictures for more details.  Price: 350$, call: 216 sevenzerofour 57sixsix. Please no emails.  Trades are OK. I'm interested in older bikes: 30's, 40's, 50's balloon tires bikes, working or not, complete or not, rusty or not. And I am interested in 60's, 70's, 80's, 90's road/ touring bikes. Let me know what do you have",,,,,,,,,,,
30636,290.0,cleveland,https://cleveland.craigslist.org/bik/d/cleveland-iverson-road-runner-speed/7469742255.html,2022-04-18 18:24,"Iverson Road Runner, 3 speed muscle bike", steel, other, Small, 20 in,10,"The bike is probably from the 70's. Looks to be complete with a wrong 3 speed shifter. The frame and fork are in good condition, some rust on the top tube, where was the original shifter. Good chrome on the fenders and sprocket, rust on the bars and rims. 20"" wheels. Front and rear hand brakes. The seat is in nice condition, marked Western Flyer. The bike is waiting for a restauration. Price: 290$ call: 216 sevenzerofour 57sixsix. Please no emails.  Trades are OK. I'm interested in older bikes: 30's, 40's, 50's balloon tires bikes, working or not, complete or not, rusty or not. And I am interested in 60's, 70's, 80's, 90's road/ touring bikes. Let me know what do you have",,,,,,,,,,,
30637,350.0,cleveland,https://cleveland.craigslist.org/bik/d/cleveland-1990-fuji-saratoga-21-speed/7470204944.html,2022-04-18 18:24,"1990 Fuji Saratoga 21 speed, 65 cm touring bike, made in Japan", steel, road," 65 cm (25"")", 700C,11,"Beautiful 1990 Fuji Saratoga touring bike, made in Japan. Ishiwata Si35 triple butted Cr-Mo tubing and Cr-Mo unicrown fork. 65 cm from center of crank to top of seat tube; 59 cm top tube, center to center. 21 speed Suntour XC Expert/XCM derailleurs with end-bar index shifters. Sakae XCE triple crank set 48/37/28 teeth. Dia-compe XCM cantilever brakes Alesa 700C rims with 700x28C Continental Ultra, good tires. The bike is clean, no rust. The paint is very nice, but there are a few small scratches. No damages, bents or dents at the frame or fork. One bottle cage and place for two more. Back rack. Price: 350$, call: 216 sevenzerofour 57sixsix. Please no emails.  Trades are OK. I'm interested in older bikes: 30's, 40's, 50's balloon tires bikes, working or not, complete or not, rusty or not. And I am interested in 60's, 70's, 80's, 90's road/ touring bikes. Let me know what do you have",,,,,,,,,,,
30638,150.0,cleveland,https://cleveland.craigslist.org/bik/d/cleveland-motobecane-mirage-sport-12/7470512732.html,2022-04-18 18:23,"Motobecane Mirage Sport, 12 speed, 64 cm road bike", steel, road," 64 cm (25"")", 27 in,8,"Good condition, the bike is tune-up and ready to ride. New bar tape and cables. 64 cm steel frame, large for a person over 6'. 12 speed Huret front derailleur and shifter, Suntour RT1000 rear derailleur. Weinmann brakes with quick release. Internal routing for the rear brake cable. Custom double crank set 52/40 teeth. 27 x 1 1/4"" WheelMaster alloy wheels, with very good tires. Both wheels have quick release. Bottle cage. Price: 150$, call: 216 sevenzerofour 57sixsix. Please no emails.  Trades are OK. I'm interested in older bikes: 30's, 40's, 50's balloon tires bikes, working or not, complete or not, rusty or not. And I am interested in 60's, 70's, 80's, 90's road/ touring bikes. Let me know what do you have",,,,,,,,,,,
30639,270.0,cleveland,https://cleveland.craigslist.org/bik/d/cleveland-early-70s-schwinn-sports/7470512855.html,2022-04-18 18:23,"Early 70's Schwinn Sports Tourer, 10 speed, 61 cm road bike", steel, road, 61 cm, 27 in,12,"Good condition, the bike is tune-up and ready to ride.  New tires, bar tape and cables. The frame and fork paint has a lot of scratches, but no dents, bents or other damages. 61 cm from center of crank to end of set tube; 57 cm from crank to top tube (C-C); 57 cm top tube (C-C). 10 speed Schwinn Le Tour Aproved rear derailleur and Schwinn Aproved front, stem shifter. Schwinn Aproved brakes. TA Specialites double crank set. 27 x 1 1/4"" Weinmann alloy wheels, with new tires. Both wheels have quick release. Hubs are marked Schwinn Aproved 2-72 front and 4-72 rear. Back Schwinn Aproved carrier. Brooks Champion B-15 leather saddle. Price: 270$, call: 216 sevenzerofour 57sixsix. Please no emails.  Trades are OK. I'm interested in older bikes: 30's, 40's, 50's balloon tires bikes, working or not, complete or not, rusty or not. And I am interested in 60's, 70's, 80's, 90's road/ touring bikes. Let me know what do you have",,,,,,,,,,,
30640,130.0,cleveland,https://cleveland.craigslist.org/bik/d/lakewood-mountain-bike-26-inch/7472910617.html,2022-04-18 17:17,"Mountain Bike, 26-inch", steel, mountain, 66.81 x 25.94 x 41.27, 26 in,4,"This is the bike model https://www.walmart.com/ip/Schwinn-Sidewinder-Mountain-Bike-26-inch-wheels-black-green/857861835  26-inch wheels  Steel mountain-style frame and front suspension fork provide a durable, reliable ride. 21-speed trigger shifters make it easy to adapt to your terrain. Front disc brake and rear linear pull brake combine to deliver reliable all-condition stopping. Light and strong alloy rims add durability without weighing you down. Alloy mountain crank means less pesky maintenance on your end. Tool-free adjustable seat post makes it easy to find a comfortable fit.   I have two bikes, one for $130 and the two for $250.", excellent, Schwinn, Sidewinder, suspension fork (hardtail), disc (mechanical),,,,,,
30641,175.0,cleveland,https://cleveland.craigslist.org/bop/d/northfield-thule-bike-rack/7472034745.html,2022-04-18 13:56,Thule bike rack,,,,,3,Thule Bike rack holds two bikes fully adjustable nice condition ready to go to a new home 175 cash,,,,,,,,,,,
30642,60.0,cleveland,https://cleveland.craigslist.org/bop/d/cleveland-brand-new-fsa-comet-1x/7448219212.html,2022-03-19 18:45,Brand new FSA COMET 1x crankset for gravel bikes,,,,,2,"Brand new FSA COMET 1x crank for gravel bikes, never used.  Crank arm length is 170mm.  retail $117 at the store:  https://shop.fullspeedahead.com/en/discipline/mtb/cranksets/mtb/comet-hd-modular-crankset-1x", new, FSA, COMET,,,,,,,,
30643,50.0,cleveland,https://cleveland.craigslist.org/app/d/elyria-power-juicer-jack-lalannes-like/7466152994.html,2022-04-18 09:43,"Power Juicer, Jack LaLanne's Like New",,,,,4,"Jack LaLanne's Power Juicer  Excellent Condition.  Stain free / Super clean.   Call me before 10 p.m. or text me anytime + I will get back to you as soon as I can. Click on the ""more ads by this user"" link to see my other listings.  I would be willing to meet with you at any of the following locations:  WALMART Supercenter, 1000 Chestnut Commons Dr, ELYRIA, OH 44035 (near North Olmsted and North Ridgeville)  McDONALDS 550 N Center St, LAGRANGE, OH 44050 (near Spencer and Oberlin)  McDONALDS 412 Main St, GRAFTON, OH 44044 (near North Olmsted and Olmsted Falls)  SAM'S CLUB, 5225 Cobblestone Rd, SHEFFIELD VILLAGE, OH 44035 (near Avon, Avon Lake and Lorain)  PLEASE TEXT OR CALL WE DON'T HAVE TIME TO WATCH FOR EMAILS. We love bikes and biking! four four zero Seven 31 forty six twenty 3.", like new, Jack LaLanne, Power Juicer,,,,,,,,
30644,950.0,cleveland,https://cleveland.craigslist.org/bik/d/chardon-2020-scott-speedster-20-disc/7472659083.html,2022-04-18 09:18,2020 Scott Speedster 20 Disc, aluminum, road, XL, 700C,13,"2020 Scott Speedster 20 Disc XL frame.  I‚Äôm 6-2 and it fits great.  Bought and ordered new May of 2020 from brecksville bike shop.  Excellent entry level or novice road bike.  I‚Äôm upgrading to carbon fiber. Don‚Äôt need two bikes.  Great all around bike on hills and flat terrain.  Summer months I put 50-80 miles a week on. New 32/700 tires front and rear.  No pedals, bag, fender, or wahoo.  Aluminum frame. Carbon Fiber Fork", excellent, Scott, Speedster 20 Disc, none (rigid), disc (mechanical), none, drop,,,,
30645,1200.0,cleveland,https://cleveland.craigslist.org/tro/d/painesville-motorcycle-trailer/7472597159.html,2022-04-18 00:02,Motorcycle trailer,,,,,2,"MFI motorcycle trailer, can haul 1 or 2 full sized bikes. Pulls very well, new tires put on last fall.   Text or call if interested", good, Mfi,,,,,, black,,,
30646,10.0,cleveland,https://cleveland.craigslist.org/bop/d/north-royalton-16-bike-tires/7460335589.html,2022-04-17 22:25,16 Bike Tires,,,,,0,,,,,,,,,,,,
30647,99999.0,cleveland,https://cleveland.craigslist.org/wan/d/cleveland-motorcycles-wanted-harleys/7466760680.html,2022-04-17 18:46,MOTORCYCLES WANTED HARLEYS SPORTBIKES ATV‚ÄôS DIRTBIKES,,,,,0,"I BUY ALL BIKES SAME DAY FOR CASH! Anything with a motor and wheels! New or old! Small or big! With or without a title for CASH SAME DAY. Still owe on it? No problem I can pay off what you owe! Call/text me at  show contact info  (216three86-7047)    Banshee KX CR RM harley road glide street road king softail rocker sportster dyna 883 sport 1200 88 running 96 103 fast 107 114 ci cubic inch ninja R6 R1 zx zx6 zx10 zx6r Zx10r GSXR 1000 cc 600 fast 1400 zx14 quadzilla lt lt500 lt500r Lt250r Lt250 450ER quad atv trx450 trx450er RM-Z250 RM-Z450 KXF250 KXF450 450ER quad atv trx450 trx450er RM-Z250 RM-Z450 KXF250 KXF450 KX250F KX 2006 2007 kx kx250 kx125 250 x crf 450 crf 450 crf 450x crf 450 x Yamaha pw50 pw80 ttr50 ttr ttr90 ttr125 ttr225 ttr230 yz85 yz125 yz250 yzf250 yzf450 yz250f yz450f pw 50 pw 80 kx65 kx85 kx100 kx125 kx250 Kxf250 Kxf250 Kxf450 Kxf450 Kxf250 Kx250f Kx450f Kx 450f kx 65 kx 85 kx 100 kx 125 kx 250 Kxf 250 Kxf 250 Kxf 450 Kxf 450 Kxf 250 Kx 250f Kx 450f Kx 450 f dirtbike dirt bike yamaha yz 80 yz80 cr 80 cr 125 cr125, atv 6 07 08 09 Kawasaki kx kx450 kx 450 Honda CRF 09 2010 crf crf450 crf450r crf 450 crf 450r YZ250F YZ450 F RM YZ 50Z CR80 CR125 CR250 CRF250 CRF250R CRF450R CRF450 CRF450X CRF250X YZF250 YZF450 RMZ250 RMZ450 RM-Z250 RM-Z450 KX KXF KXF250 KXF450 KX250F KX450F cr250f,yz250f,crf250,crf450,yz450f,dirtbike, dirt bike, dirtbike, pitbike, pit bike, cc, 1",,,,,,,,,,,
30648,80.0,cleveland,https://cleveland.craigslist.org/for/d/bedford-schwinn-four-bike-rack-and/7472430971.html,2022-04-17 13:46,Schwinn four bike rack and Xport four bike rack,,,,,2,For sale is a Schwinn four bike rack with a 1 inch receiver for the hitch and a Xport bike rack with a 2 inch receiver And also holds four bikes. $80 each, good,,,,,,,,,,
30649,100.0,cleveland,https://cleveland.craigslist.org/bop/d/north-ridgeville-bicycle-engine-kit/7462862820.html,2022-04-17 13:45,Bicycle engine kit,,,,,4,"Motoos  50 cc bicycle engine kit. Includes,2 cycle engine, fuel tank, muffler, sprocket and chain, throttle controls and all required hardware. Brand New in box. Fits standard vee frame men‚Äôs bikes. Cost is now $127 plus tax. Buy mine for $100 firm and save money", new, Motoos, 50cc,,,,,, other,,
30650,60.0,cleveland,https://cleveland.craigslist.org/bop/d/north-ridgeville-bike-canaletto/7472410954.html,2022-04-17 12:49,4-Bike Canaletto Freestanding Rack,,,,,5,"Purchased from The Container Store and very similar to this years model = 4-Bike Canaletto Freestanding Rack can practically hold a pack of bikes without being tethered to the wall. Simply adjust the arms to hold two to four bikes of any style. Maximum load, 160 pounds. Made of steel Holds two to four bikes of any style Easy to assemble Dimensions: 24"" x 24"" x 86"" h",,,,,,,,,,,
30651,35.0,cleveland,https://cleveland.craigslist.org/bik/d/perry-raleigh-talon/7472356123.html,2022-04-17 10:06,Raleigh Talon, alloy, mountain, Large, 26 in,0,"Raleigh Talon in good condition. Needs grips and one cable but rides nice, rims are in great condition and true. With a little tlc will make a great bikes", good, Raleigh, Talon,,,,,,,,
30652,175.0,cleveland,https://cleveland.craigslist.org/bik/d/cleveland-1990-schwinn-impact-mos-21/7472334348.html,2022-04-17 08:23,"1990 Schwinn Impact MOS, 21 speed, 19"" medium frame", steel, mountain," 19"" Medium", 26 in,12,"Great condition, the bike is tune-up and ready to ride. This is a bike from the era when Schwinn was a American company. And was in the 2nd position from top in the MTB line. Low miles, a few scratches on handle bars. 19"" MTB oversized Cr-Mo frame tubing and G-Force Cr-Mo fork. 21 speed Suntour XCT components. Suntour X-Press shifters. Dia-compe XCM brakes. Triple Sakae Powering crank set. 26"" Araya alloy wheels, with good tires. Both wheels have quick release. Two places for bottle cages. Pump and underseat bag, owner manual. Price: 175$, call: 216 sevenzerofour 57sixsix. Please no emails.  Trades are OK. I'm interested in older bikes: 30's, 40's, 50's balloon tires bikes, working or not, complete or not, rusty or not. And I am interested in 60's, 70's, 80's, 90's road/ touring bikes. Let me know what do you have",,,, none (rigid),,,,,,,
30653,175.0,cleveland,https://cleveland.craigslist.org/bik/d/cleveland-1974-raleigh-superbe-speed/7472334290.html,2022-04-17 08:23,"1974 Raleigh Superbe, 3 speed Sturmey-Archer, 21"" large frame", steel, cruiser," 21"" large", 26 in,14,"Nice condition, the bike is tune-up and ready to ride. 21"" large women's frame. 3 speed Sturmey Archer internal hub in working condition. The fork has a key locker with two keys. Front dyno hub (generator in the front hub). 26 x 1 3/8"" size. Original tires. Original Brooks seat, pedals, ""R"" marked nuts. The front fender has a bent ar the front end. Price: 175$, call: 216 sevenzerofour 57sixsix. Please no emails.  Trades are OK. I'm interested in older bikes: 30's, 40's, 50's balloon tires bikes, working or not, complete or not, rusty or not. And I am interested in 60's, 70's, 80's, 90's road/ touring bikes. Let me know what do you have",,,,,,,,,,,
30654,180.0,cleveland,https://cleveland.craigslist.org/bik/d/cleveland-gt-passage-21-speed-small/7472334217.html,2022-04-17 08:23,"GT Passage, 21 speed, small frame, Aluminum hybrid bike", aluminum, hybrid/comfort, Small, 700C,9,"Very nice condition, low miles, the bike is ready to ride. Small frame, Aluminum tubing. 21 speed Shimano Tourney components. Disc brakes. Triple All Terra crank set. Front fork shock All Terra. 700C alloy wheels with like tires. One place for a bottle cage. Price: 180$, call: 216 sevenzerofour 57sixsix. Please no emails.  Trades are OK. I'm interested in older bikes: 30's, 40's, 50's balloon tires bikes, working or not, complete or not, rusty or not. And I am interested in 60's, 70's, 80's, 90's road/ touring bikes. Let me know what do you have",,,,,,,,,,,
30655,170.0,cleveland,https://cleveland.craigslist.org/bik/d/cleveland-diamondback-wildwood-citi-21/7471385692.html,2022-04-17 08:23,"Diamondback Wildwood Citi, 21 speed, 19"" large hybrid bike", aluminum, hybrid/comfort," 19"" large", 26 in,11,"For sale is a beautiful Diamondback bike, it is tune-up, clean and ready to ride. 19"" large Aluminum frame with front fork shock. 21 speed Shimano components. Shimano U brakes. Alloy 26"" wheels with excellent tires. Comfort seat with shock in the seat post. Rear working light. Kick stand. Computer wireless not tested, needs battery. Price: 170$, call: 216 sevenzerofour 57sixsix. Please no emails.  Trades are OK. I'm interested in older bikes: 30's, 40's, 50's balloon tires bikes, working or not, complete or not, rusty or not. And I am interested in 60's, 70's, 80's, 90's road/ touring bikes. Let me know what do you have",,,, suspension fork (hardtail),,,,,,,
30656,25.0,cleveland,https://cleveland.craigslist.org/bop/d/wickliffe-allen-bike-rack-fits-truck/7466378167.html,2022-04-17 07:47,Allen 3 bike rack fits truck/car/SUV,,,,,2,Allen 3 bike rack fits truck/car/SUV fits 1 -2-or 3 bikes very lightly used - instruction sheet included model 103A  I RESPOND TO CALL OR TEXT ONLY ---- Marc 216 three seven four - three zero five two  IF YOU ARE READING THIS POST I STILL HAVE THE ITEM,,,,,,,,,,,
30657,60.0,cleveland,https://cleveland.craigslist.org/bik/d/wakeman-20-kazam-weeride-copilot-bike/7472208485.html,2022-04-16 18:08,20‚Äù Kazam Weeride copilot bike trailer white NEW tandem trailer bike, steel, other, 20‚Äù, other/unknown,8,New 20‚Äù Kazam Weeride copilot bike trailer white  tandem trailer bike Easily attached to most adult bikes Folds for easy storage,,,,,,,,,,,
30658,2094.0,cleveland,https://cleveland.craigslist.org/bik/d/lakewood-felt-tk2-track-bike-and/7464296994.html,2022-04-16 04:14,Felt TK2 track bike and equipment, aluminum, track, 54 cm, 700C,24,"This is an entire track cycling setup and would make a great starter kit for someone getting into track racing.  See below for details about: bike ($1,000); upgraded handlebar ($354); extra rear wheel ($250); additional cogs and chainrings ($115); additional tires, tubes, and repair kits ($64); tools ($70); lube, grease, and grip ($6); and CycleOps trainer setup ($235).   I bought this Felt TK2 in 2016 and raced it for one season, and then bought upgraded equipment for it. But my work schedule changed and I stopped riding in 2017. I barely used most of it, and some of it is even still in the original packaging. Getting married now, so I'm selling the bike and all the equipment.    BIKE ($1,000; Used, excellent condition) ‚Ä¢	2012 Felt TK2 (MSRP $1,699.00, see https://99spokes.com/bikes/felt/2012/tk2)        o	BUILD:                 ÔÇß	Size: 54cm                ÔÇß	Frame: Aluminum 7005 Super-light                ÔÇß	Fork: Felt TkR track UHC performance carbon rider 2/ 1.125‚Äù aluminum steerer; bladed aero carbon fiber fork blades; 30mm offset.                ÔÇß	Bottom bracket: SRAM GXP Team external bearing.                ÔÇß	Headset: FSA 1.125‚Äù integrated w/ 25mm aluminum cone and 2x10mm aluminum straight spacers; Felt Tornado aluminum top cap; 2024 anodized aluminum bolt.                 ÔÇß	Stem: Felt TkR 6061 aluminum 3D forged +/-7 degree rise; 31.8mm bar clamp; Cr-Mo bolts, 100mm.                 ÔÇß	Handlebar: Felt 3T Sphinx Ltd carbon fiber, 40cm, bladed track drop (380 grams, clamp diam. 31.8mm)                 ÔÇß	Saddle: Felt SL road saddle w/ carbon fiber injection molded base; superlight multi-density foam; hollow Cr-Mo rails.                 ÔÇß	Seatpost: Felt TkR bladed carbon fiber w/ micro-adjuster; 27.2x300mm.         o	WHEELS:                ÔÇß	Rims:Felt TkR-2 700c 42mm deep, aluminum aero track rims, 28H radial lace front, 28H 3X rear.                 ÔÇß	Spokes: Bladed butt 2.0x2.3mm w/ aluminum nipples.                ÔÇß	Front hub: Felt TkR-2 low-flange w/ sealed cartridge bearing.                 ÔÇß	Rear hub:Felt TkR-2 double-threaded fixed, low-flange, w/ sealed cartridge bearing.                 ÔÇß	Tires: Michelin Power Competition, 700x23c (LIKE NEW)        o	GROUPSET:                 ÔÇß	Crank: SRAM Omnium track GXP aluminum crank set, w/ 48 tooth chainring, black.                ÔÇß	Cog & lock: 15 tooth cog w/ lock ring.                ÔÇß	Chain: KMC Z510HX 1/8‚Äù chain.   UPGRADED HANDLEBAR ($354; LIKE NEW) ‚Ä¢	$350 ‚Äì Felt 3T Scatto Ltd, 35cm, track drop, super stiff carbon fiber handlebars (370 grams, bar clamp diam. 31.8mm) (LIKE NEW; MSRP $400, see https://www.wiggle.com/3t-scatto-ltd-track-handlebar-1) ‚Ä¢	$2 ‚Äì SRAM super cork bar tape (half remaining, see https://www.amazon.com/SRAM-Supercork-Bicycle-Tape-White/dp/B00142KGRK) ‚Ä¢	$2 ‚Äì Vinyl electrical tape (nearly full roll)   EXTRA REAR WHEEL ($250; LIKE NEW) ‚Ä¢	$250 ‚Äì Mavic Ellipse rear wheel. Rims are 30mm deep S6000 aluminum, clincher style. 20 ultra-bladed straight pull steel spokes in crossed lacing pattern w/ steel nipples; aluminum hub w/ steel axel; hub threaded on both sides (MSRP $300, see https://www.mavic.com/en-int/ellipse-rr0713.html)   ADDITIONAL COGS & CHAINRINGS ($115; NEW) ‚Ä¢	$25 ‚Äì 14 tooth cog, All City, stainless steel (MSRP $34, see https://allcitycycles.com/parts/cogs_and_lockrings/stainless_cogs) ‚Ä¢	$30 ‚Äì 15 tooth cog, All City, stainless steel (MSRP $34, see https://allcitycycles.com/parts/cogs_and_lockrings/stainless_cogs) ‚Ä¢	$60 ‚Äì 50 tooth chainring, FSA Pro Track, Black (MSRP $70, see https://www.summitbicycles.com/product/fsa-pro-track-chainring-336102-1.htm)   TIRES & TUBES & REPAIR KITS ($64; NEW) ‚Ä¢	$50 ‚Äì Michelin Power Competition, 700x23c (MSRP $76, see https://www.amazon.com/MICHELIN-Power-Competition-Bike-Tyres/dp/B01DP682VE) ‚Ä¢	$5 ‚Äì Bontrager 700x18-23c tube, 48mm presta (MSRP $10, see https://www.ebay.com/itm/255417105981) ‚Ä¢	$5 ‚Äì Specialized 700x20-28c tube, 48mm presta (MSRP $10, see https://www.specialized.com/us/en/standard-presta-valve-tube/p/156229?color=229141-156229) ‚Ä¢	$2 ‚Äì Rema TipTop TT01 puncture repair kit (MSRP $5, see https://www.performancebike.com/rema-tip-top-tt01-small-patch-kit-21/p332670) ‚Ä¢	$2 ‚Äì ParkTool VP1 patch kit (MSRP $5, see https://www.amazon.com/Park-Tool-VP-1-Vulcanizing-Single/dp/B000JF2ZB8/ref=asc_df_B000JF2ZB8/)   TOOLS ($70; NEW) ‚Ä¢	$25 ‚Äì ParkTools SR-18 sprocket remover, chain whip (MSRP $35, see https://www.amazon.com/Park-Tool-SR-18-2-Sprocket-Remover/dp/B076CX3MJP) ‚Ä¢	$10 ‚Äì ParkTools HCW-5 double-ended lock ring spanner (MSRP $20, see https://www.amazon.com/Park-Tool-109917-HCW-5-Spanner/dp/B000C17KRI) ‚Ä¢	$5 ‚Äì Park Tool SW-7 triple spoke wrench, 0, 1, 2 (MSRP $10, see https://www.amazon.com/Park-Tool-Triple-Spoke-Wrench/dp/B00QVOUEB4) ‚Ä¢	$20 ‚Äì Husky 15mm combination wrench, set of two (MSRP $24) ‚Ä¢	$10 ‚Äì Husky 26 piece allen wrench set (MSRP $17, see https://www.homedepot.com/p/Husky-SAE-Metric-Long-Arm-Hex-Key-Set-26-Piece-HLAHKSM26PC/202934869)   LUBE & GREASE & GRIP ($6) ‚Ä¢	$2 ‚Äì Tri-flow lubricant 2oz (3/4 full bottle; MSRP $7, see https://www.amazon.com/Tri-Flow-Squeeze-Bottle-Lubricant-Teflon/dp/B00GC54OC2) ‚Ä¢	$2 ‚Äì Lucas hi-performance white lithium grease 8oz (nearly full tube; MSRP $7, see https://www.homedepot.com/p/Lucas-Oil-8-oz-Lithium-Grease-in-White-10533/202535870) ‚Ä¢	$2 ‚Äì Finish Line carbon fiber grip 1.75oz (nearly full tube; MSRP $8, see https://www.amazon.com/Finish-Line-Bicycle-Assembly-1-75-Ounce/dp/B0012RIEM6)   TRAINER ($235; Used, good condition) ‚Ä¢	$150 ‚Äì CycleOps Mag+ trainer, w/ bar mounted remote shifter (MSRP $210, see https://www.amazon.com/gp/product/B00EQB8EVQ/ref=ppx_yo_dt_b_asin_title_o00_s01?ie=UTF8&th=1) ‚Ä¢	$50 ‚Äì CycleOps training mat (65‚Äùx36‚Äù) (MSRP $75, see https://www.amazon.com/gp/product/B000BT7HXI/ref=ppx_od_dt_b_asin_title_s01?ie=UTF8&th=1) ‚Ä¢	$15 ‚Äì CycleOps sweat protector (MSRP $30, https://www.amazon.com/gp/product/B000BTA6O0/ref=ppx_od_dt_b_asin_title_s00?ie=UTF8&psc=1) ‚Ä¢	$10 ‚Äì CycleOps trainer tire 700x23c (MSRP $31, see https://www.amazon.com/gp/product/B00EQAN994/ref=ppx_od_dt_b_asin_title_s00?ie=UTF8&psc=1) ‚Ä¢	$5 ‚Äì CycleOps trainer skewer (MSRP $11, see https://www.amazon.com/gp/product/B00G6T1TZY/ref=ppx_yo_dt_b_search_asin_title?ie=UTF8&th=1&psc=1) ‚Ä¢	$5 ‚Äì CycleOps leveling block (MSRP $30, see https://www.amazon.com/gp/product/B00N42GHHG/ref=ppx_yo_dt_b_search_asin_title?ie=UTF8&th=1)", excellent, Felt, TK2, none (rigid), none, none, drop,,,,
30659,112.0,cleveland,https://cleveland.craigslist.org/sgd/d/full-garage-gym-squat-rack-dumbbells/7471694221.html,2022-04-15 14:08,"Full Garage Gym-Squat Rack, Dumbbells- Financing Available",,,,,4,"Full Garage Gym Setup- Squat Rack, Adjustable Bench, Dumbbells, Bumper Plates, Rower & More  _____________________________________________________________________________ Offered By: BodyKore Fitness Equipment- 949-503-9266- Text or call for more info _____________________________________________________________________________ We have a huge inventory of Commercial Fitness Equipment. Most of our equipment have lifetime warranties and are built for health clubs and commercial gyms. The same equipment you will use at 24 Hour Fitness, LA Fitness, Anytime Fitness, Chuze Fitness, Planet Fitness, Gold's Gym and more! Our state of the art equipment is offered at low low prices and we even offer Easy Financing! Garage Gym Equipment Package  Commercial Squat Cage and Adjustable Bench 5-50lb Rubber Dumbbell Set w/ Rack 300lb Rubber Olympic Grip Plate Set w/ Bar Choice of Rowing Machine or Air Bike  *Low Price of $4000! Or as low as $140/month ¬†IN STOCK READY TO SHIP! This package doesn't work for you? No problem, Equipment packages are fully customizable. We have plenty of stock! . ¬†____________________________________________________________________________ Commercial Fitness Equipment: Smith Machines, Leg Press, Hack Squat, Squat Racks, Olympic Benches, Military Benches, Utility Benches, Flat Benches, Lat Machines, Seated Calf Raise, Back Hyperextension, Roman Chairs, Power Towers, Chin/Dip Tower, Vertical Knee Raises (VKR), Dual Adjustable Pulley Systems (DAPS), Plate Loaded Machines, Selectorized Strength Machines, Hip Abductor, Leg Extension, Cable Cross, Chest Press Functional Training Equipment: Group Training Rack Systems, Storage Racks, Crossfit Rigs, Olympic Lifting Platforms, Bumper Plates, Kettlebells, Wall Balls, Slam Balls, TRX, Suspension Trainers, Resistance Bands, Yoga Bands, Yoga Mats, Power Bags, Maces, Clubbells, Battle Ropes, Plyoboxes Cardio Equipment: Treadmills, Ellipticals, Steppers, Stepmills, Air runners, Manual Treadmills, Crosstrainers, Airbikes, Spin Bikes, Recumbant Bikes, Upright Bikes, Climbers, Rowers ¬†_____________________________________________________________________ Financing available. 12 Months NO INTEREST on a 48 month term (on approved credit). Payments as low as $99 per month! FOR MORE PICTURES AND INFORMATION VISIT OUR WEBSITE www.bodykore.com PLEASE CONTACT US AT (949) 325-3088¬† Precor, Technogym, Rogue, Titan, lifefitness, woodway, star trac, nautilus, Deadlift, bumperplate, olympic bar, crossfit, cross fit, weightlifting, smith machine, squatrack, benchpress, gym equipment, treadmill, airdyne, assault, maces, clubbell, dumb bell, Concept 2, marpo BodyKore Fitness Equipment - QUALITY EQUIPMENT, BEST PRICES, EZ FINANCING! üí•üí•üí• 12 MONTH ZERO INTEREST WITH NO PRE-PAYMENT PENALTY We have a huge inventory of Commercial Fitness Equipment. Most of our equipment have lifetime warranties and are built for health clubs and commercial gyms. The same equipment you will use at 24 Hour Fitness, LA Fitness, Anytime Fitness, Chuze Fitness, Planet Fitness, Gold's Gym and more! Our state of the art equipment is offered at low low prices and we even offer Easy Financing! apply online : http://www.bodykore.com/finance BodyKore Fitness Equipment Phone: (949) 325-3088 Website: www.bodykore.com üì≤ ‚òéÔ∏è Call or text 949-503-9266 for quick answers to your questions about this GARAGE GYM EQUIPMENT PACKAGE Check out some of our other equipment for your home gym:      Your message will always be answered by a real human ‚Äî never an automated system. Kettlebell, Kettlebells, Olympic, Weights, Bench, Press, Squat, Resistance, Bands, Spin, Bike, Bikes, Spinning, Karate, Kung-Fu, Jiu Jitsu, Judo, Kickboxing, BJJ, JiuJitsu, MMA, Muay Thai, Muaythai, Kickboxing, Boxing, Gloves, Flat, Incline, Decline, Cable Machine, Cardio, Treadmill, Elliptical, Oliptical, Pull-Ups, Chin-Ups, Push-Ups, Chest, Arm, Legs, Bicep, Tricep, Shoulder, Gym Bells, Yoga Mats, Aerobics, Quadriceps, Hamstrings, Glutes, Abs, Stomach, Waist, Fat, Muscle, Body, Calves, Gravity Boots, Extension, Lats, Pulldown, Training, Intense, Extreme, Strength, Endurance, Bumper Plates, Olympic Rings, Appearance, Physical, Sports, Baseball, Basketball, Football, Martial Arts, Soccer, Track & Field, Power, Bodybuilding, Nutrition, Heavy, Bars, Tension, Gympak, Bodykore, Kore, Core, Yoga, Foam, Roller, Brake Pads, Pedal, Exercise, Startrac, Star Trac, Precor, Life Fitness, Lifefitness, Lifestride, Soloflex, Jump Rope, Forarm, Power, Blaster, Aerobics, Swimming, Cross Fit, Cross Kick, Apollo, Bodymasters, Steppers, Climbers, Strength Circuit Machines, Cable Station System, Rubber Flooring, Rubber Floor Mats, Smith Machine, Treadmill Belts, Replacement Parts, Medicine Balls, Punching Bags, Barbells, Racks, Rope, Attachments, Dip Belt, Workout Belt, Ab Straps, Thai Pads, Banana Bag, Kick Pad, Headgear, Power Systems, BOSU, tapout,forearm, bicep, arms, soloflex, body by jake, boflex, ab slider, lower back extension, lat pull down, Olympic rings, squat stands, squat racks, training ropes, climbing ropes, Power Racks, Bumper Plates, Rubber Flooring, Rubber Dumbbells, Cushbell and more!!! Ab / Back Equipment Flat and Olympic Benches Hyperextension Bench & Roman Chair Abdominal Equipment Back Equipment Inversion Tables Fitness Accessories Gym Flooring / Equipment Mats Jump Ropes Weight Training Accessories Door Gym Pull Up Bar Hand Strength & Forearm Cable Attachments Collars & Adapters Heart Rate Monitors Wrist, Ankle and Body Weights Scales & Body Fat Testers Squat Bar Pads Foam Product and Rollers Parts Fitness Exercise Gym Equipment Pull Up Bar, Chin Up Bar, Push up Bar and Dip Bars Reading Racks & Water Bottle Holders Exercise Mats Bosu¬Æ Ball Exercise Balls and Accessories Exercise Balls Bars & Collars Resistance Training Weight Pins & Leashes As Seen On TV Back Equipment Inversion Tables Door Gym Pull Up Bar Foam Equipment Packages Olympic Bumper Plates Bars GHDs Kettlebells Free Weight Equipment Medicine Balls Concept 2 Rowers Gymnastics Equipment Dumbbells Sandbags Pull-up Bars Training Accessories Plyometric Boxes D-Balls Mats Jump Ropes Climbing Ropes Flooring Bar Holders Gift Certificates Weight Storage home commercial treadmill treadmills elliptical ellipticals exercise bike bikes stepper steppers abcoaster gym equipment new used refurbished free weight dumbbells circuit strength selectorized Orange Co. Riverside Co. Newport Beach Life Fitness parabody tuff stuff repair service Product and Rollers Benches Flat and Olympic Benches Hyperextension Bench & Roman Chair Abdominal Equipment Back Equipment Boxing / Martial Arts Balazs Boxing Chin and Pull Up Bars TKO Fitness Accessories TKO Medicine and Stability Balls TKO Skip Jump Ropes TKO Vest and Ankle Weights TKO Weightlifting Belts and Straps Pull Up Bar, Chin Up Bar, Push up Bar and Dip Bars treadmill Commercial Fitness Equipment Commercial Ellipticals Cross Trainers Commercial Steppers Commercial Exercise Bikes Commercial Treadmills Commercial Rowing Machines Dumbbell Dumbbells / Weights Used Fitness Equipment Physical Therapy, Medical & Rehabilitation Equipment Aquatics Cardio Equipment Indoor Cycling Bikes and Spin Bikes Dumbbells / Weights Plates Dumbbells Barbell Sets Weight Trees Weight Training Accessories Wrist, Ankle and Body Weights Bars & Collars Hand Strength & Forearm Elliptical Trainers / Cross Trainers", new, BodyKore, G703,,,,,,,,
30660,400.0,cleveland,https://cleveland.craigslist.org/bik/d/cleveland-bianchi-pista/7465652944.html,2022-04-14 22:56,Bianchi Pista, steel, track, 53, 700C,0,"For sale is my lightly modified 53 cm chrome Bianchi pista with $450 in modifications (https://www.bianchiusa.com/bikes/track/pista/). The rear hub is a flip-flop, however, the bike is set up fixed.   The upgrades significantly help with the usability and comfort of the bike. The carbon fiber riser bars ‚Äì coupled with the tires -- help to soak up the vibrations that are common with skinny tire steel-bar track bikes. Additionally, the mountain bike bars have been chopped to narrow the overall silhouette of the bike. The overall running position is now much more comfortable yet still sporty. The Paul Components brake lever helps maintain the clean lines of the cockpit while still offering the safety of a brake!  Modifications are as follows: ‚Ä¢	Paul Components Silver E-lever (MSRP $75) https://www.paulcomp.com/shop/components/brake-levers/short-pull/e-lever/ ‚Ä¢	SRAM cranksets (MSRP $100) ‚Ä¢	60 mm Thompson billet aluminum stem (MSPR $40)  ‚Ä¢	40 mm Easton EC70 XC Carbon Riser Bar (MSRP $139) https://www.mountainflyermagazine.com/view.php/tested-easton-ec70-xc-low-rise-handlebar.html ‚Ä¢	BLAQ Freestyle straps (MSRP $58 ) https://blaqpaks.com/accessories/platform-straps ‚Ä¢	WTB Thickslick tires (MSRP $35 x 2) https://www.mountainflyermagazine.com/view.php/tested-easton-ec70-xc-low-rise-handlebar.html  Please email me if you have any questions!", good, Bianchi, Pista, none (rigid),,,,,,,
30661,1.0,cleveland,https://cleveland.craigslist.org/mpo/d/avon-lake-swap-meet-may15th/7471362330.html,2022-04-14 17:21,SWAP  MEET      MAY15TH,,,,,24,SUNDAY  MAY 15    158  LEAR RD  AVON LAKE  44011   METRIC  AND  MORE    2ND  ANNUL   10AM TO 4PM  FREE VENDOR  SPACE  SET UP  AFTER  7:29A  LARGE  METRIC  OFF ROAD BIKES  AND PARTS   LOCAL  HARLEY CHAPTER AMA  MEMBERS WITH  BIKES AND PARTS  HOT DOGS $1.00 AND  DRINKS$1.00     DOOR PRIZES   3 MILES NORTH  OF  I-90 AND NAGLE  EXCHANGE   CALL TO  RESERCE  SPACE  CALL   show contact info,,,,,,,,,,,
30662,1.0,cleveland,https://cleveland.craigslist.org/snw/d/avon-lake-swap-meet-sunday-15/7471097783.html,2022-04-14 07:35,SWAP MEET  SUNDAY 5/15,,,,,19,"METRIC  AND  MORE MUCH MORE        2ND ANNUAL SWAP MEET  FREE VENDOR  SPACE      ALL PARTS AND BIKES WELCOME   WE WILL HAVE HARLEY VENDORS WITH VINTAGE  PARTS AND BIKES FOR SALE   LARGE METRIC  OFF ROAD PARTS AND BIKES FOR SALE    MAY 15TH  SUNDAY       158 LEAR RD      AVON LAKE      10AM TILL 4PM   WE HAD A GREAT TIME LAST YEAR            EXCEPT THE SAME THIS YEAR   FREE SPACE, **  DOOR  PRIZES  DRAWING  ** $1.00 DOGS AND  $1.00 DRINKS  STOP BY AND BRING A FRIEND   THANKS   158  LEAR  RD  AVON LAKE  44012  WE ARE 3 MILES NORTH  OFF  I90 AT NAGLE  EXCHANGE   CALL IF YOU HAVE ANY QUESTIONS  MIKE   show contact info",,,,,,,,,,,
30663,1.0,cleveland,https://cleveland.craigslist.org/sgd/d/used-gym-equipment-life-fitness-precor/7471082795.html,2022-04-14 05:02,"Used Gym Equipment - Life Fitness, Precor, Cybex, Hammer Strength",,,,,10,"We have everything you need for your commercial or home gym! Check us out!  BuyAndSellFitness.com or call (407) 674-2663  25000 sq ft warehouse full of equipment From Top Brands Like Cybex Precor Life Fitness Stairmaster Hammer Strength Nautilus Matrix @ More!  Our Inventory Includes : - Treadmill - Elliptical - Recumbent Bike - Upright Bike - Spin Bikes - Strength Equipment & More!  - Cybex Arc Trainer - Precor AMT - Cable Crossovers - Smith Machines - Dumbbells - Olympic Plates - Leg Press  We also have gym packages of top brand commercial gym equipment that fit your budget!!!  Bumper Plates, Precor Icarian, Star Trac, Cybex, Paramount, Magnum, Life Fitness, Hammer Strength, Stair Master, Techno Gym. Treadmill, Elliptical, Spinning Bike, Spin Bikes, Recumbent Bikes, Up Right Bikes, Stepmills, Steeper, Spinners. Free weights, Dumbbells, Barbells, Racks, Plates, Plate Trees, Bench, Olympic Bench, Decline Bench, Multi Station, Jungle Gym, Cable Cross Over, Accessories. Gym, Commercial Gym Equipment, Fitness Equipment, Used Gym Equipment, Refurbish Fitness Equipment, Equipo de Gimnasio Usado, Cybex, Life Fitness, Star Trac, Precor, Hoist, True, Nautilus, Hammer Strength, Atlantis, Matrix. Diesel, Paramount, Stair Master, Magnum, Quantum, Body Master, Icarian, Elite Gym Equipment International inc. Circuit, Complete Gym, All Commercial Machines, Fitness & Gym Equipment Outlet Warehouse. Treadmills, Ellipticals, Cross Trainer, Stepmills, Recumbent Bike, Upright Bike, Spin Bikes, Steppers, Spinners, Multi Station Gym, Jungle Gym, Fitness Equipment, Commercial Gym Equipment, Exercise Equipment, Cardio Machines, Cross Fit, Exercise, Cardio, Plate Loaded Machines, Leg Press, Smith Machine, Cable Crossover, Weights, Dumbbells, Rubber Dumbbells, Barbells, Rubber Weights, Plates, Rubber Mats, Racks, Commercial Benches and Accessories, fitness equipment, nustep, hex dumbbells, crossfit, concept2", excellent," Life Fitness, Cybex, Hammer",,,,,,,,,
30664,65.0,cleveland,https://cleveland.craigslist.org/bik/d/macedonia-jamis-boys-bike-20-in/7458938275.html,2022-04-13 04:33,Jamis boys bike 20 in, aluminum, kids, small, 20 in,3,"Great looking bike solid, not like the box store bikes, will last a long time. double walled rims and ready to ride. Great for  5 YEAR OLD TO 8 YEAR OLD probably.",, jamis,,,,,,,,,
30665,50.0,cleveland,https://cleveland.craigslist.org/for/d/bedford-lot-of-metal-wood-school-chairs/7470012792.html,2022-04-11 16:11,Lot of 9 Metal & Wood School Chairs,,,,,3,"Very solid metal and wood school chairs.  Total of 9 chairs.  $50 for all of them.   *** For More Ads By This User, Click on the Link on the Right Side that Says "" MORE ADS BY THIS USER ""  *** I'll usually have some of the following items: pet cages, ladders, kids & adult bikes, Little Tikes & Step 2 items, strollers, yard tool and who knows what else.  *** Located in Bedford near Rockside / Broadway area  *** Cash only  *** Pick up only (unless it is a large item and I'll deliver close by)", good,,,,,,,,,,
30666,10.0,cleveland,https://cleveland.craigslist.org/for/d/maple-heights-two-school-chairs/7470013150.html,2022-04-11 16:12,Two School Chairs,,,,,3,"Two school chairs.  $20 for both..  *** For More Ads By This User, Click on the Link on the Right Side that Says "" MORE ADS BY THIS USER ""  *** I'll usually have some of the following items: pet cages, ladders, kids & adult bikes, Little Tikes & Step 2 items, strollers, yard tool and who knows what else.  *** Located in Bedford near Rockside / Broadway area  *** Cash only  *** Pick up only (unless it is a large item and I'll deliver close by)", good,,,,,,,,,,
30667,9999.0,cleveland,https://cleveland.craigslist.org/wad/d/cleveland-wanted-old-motorcycles/7469975266.html,2022-04-11 14:59,Wanted Old Motorcycles üìû1(800) 220-9683 www.wantedoldmotorcycles.com,,,,,24,"Wanted Old Motorcycles (1930's 1940's 1950's 1960's 1970's) For Private Collection. www.wantedoldmotorcycles.com  Buying ""as is"" condition, picking up and paying fair market value. One bike, a barn full or NOS part lots.  Contact for a CASH offer on your old motorcycle:  ‚úÖ Call ‚òé (800)220-9683  ‚úÖ Visit the WEBSITE: www.wantedoldmotorcycles.com  In search of 1980 and older: Harley Davidson Knucklehead Panhead Shovelhead Flathead AMF Honda: CB CB750 FOUR Sandcast K0 K1 K2 K3 CBX 1000 CB400F CB450 CB550 CT70 Trail 70 CB400 Kawasaki: H2 750 Triple Z1 KZ 900 H1 500 KZ900 Z1R KZ1000 MK2 MKII LTD KZ1300 S2 S3 KH400 Norton: Commando Atlas P11 Ranger Manx Jubilee Navigator Dunstall Rotary 850 Dominator 900kz 900z BMW: R50 R50/2 R60 R65 R60/2 US R50/2 R27 R80 R90 R75/6 R90/6 R100 r100RS r90S R69s R69 R69US Triumph: X-75 Hurricane Bonneville Trident Tiger Daytona 650 t120 t140 t150 t160 Pre Unit X75 z1000 Yamaha: RD Rd350 Rd400 XS1 XS1B R5 XS650 Big Bear YA1 1973 1974 1975 1976 1977 1978 1979 Suzuki: GT750 Waterbuffalo RE5 GT380 GT500 GT550 T500 Titan Re-5 Indy Water Buffalo T350 BSA: Rocket 3 Gold Star Thunderbolt Lightning Spitfire Golden Flash B44 Victor Special A50 A65 Indian: Chief Junior Scout Arrow V Twin Factory Hillclimber Single Belt Drive Hendee Prince 1000kz Ducati: 750ss GT 860 Monza DM750 900ss GTS Darmah Desmo Mk3 Diana Elite DM450 SCR R/T RT  Husqvarna: 360 400 cross WR450 Sportsman Prototype 1965 1966 1967 1968 1969 1970 1971 1972 Moto Guzzi: Le Mans Eldorado Ambassador Falcone Lemans V7 Sport 750S T3 Airone El Dorado All other makes, RUNNING OR NOT, JUNK OR MINT. No GL1000 Goldwings or 1981 and newer  Paying you and picking up at your location, very safe, super easy. You won't have to bring your motorcycle anywhere.  Willing to purchase immediately in any condition: good or bad, complete, incomplete, restored or needing restoration.  If you lost your title or registration, not a problem.  Why not take a minute now go to website: www.wantedoldmotorcycles.com Find out what yours is worth in a couple minutes while relaxing in comfort on sitting on your sofa couch or desk chair.   Buying ""as is and where is"" means exactly as it sounds. Whatever shape it's in and wherever located, buried in cluttered basements or outside in a overgrown back yard. Excellent classic survivors, fixer upper winter projects, junker bikes too.  Get the details how to turn your motorcycle into the money you want the ez way at website: www.wantedoldmotorcycles.com   SELLING DOES NOT GET EASIER!  Call to get a offer, the number is a landline not a cell phone: (800)220-9683, please leave a message if no answer.   GET PAID THE IMMEDIATE MONEY YOU WANT! PAYING AND PICKING UP AT YOUR LOCATION.  Please dont contact if you are trying to buy, nothing is for sale, no trades or barter, everything is kept.  www.wantedoldmotorcycles.com  Own a antique motorcycle untouched the past 30 years? Sell it! Get paid the money you want. Make room in your garage, shed, building or reclaim the basement space. Regardless of condition, send a email with your asking price. If you don't know how much you want, attach a few pictures with your digital camera or iPhone and ask for an offer. Fast, simple and you don't have to get a basket case put together, clean it up or do anything to the motorcycle. Always buying things ""as is"", coming to you, at a time that works on your schedule, weekdays or weekends. Spending huge amounts for vtg dealership NEW OLD STOCK, fastest payment, speedy removal. www.wantedoldmotorcycles.com  Call (800)220-9683 please no text messages (This is a land line not a cellphone or smartphone) voicemails ok.  ALWAYS BUYING AS IS! You won't need to do a thing. Don't wash it, just count the cash. It can not get easier.  For an instant offer go to the website and include pics or info anytime. Its the best way to sell at the price you want. ‚úÖ Use the Online Form: https://www.wantedoldmotorcycles.com/contact.html (copy and paste link)  WTB: Vintage Post war British * Japanese * American * Italian * French * German * Laverda - Rickman - Bultaco - Benelli - Matchless - Royal Enfield - Vincent - Velocette - Parilla - NSU - Morini - Aermacchi - Maico - Hodaka Combat Wombat - Rokon - Brough Superior - MV Agusta - Motobi - Sachs - Rupp - Greeves - Ace - Ossa - Vizio - Montesa - Mondial - Premier - Fantic - Pope - Henderson - Cleveland - Excelsior - Flying Merkel - Crocker - Ariel - Casal - Horex - Cyclone - Gilera - Kaizom - AKT - Jawa - Hercules - Buell - Bimota - Whizzer - Tomahawk - Maserati - Bianchi - Cagiva - Yale - Nimbus - Panther - Artic Cat - Rudge - Scott - Terrot - Ural - DKW Dogs -Thor - Sony - Metisse - Motosacoche - James - Cushman - Bombardier - Universal - AJS - KTM - ESO - CZ - Zundapp - Rumi - Can-am - Fratelli Ferrari - Sunbeam - Ski-doo Mini-trail - Ceccato - Puch - Lambretta - Vespa scooter moped - Simplex - ISO 1950s: 1950 1951 1952 1953 1954 1955 1956 1957 1958 1959 1960s: 1960 1961 1962 1963 Two Stroke Triples S1 Mach I 250cc 350cc 400cc H1500 III 500cc KH500 H2750 IV 750cc Z1900 900cc Z1-R z900 kh KZ-1000 MK. Mark II 60's 70's 80's 1 2 3 4 I widow maker Supersport SS 1000cc 1300cc MK11 Z1R-TC MKV MKIV MKIII ATP TC2 Kz900ltd 1000z KZ1000LTD 1982 KZ1000R. 1980's 81 82 Z750RS Z2 z1300 KSR KZ-1100 KZ650 KZ750 Samurai cb750k K4 K5 K6 CB-750 CB750F CB350F C100E CZ100 CB350 GS400 GS425 Black Bomber CB500 CB550F HD Trophy Tigress Bantam RM250 RD500 256gb 1964 RZ500 RZ350 RZ XS-1 XS1-B 32gb XS-650 128gb TZ 50 51 52 53 54 55 56 57 58 59 60 61 62 63 64 65 66 67 68 69 71 72 73 74 76 77 78 79 Z1-R Z1A Z1B Z1-A Z1-B H2A H2B H2C H1a h1B H1C H1D H1E H1F z1-a z1-b h2-a h2-b h2-c kzp turbo charged blower models Rd250 California Edition Goldstar Thunderbird Shooting Fleetstar Barracuda International Wes Cooley, Eddie Lawson replica racing ELR, autograph shovel Mathews Craig Vetter CBX1000 CB71 CB77 Superhawk  THINKING OF THINK OF SELLING, CALL TODAY! (800)220-9683  Seeking those serious collectors who spent their entire life collecting, retired dealers having left over inventory large or small should hold out for Top Dollar, Kelly BlueBook or NADA appraised estimates. Fine museum quality rarities are practically unique and deserve highest possible, KBB book appraisal prices, receive a total fortune. Dear sir, you found the buyer.  Seller Option 1: Spend hard earned dollars on a mechanic to fix your project or doing repairs or restorations yourself. Grab a repair manual service guide hunting for correct tools. Pull out the iPad, start ordering the missing parts to rebuild it, taking weeks assembling, cleaning washed waxed detailing, a second fresh wax detail, listing on Facebook marketplace for the first stranger to arrive in a car, not even a truck, complaining wanting it delivered, tire kicking, offering less then half or a trade, Meeting halfway for delivery. Horror stories hasn't that happened! Theres a right way and a wrong way.   Sellers options 2: PICK UP YOUR PHONE DIAL 800-220-9683 NO WORK! QUICK! CONVENIENT! HASSLE FREE!   Finder fees payments if lead is purchased! Plus earn bucks for tips! Maybe a cousin still owns his retro cafe racer. Attend weekend neighborhood sales? Spot a nice survivor, get a bonus cut if its bought! Locate a dragster that doesnt run at flea markets, Aunt Sue has her dad's chopper, she might be curious to a estimate. Nobody wants silly pawn shop pricing, ask a expert. Don't ask your only uncles advice to appraise dads bobber, Im sure uncle Joe has no appraiser skills. Eye a rusted rat rod enduro at a storage facility or motorbike at a estate auction? Howabout a scrambler Pickin' at a tag bazaar? Are you a plumber, house keeper, tree cutter, home aide, electrician, You probably will pass a dozen or more a year. People with jobs that require going in and out of homes, traveling general contractor working hvac renovation job. If you do give him my number and say you referred the present owner to me. It doesn't matter if you are a scraper dumpster diving, a hunter outdoors and you stumble upon a pair of choppers in a field. Find a disassembled basketcase stored in grandmothers cellar, moms attic, outdoor in grandpas canvas carport. You can easily get a percentage for a referral reference. someone has been searching, forever on the hunt purchasing: Bobbers, military production or experimental track trackers, hill climbers, board tracker enduros, Trial Trials, mc road dirt climber scramblers minibike police cycles scooters mopeds non original, customized or specialized, superbike era street replicas, Briggs & Stratton cord starter powered minibikes, foreign scotty import Servicar, imported fastback Grand Prix racers, Also: Bell M/C Helmets, Dealer porcelain enamel Advertising Signs from closed dealerships, rare HTF cycle related collector memorabilia, AMA club Motocross championship trophies, used Bates men's / women's leather jacket, riding gear leathers woman's & mens in every size AHRMA clubs clothing: t-shirts jackets coat suit mx boots. engines, motors, king seat, Denco chambers exhaust pipes, carburetors etc Handle bars, masters master cylinders, roadster rims, side stand center away travel hand extension open whole pole hitch led fuel injected carburetor blowers, repainted color fiberglass petrol tank, wheels fairing saddle bags, roller lift, pneumatic jack table lifts, ATC Atv Utv, 4k clubman roadsters, Weather the frame is broken and needs the damaged motor fixed, Purs like a kitten and runs like a scalded dog chasing cats. It doesn't have to be a gem. Repaired gas tanks painted pink with purple polkadots insane colors candy lime red yellow silver midnight blue orange white brown grey burgundy copper aluminum aqua olive gray platinum rust maroon. Shaftdrive or chain shaft model, dead battery, bent handlebars, one sick looking puppy with flat tires or a trailer it everywhere show queen. Custom paint with skulls and spiderwebs or kittens and puppies. Guns and roses to a peace sign and flowers no customization is too extreme. Rotted and rusty to mirror polished chrome Some never change, chase grows Interpol jap, hagerty insured, Strap plowing trading cards come person checks dusty taken apart them miss voicemail mind adds story again I'm address bed salt smart diesel Trek sharp tin plow knife autographed helmet Powerplus CT-70 CT125 A65L A70L T65 R GT185 copy 8 125 0 150 0 175 2 200 2 250 0 350 380 380cc 9 6 850cc 8 550 3 c a t 1100 101 401 402, WL FL LG J JD JDH FLH KHK KR VL VLH VLD WLA WR U UL DVD ULH TV XA SUV T120r TR6R T110 TR65 TR7T TR65T T140LE Royal Wedding T140J T140AV TR7AV TR7VS T140ES Electro Electric starters W1 w2 w2ss T150V Three Quad T90 T100 T100A T100SS T100S T100R TR5T T140W TSS T140D T140E D1 D3 Major D5 D7 D10 RV90 RV125 A1 A2 A3 Motocompo Hi-rider Interstate, champion spark plugs carbureted, carb z50 ko kit tool sets toolkit kick, Crate Bored Engine, Spit fire Hornet A75 Dk2 440 Mag Magnum target enclosed lcd rim, compound Warrior Blackhawk landscaping jeep ford cj Sportster XR750 4x4 bbq Grill dewalt Makita Ryobi rigid thermostat nest ring doorbell bosch vacuum capability increased mobility. PrecisionCut TerrainCut blades provide efficient finish designed mowing larger estates Due beneficial mulching properties suited gardening applications four-wheel-drive provides manoeuvrability manufacturers United States Craftsman Co Troy-Bilt Decker, Ferris Greenworks Whether  zero fashioned innovation, here finest lawnmowers available Walk-Behind Mowers Tow SC300HW 159cc High Self-Propelled EGO Select XP 18"" Volt LXT Lithium-Ion Cordless  Batteries  Charger Included) SCP100 173cc Push Earthwise 16"" 7-Blade Reel garden hose digger tandem Refrigerator fridge Kenmore oven dishwasher. Microwave humidifier tickets ticket printer A/C washer heater archery Meyer angle love weedeater lawnmower got salvage yards scrap dozens lawn mower pontoon Evinrude Odyssey ping TaylorMade Titleist Golf iron bow dining living bedroom set toys books weighted blanket hoyt Cam Dryer Power screen hoarder Rolling loader pan Box picker rent loveseat sectional. game Wen duromax tractor stihl chainsaw. Nikon pickers scope toro ladder scaffold painting John Deere Bicycles bicycle shadow muzzle Fat kat CB160 CB360 CB360T Roomba Baby Dream 305 CA CA90 CA95 CL350 CL77 Sand Cast Loan, vin, motorized vehicle cc Rapide, Rebel Metal, Kaw TR5 Stroker, Bonnie, Adams signed mobile Camron Cobra Mizuno Nike hire hiring generator 15,000 watts spa hot tub carhartt jacuzzi inverter generac Westinghouse automotive cruiser, Barrow, sled soccer baseball football nfl detector nascar, venue Disco Volante, Campera Supreme Sports Bushman Polaris starfire balls C65 S65 Motosport SL70 ST70 st-70 st90 st-90 CM90 C90 CT200 S90 Benly Benley C92 CB92 Elsinore CR250M Hellcat ATC90 CR93 ATC70 ATC110 ATC125 ATC200 NR500 NSR500 CR250R MT250 MT125 XL70 XL100 XL125 XL175 XL250 XL Hawk CA77 SL350 Electra Snow Terrier Cub snowmobile Carburettor Wheeler Thruxton Tina Speed Camper cadet ram Adventurer 745cc Mercury P11A N15 6T 441 3TA 5TA TR25W T100C TR6C TR7V DBD Ramp outboard ariens Avenger Centurion G4TR G4 Boss KV100 Green Streak F3 Bushwhacker A10 F4 Sidewinder Dyson F5 Bighorn boat F6 125cc F7 CR750 175cc F8 Bison Drone F9 ZXR ZX-7 1000R Ninja ZZR-1000 GPZ900R KH125 KH250 1015cc Sei four-cylinder sidecar Z750 KZ400 RS750 Z400 KZ440 Z440 KZ350 Z650 ST (Six cylinder) J1TR 85cc CL CX CB650 CB250 CB125 CB175 CL100 8002209683 CL305 CL360 CL450 450cc Z50A Monkey Z50M Z50R Z50J QA50 C71 C72 C76 C77 A4 A5 A6 A7 GS Air Head Heads R12 R17 R32 R35 R39 R68 R-series M85 M80 Superrocket C100 CA100 C50 C110 GS1000 GS750 GS850 C115 MR50 CT50 CT-series CT90 90 Copyright ¬© 2013-2022 by www.wantedoldmotorcycles.com. All rights reserved.  1900 1901 1902 1903 1904  1905 1906 1907 1908 1909  1910 1911 1912 1913 1914  1915 1916 1917 1918 1919 20 21 22 23 24 25 26 27 28 29 30 31 32 33 34 35 36 37 38 39  40 41 42 43 44 45 46 47 48 49  18002209683 1920s: 1920 1921 1922 1923 1924 1925 1926 1927 1928 1929 1930s: 1930 1931 1932 1933 1934 1935 1936 1937 1938 1939 1940s: 1940 1941 1942 1943 1944 1945 1946 1947 1948 1949  Websites app accessed by Android Devices (Samsung Galaxy s20, s21, s10, s9, s8, Note) or Apple device: iMac, iPod 8 9 10 11 12 13, MacBook pro, Microsoft google Chromebook laptop / tablet / desktop computer.  www.wantedoldmotorcycles.com   ***If you have most symptoms of Corona Virus Covid-19, Wear a surgical mask (N95 respirator masks) disposable latex rubber nitrile gloves. Stay safe, remember if you feel a little unwell, wait.***  *** FINDERS FEE if leads materialize. Help a neighbor, relative, friend or others ***  Copyright ¬© 2013-2022 by www.wantedoldmotorcycles.com. All rights reserved.",,,,,,,,,,,
30668,445522.0,cleveland,https://cleveland.craigslist.org/wad/d/north-olmsted-collect-vintage/7469821471.html,2022-04-11 10:33,I COLLECT VINTAGE MOTORCYCLES TOP CASH PAID,,,,,0,"Wanted to buy: All Old Motorcycles made TOP CASH PAID NOW!!! between the years 1900 and 1980 in any condition.  1-888-800-1932  Running OR NOT: Original, Restored, or just for parts. Always buying fixer upper and junk bikes for parts.  kz1000 Kz1000 KZ 1000 kz 900 Kz900 h1 H1 750cc 1000cc 900cc H2 h2 triple 2 stroke also..  Always Buying in ""as is"" condition CASH PICKUP  Text pic to get value.. 92zero 37 one ofour94  CASH ON PICKING UP AT YOUR LOCATION. NO WORK! NO HASSLE! IT DOES NOT GET better!  The best way to sell your vintage motorcycle at the price you want! Call 1-888-800-1932   or email pic for an offer today!  www.vintagecyclebuyer.com  Do you have an old motorcycle sitting untouched for the past 30 years? Sell it! Get paid the money you want and make room in your garage, shed or barn. Regardless of condition,  call or email or text  Purchasing all classic Pre 1980: Kawasaki Honda Norton -Triumph BSA Yamaha - Suzuki - Harley Davidson - Indian - Ducati - BMW - bmw ducati husqvarna indian Husqvarna - Moto Guzzi and ALL other makes, RUNNING OR NOT, RUSTY OR MINT. Please no Goldwings or newer motorcycles.  You don't have to do a thing. Don't wash it or even dust it off, just count the money. It does not get any better.  Also Buying anytime of year  Minibikes, Dirt Bikes, vintage scooter lambretta Puch enduro street legal dirtbike xr xl cr CR yfr yrf adventurer Motorcycle v twin classic collectable old motorcycle Impala Chevelle Hurst olds Pontiac Cadillac mustang El Camino dart super b viper Camaro duster Bel air  Call anytime or email pics here...  www.vintagecyclebuyer.com   ALWAYS BUYING! IF YOU ARE THINKING OF SELLING...... MAKE THE CALL TODAY!  WTB: British * Japanese * American * Italian * French * German * Laverda - Rickman - Bultaco - Benelli - Matchless - Royal Enfield - Vincent - Velocette - Moto Parilla - NSU - Moto Morini - Aermacchi - Maico - Hodaka - Rokon - Brough Superior - Premier - Fantic - Pope - Henderson - Cleveland - Excelsior - Flying Merkel - Crocker - Ariel - Jawa - Hercules - Tomahawk - Maserati - Bianchi - Cagiva - Yale - Thor - Metisse - Motobi - Sachs - Greeves - Ace - Ossa - Montesa - Mondial - Motosacoche - James - Cushman - DKW - AJS - KTM - ESO - CZ - Zundapp - Rumi - Can-am - Fratelli Ferrari - Sunbeam - Ceccato - Puch - Lambretta - Vespa - HD: Flathead Knucklehead Panhead Shovelhead, Bonneville Tiger Trident Lightning, CB 750k Sandcast, KO K0 ko k1K1 K2 k2 k3 K3 K4 k4 k5 K5 K6 k6 cb750 CB750, S1 s1 Mach Mach I 250cc S2 s2 II 350cc S3 s3 400cc H1 h1 two-stroke triple III 500cc H2 h2 IV 750cc Z1 900cc Z1R z1r Z1-R KZ900 KZ1000 Z750RS Z2 z2 Z1000-H Z1000-ST KZ1300 kz1300 KSR II KZ-1000 KZ-1100 KZ650 kz650 KZ750 kz750 KZ kz kh500 kh400 KH500, Water Buffalo water buffalo Water buffalo T350 t350 T500 t500 titan Titan GT380 gt380 GT550 gt500 GT750 gt750 gs1000 GS1000 gs1100 GS1100, Black Bomber black bomber super hawk Hawk CL305 cb cb77 cb72 z50 CT70 cl70 cl100 ca77 ca72 cl350 cb350 xl350 sl350 cl360cl450 cb450 cb500 cb550 cb400 cl450 cb650 gb500 GB500 CL350 CB350 CL360 CB360 CL450 CB450 CB500 CB550 CB650 cl CBX cx can rd rm rz xs f7 f9 f10 f3 f4 f5 CL CBX CX CA77 CL77 CB77 SL350, RD RM250 RD250 RD350 RD400 Daytona Special RZ350 RZ500 XS650 XR750 TZ, F5 Bighorn F3 Bushwhacker F4 Sidewinder F6 F7 F8 Bison F81M Green Streak F9 Big Horn, Basement Find, Fastback Roadster Interpol Police Use Hi-rider Production Racer Interstate Combat Wombat, AMA, Motocross, AHRMA, Thunderbolt, Bantam, Le Mans, Eldorado, Vetter Two Stroke, Board Flat Track Tracker, Street, Enduro, Title, no title parts bike Clubman, V twin, Crate Engine, Grand Prix Cam, cafe racer, Basket Case, Shadow, Z50, Antique, Bates leathers, Superbike Era, No Chopper, Pre War Post, Rat, Military, Bobber, Hill Climber, Rare, HTF, Replica, Non Working, Salvage, Cash, Restoration, Supersport Sport, Baby Dream, Sale, Four, four 4 cylinder 3 cylinder 6 cylinder Gamma, Broken, Damaged, Scrambler, Fat Cat, No Free, Sand Cast, Chief, Scout, Elsinore, motorized vehicle, Basketcase, Motorbike, LeMans, Pickup, cc, Pick Up, Hurricane X75, Rapide, R90S, Value, Rebel, P11, Victor, Kawi, TR5 Stroker, 2 stroke two stroke 4 stroke Road Rocket, Bonnie, Price, Worth, Appraisal, Estimate, Guide, Manual, MV Agusta Disco Volante, RE5, Campera, Manx, Supreme Sports Bushman Gold Shooting Star Fleetstar Barracuda starfire T65 t65 a65 a70 gt185 gt250 gt380 ct500 t500 gt500 gt750 re5 A65L A70L Spitfire Hornet Super A75 R Turbo GT185 750 Traveling to purchase, will travel in hand, 125 150 175 200 250 350 400 500 550 650 750 850 900 1000 1100 101 401 402, EL El FL FLH jd jdh kh khk jr vl ul ulh FL FLH J JD JDH KH KHK KR VL VLH VLD WL WLA WR U UL ULH XA, CT70 Mini Trail, T120 T120r TR6R T110 T150 TR65 TR7T TR65T T140LE Royal Wedding T140J t120 tr6 t110 t150 t140 tr7 t140 t150 t90 t100 t100r tr140d rv90 rv125 Silverr Jubilee T140AV TR7AV TSSAV TR7VS T140ES Electro Electric start TSX8 T150 T150V T160 X75 Rocket 3 Three T90 T100 T100A T100SS T100S T100R TR5T T140W TSS T140D T140E T140 D1 D3 Major D5 D7 D10 D14/4, RV90 RV125 KAW: A1 a1 a2 a3 a4 a7 b85 kh125 A2 A3 A4 Samurai A7 Avenger B85 B85M 125 D1 100 ER-5 Fury 125 H3 KH500 KH125 KSR110 B7 Pet B8 B8M Red-Tank Furore C2SS C2TR G1M G31M Centurion G4TR G4 g4 Boss G4TR-A KV100 KV100 F11M f21 F21M Ninja ninja 1000R GPz750 GPZ1100 gpz B1/B2 GPZ900R ZX600A KR250 KH125 AR125 KE100 KE125 KL250 KH250 400 500 Z500 Z550 KZ500 KZ550 GPz550 Z750B KZ305CSR KZ400 Z400 KZ440 kz350 z650 Z440 KZ350 Z650 F1TR F2TR J1TR 85cc 16H 490cc Model 18 19S Big 633cc 500T ES2 single 50 OHV 348cc International 30 40 348cc ohc 88 497cc Dominator 99 596cc Navigator Electra ES400 R32 Atlas 745cc Special Mercury atlas P11A Ranger N15 TR5 TRW500 6T Thunderbird 3TA 5TA Speed Adventurer TR25W T100C TR6C TR7V Terrier Cub Carburetor Thruxton Tina Tigress TSX TS8-1  Boat for trade Enduro for trade remodeling service hiring finder's hot rod rat rod fishing camping engine phone labtop computer hitch hoist flatwork landscape plumbing electrical carpentry hour clean out garage cleaning estate sale storage auction repair honda suzuki kawasaki yamaha triumph norton bsa moto guzzi atlas ariel harley davidson hd jd polk schwinnOldsmobile Pontiac Firebird Camaro Corvette Convertible Corvair Truck Plow Tractor Chevy Ford Dodge International 4wd four wheel drive 2dr coupe COE Hudson Cadillac couch landscape heating cooling pool table sauna lawn mower snow blower SUV car tool box tools diesel heater welder gas cans neon signs beer sign cabinets shelving vise pellet stove refrigerator carpet camper RV trailer Case Ingersoll Garden snowmobile   Years: 20 21 22 23 24 25 26 27 28 29 30 31 32 33 34 35 36 37 38 39 40 41 42 43 44 45 46 47 48 49 50 51 52 53 54 55 56 57 58 59 60 61 62 63 64 65 66 67 68 69 70 71 72 73 74 75 76 77 78 79 1900 1901 1902 1903 1904 1905 1906 1907 1908 1909 1910 1911 1912 1913 1914 1915 1916 1917 1918 1919 1920s: 1920 1921 1922 1923 1924 1925 1926 1927 1928 1929 1930s: 1930 1931 1932 1933 1934 1935 1936 1937 1938 1939 1940s: 1940 1941 1942 1943 1944 1945 1946 1947 1948 1949 1950s: 1950 1951 1952 1953 1954 1955 1956 1957 1958 1959 1960s: 1960 1961 1962 1963 1964 1965 1966 1967 1968 1969 1970s: 1970 1971 1972 1973 1974 1975 1976 1977 1978 1979  *** FINDERS FEE for any leads that materialize. Help your neighbor, relative or friend and get paid for it ***",,,,,,,,,,,
30669,1.0,cleveland,https://cleveland.craigslist.org/wan/d/amherst-buying-motorcycles-and-scooters/7458164277.html,2022-04-11 10:14,Buying motorcycles and scooters,,,,,0,Buying motorcycles and scooters Harley Davidson Honda Indian Ducati bmw May also buy parts and part bikes mini bike dirt bikes mopeds Send a email with what you have and a price,,,,,,,,,,,
30670,250.0,cleveland,https://cleveland.craigslist.org/hsh/d/columbia-station-exercise-bike-nordic/7469639005.html,2022-04-10 19:05,Exercise Bike Nordic Trac,,,,,0,This is a great exercise bike and I have loved it.  It has all the bells and whistles you need and want in an exercise bike.  I moved to an apartment and there is simply no room for it.  It is beautiful and was only lightly used. You can find out all about it on the website  https://www.toptenreviews.com/exercise-bikes-nordictrack-gx-4-4-pro-review It is fitready.  So you can subscribe and have all the trails to go on etcetera., like new, NordicTrack, GX4.4 PRO,,,,,,,,
30671,800.0,cleveland,https://cleveland.craigslist.org/tro/d/eastlake-10-ft-steel-trailer-dexter/7469085140.html,2022-04-09 12:42,"10 Ft. Steel Trailer.  Dexter Axle.  Flat bed, Customizable!",,,,,6,"Welcome,    *** THIS TRAILER WILL BE SOLD WITH A LEGAL OHIO BILL OF SALE.  THATS ALL THAT'S NEEDED TO GET A PLATE FOR ANY TRAILER UNDER 4,000 LBS. IN THE STATE OF OHIO.  Also once Registered most Insurance Companies should be able to insure it.     This trailer was just refurbished, had a brand new wood top put on (all New Bolts).  And was primed and then painted with Professional Grade Outdoor Gloss Black Paint.      10 Ft. trailer with a Dexter Drop Axle.  BRAND NEW GLOSS BLACK PAINT!!  Top is Brand New wood 2 x 6 Lumber that has been treated.     We towed it at 70 mph and it goes well.  Tires holding air 7.0 x 15.  Steel 15"" Rims.  Everything working on Trailer, all bearings are good on it also.  Trailer is 5 Ft. and 7"" Wide.   Heavy duty Trailer Tires (Load Range E)    We also have a video walk around of this trailer on YouTube.    Would be good for 4 wheelers,  Construction, Smoker Grill, Teardrop Trailer, Mini Camper, RV, Tiny tiny house...  Dirt bikes, etc.   We are located in Willoughby near Historic Downtown Willoughby.  We are off Lost Nation Rd.  We are about 30 minutes East of Cleveland.  We put the New wood top on this trailer.    Thank You, my name is Chris", excellent, Dexter Axle.,,,,,, black,,,
30672,500.0,cleveland,https://cleveland.craigslist.org/bik/d/macedonia-biria-ladies-speed-low-ride/7456614810.html,2022-04-08 14:17,Biria ladies 7 speed low ride, aluminum, hybrid/comfort, med, 26 in,0,This is a interesting bike that for someone who has problems with getting on regular bikes.  cash only.  Plenty of information on the websites and youtube about it., good, Biria,,,,,,,,,
30673,600.0,cleveland,https://cleveland.craigslist.org/bik/d/amherst-26-bmx-fairdale-taj-26-complete/7468488535.html,2022-04-08 04:56,26‚Äù BMX. Fairdale Taj 26‚Äù complete. 100% chromoly., steel, bmx, Reg, 26 in,11,"New. Bought this as a frame and fork and I had  assembled with all quality parts(didn‚Äôt seem like many people were interested in an unassembled bike).  Stolen brand bars, grips and cranks, Odyssey brakes, headset, seat and pedals, Tioga tires. For sale. Don‚Äôt need. Have 3 others like this. Great bikes! 100% chromoly everything. Candy blue paint. Check it out. You won‚Äôt be disappointed. 600.00.", new, Fairdale, Taj, none (rigid), u-brakes,, bmx,,, NA,
30674,1.0,cleveland,https://cleveland.craigslist.org/bik/d/macedonia-bike-brand-new/7468242289.html,2022-04-07 14:10,E BIKE BRAND NEW, alloy, other, Electric bike, 26 in,5,Brand New E- Bikes with warranty. Go to addmotor.com and pick any E-bike and I will attempt to beat the price. From the hours 9-5 M-Sat, new, Addmotor, E-bike, suspension fork (hardtail), disc (mechanical), throttle, other/unknown,,,,
30675,950.0,cleveland,https://cleveland.craigslist.org/bik/d/beachwood-poseidon-redwood-gravel-bike/7467992266.html,2022-04-06 21:34,Poseidon Redwood Gravel Bike medium,,,,,0,,,,,,,,,,,,
30676,65.0,cleveland,https://cleveland.craigslist.org/mpo/d/northfield-harley-davidson-sport/7467658667.html,2022-04-06 09:40,Harley Davidson sport windshield,,,,,3,"This is a harley sport windshield.It is in excellent shape.This shield mounts to the handlebars and to the forks.It will fit most bikes with 1"" or 1 1/4"" handlebars.Harley lists it for $165.Im selling it for $65.There is a harley logo at the bottom of the shield.These shields stay put at higher speeds.", excellent, harley davidson,,,,,,,,,
30677,150.0,cleveland,https://cleveland.craigslist.org/bop/d/rootstown-swagman-straddler-frame-for/7458256580.html,2022-04-05 21:31,Swagman straddler frame for bike rack,,,,,0,"Swagman straddler frame to hold bike rack 100lb capacity 1 or 2 bikes, to mount on A-frame on front of trailer",,,,,,,,,,,
30678,75.0,cleveland,https://cleveland.craigslist.org/bik/d/sheffield-lake-speed-ross-eurotour/7467487373.html,2022-04-05 18:26,* * * 3 SPEED ROSS  EUROTOUR & OTHER ESTATE ITEMS * * *, steel, other, medium, 27 in,24,"Between about 1964 and 1988 the Ross brand was well known for making low maintenance, great riding AMERICAN MADE bicycles.  This ROSS Eurotour is all original, right down to the seat, bars, grips, brakes, cables, paint, reflectors and even the 27"" tires! The tires are old and dry rotted, but they still hold air and ride great! The fenders have some rust but are solid and could be restored (or ignored, or removed).  Everything works like it should, because they built them right, back then. Don't miss out on this rare chance to own and enjoy the quality of days gone. Or, you may end up flushing your $ down the toilet with the Walmart bikes you see on the curb every week for trash pickup.  If you see this ad the bike is still available. So don't ask or I will assume you are phishing and I will not reply. Just look at the location map and tell me when you'd like to come check it out.   See my OTHER ADS for ALL SORTS of ESTATE ITEMS",,,,,,,,,,,
30679,1200.0,cleveland,https://cleveland.craigslist.org/snw/d/mantua-1985-honda-250sx/7466265817.html,2022-04-02 19:21,1985 Honda 250sx,,,,,7,"Nice rider bike, no smoke at all ever. Has the 7in rim up front, brakes work,reverse,working headlight, electric start,great tires,has a hitch. Seat cover and rear bumper have seen better days. Meier plastics with a burn hole in right rear. Very reliable rig never left me stranded. I don‚Äôt look at bikes I ride them, this one is no different maintenanced well with all Honda gn4 oil and filters. All go no show.",,,,,,,,,,,
30680,579.0,cleveland,https://cleveland.craigslist.org/snd/d/tiffin-kidschildrensteen-adult-atvs/7465711675.html,2022-04-01 14:10,"Kids,Children‚Äôs,Teen, Adult ATVS, QUADS,PITBIKES,UTVS",,,,,21,"Mini Electric ATVS starting at $579.00 1st picture. Layaway,Financing  Available. For your convenience, please call 419-443-8194 or check out our website for details www.wcepowersports.com for unit inventory, details, rider heights, layaway and pricing options.  Wise Choice Powersports LLC is a BBB accredited, authorized brick, mortar powersports dealer. Come see what sets us apart from the rest!  Sales, Parts, Service, Accessories: We offer year round in-stock inventory of units and parts, free layaway, free tech support.  Make a ""Wise Choice"" for the best quality and brands in Ohio. Family owned and operated since 2002. Brands consist of Argo USA ATV'S, SIDE BY SIDES, Thumpstar USA, Piranha Pitbike's,  YCF USA, Kayo USA American Landmaster UTV'S, Hammerhead Offroad Go-Kart's, American Lifan Street Bike's  All units are fully assembled and tested here at our store for pickup!  NO HIDDEN FEES-JUST SALES TAX AND TITLE (if applicable)  Serving all of Ohio, Pennsylvania, West Virginia, Michigan, Indiana since 2002    #Cleveland #Toledo #Sandusky #Perrysburg #Columbus #Mansfield #Fremont #BowlingGreen #UpperSandusky #Athens #Findlay #Lima #Bluffton #Dayton #Youngstown #Norwalk#Tiffin  #Coolster #Vitacci #Apollo #SSR Motorsports #Odes #Tiking #IceBear #Kayo #TaoTao #Raytech #Buyang #HammerHeadOffroad #Peace #Rival Motors #Thumpstar # Tao Motors#Argo#Americanlandmaster#kayo#YCF#Piranha  KIDS ATVS, KIDS QUADS, 4-WHEELERS, ADULT ATVS, YOUTH ATVS, CHILDRENS ATVS, CHILDS ATVS, FULL SIZE ATVS, 2WD ATVS, 4X4, ATVS, SIDE-BY-SIDES, UTVS, MINI JEEPS, DIRT BIKES, PIT BIKES, ELECTRIC ATVS, ,40, 50, 70, 90, 110, 125, 150, 180, 200, 250, 260, 300, 550 #750 #1000 #CHEAP #CHINESE #OFFBRAND #SALE #NEW #USED #CHINESE #ATV #ATVS #PARTS ,CHEAP QUADS, CHEAP 4-WHEELERS, CHINESE QUADS , CHINESE4WHEELERS, MINI BIKES, PIT BIKES, DIRT BIKES ,GO- KARTS, GO-CARTS, SXS,  Suzuki, Honda, Kawasaki, Yamaha, Klm, Pit Bikes SSR, Kids 4-Wheeler Tao Tao, Coolster, Youth Atv, Kid Atv, Youth Atv's, Kid Atv's Kids Atv's Kids Atv, Youth Atvs, Pit Bike, Pit Bikes, Dirt Bike, Dirt Bikes, 90cc, 110cc, 125cc 150cc 250cc ATV Youth 4-Wheeler UTV UTVS UTV's Youth Side by side SXS 4x4 2x4 Wholesale, 90cc ATV Cheap, Price, Cheap Price, Chinese ATV Good Price, Youth ATV Wholesale Price. Youth powersports, Monster energy, Tao Tao Small ATV ice bear atv, jonway atv, 70cc ATV Youth Powersports Pit Bike Youth 4 Wheeler, Kids Quad Youth 4 Wheelers, Youth 4 Wheeler 110cc ATV Youth four wheeler, 125cc ATV youth four wheelers. Kuzuma Youth ATV's.Hisun UTVS, Piranha pit bikes Rival Motors, Tao Motors , Thumpstar Pit bikes",,,,,,,,,,,
30681,50.0,cleveland,https://cleveland.craigslist.org/ele/d/cleveland-beats-headphones/7465572106.html,2022-04-01 09:29,beats headphones,,,,,2,"hello and thanks for your interest looking for video games and systems , fish tanks , home audio , tvs , a mini fridge and a mens bikes watches and mens tennis shoes  thanks again and have a good one",,,,,,,,,,,
30682,125.0,cleveland,https://cleveland.craigslist.org/bop/d/brunswick-saris-bones-bike-rack/7465341990.html,2022-03-31 15:46,SARIS BONES 2 BIKE RACK,,,,,4,"Like new bike rack for two bikes. Trunk mounting, fully adjustable. High quality aluminum and nylon/fiberglass construction. Price negotiable.", like new, Saris, Bones 2,,,,,,,,
30683,15.0,cleveland,https://cleveland.craigslist.org/tag/d/chardon-playskool-123-bikes-with/7457753517.html,2022-03-13 13:46,Playskool 123 Bikes (2) with Training Wheels,,,,,5,"Playskool 123 bikes with training wheels. Sturdy plastic construction. Seat adjusts.  Each individually $9; $15 for the pair.  Handle bar height is around 28"" Seat height (adjustable) is around 12"" Length is 27"" for one, 24"" for the other  General wear from use.", good, Playskool,,,,,,,,," 27"" x 8"" x 12"""
30684,10.0,cleveland,https://cleveland.craigslist.org/bik/d/north-olmsted-brand-new-kids-bikes/7455604559.html,2022-03-13 13:41,Brand new kids bikes, other/unknown, kids, Kids, 16 in,6,"16"" hot wheels bikes (make hot wheel noises 115$ at walmart) - 80 each  Hot wheels helmets (lights up. 35$ at Walmart) - 20 each  Girls 20"" huffy bike (90$ at Walmart) - 65  All bikes are brand new, never used. Still have tags and plastic on them. Porch pickup in North Olmsted preferred but can deliver to you as well within a reasonable distance. Please text with questions as it's easier for me to respond to. Thank you.", new,,,,,,,,,,
30685,10.0,cleveland,https://cleveland.craigslist.org/bab/d/north-olmsted-kids-bikes/7457750051.html,2022-03-13 13:39,Kids bikes,,,,,7,"16"" hot wheels bikes (make hot wheel noises 115$ at walmart) - 80 each  Hot wheels helmets (lights up. 35$ at Walmart) - 20 each  Girls 20"" huffy bike (90$ at Walmart) - 65  All bikes are brand new, never used. Still have tags and plastic on them. Porch pickup in North Olmsted preferred but can deliver to you as well within a reasonable distance. Please text with questions as it's easier for me to respond to. Thank you.", new,,,,,,,,,,
30686,65.0,cleveland,https://cleveland.craigslist.org/bik/d/cleveland-huffy-comp-and-kent-bmx/7464904829.html,2022-03-30 14:55,Huffy comp and Kent bmx, steel, bmx, 20inch, 20 in,4,Two bikes for $65 or $35each Both running   Huffy comp and Kent BMX  Text 21six754o8o3,,,,,,,,,,,
30687,1500.0,cleveland,https://cleveland.craigslist.org/mpo/d/cleveland-mopeds-various-conditions/7464753228.html,2022-03-30 09:59,5 mopeds various conditions includes rare Pryor trike,,,,,12,"Pryor Trike Moped with Moto Minarelli engine. Excellent condition. Ran strong when last used about 5 yrs ago. Will need new plugs, gas and possibly a carb cleaning. -Sachs 5 star General. top tank. Unknown condition, needs a kickstand but otherwise appears complete. Super cool looking bike. -Sachs Hercules. Kind of rough shape w dangling wires and flat tires. Appears mostly complete but definitely missing a few pieces. -Pacer Moped. Two seater (two riders on a moped is illegal in Ohio) unknown condition but mostly complete. -Vespa Piaggio Grande. Incomplete. Has frame, front fork/tire, peddles...see pics. -throwing in all of my extra moped parts and pieces. Lots of upgrade stuff. Foot pegs, mirrors, headlight screens, various handle bars and seats, new chain, green light magnets, a fork lock a speedometer and a high performance Homoet muffler, mud flaps, wind shield and more.  The rarity of the Pryor Trike makes this a super unique lot. Youre unlikely to find another for sale...anywhere. They were made in Ohio and won awards for their patended differential. This bike has custom wood floorboards and trunk. The trike was never quite the fastest moped in my collection but it is the funniest to ride and super reliable. It also easily hauls a cooler! The Sachs 5 Star General Top Tank is one of the most sought after bikes by moped enthusiasts. With a bit of wrenching, this will be well worth my entire lot's asking price on it's own. Dont believe me? Do a quick price check on these mopeds. Feel free to ask any questions, I'm not a mechanic but I'll try to answer and I'll be as honest as possible w my limited knowledge. Gas prices are way up but mopeds are extremely fuel efficient. Pick up at my warehouse garage downtown Cleveland. Delivery available if near Cleveland and w/ payment in advance.",, Various, Various,,,,,,,,
30688,80.0,cleveland,https://cleveland.craigslist.org/mpo/d/north-ridgeville-honda-ignition-coil/7464737584.html,2022-03-30 09:17,"Honda Ignition Coil Kit, & others (Universal)",,,,,0,"ACCEL Coil Kit # 140404 (universal, for 4 cylinder bikes), NEW.  Low resistance primary windings for both factory installed and aftermarket CDI systems  ‚Ä¢ Ideal for 4 cylinder bikes with capacitive discharge ignitions  ‚Ä¢ Compatible with both points or electronically triggered ignitions  ‚Ä¢ Includes two high output coils 8.8MM plug wires in classic ACCEL yellow and all mounting brackets  ‚Ä¢ Test your Original Equipment Manufacturer coils to verify that they are within plus or minus 10 percent of ACCEL coil specifications (these coils are .7 ohms primary resistance).  You will need to determine if they fit your bike since these are ""universal"" coils. Call or text 440-865-96 seven eight.  $80.00 cash only. Leave message, I will call back.", new, ACCEL, 140404,,,,,,,,
30689,5500.0,cleveland,https://cleveland.craigslist.org/snw/d/vermilion-ski-doo-mxz-800s/7464432152.html,2022-03-29 13:12,2 2003 ski doo mxz 800s,,,,,5,"5500 obo for both $3,000 for black mxz has different motor with 2500 miles yellow mxz around 5000 miles $2,800 make me an offer for one or both only reason for sale is buying a new truck I am interested in some trades including 8x180 truck wheels, quads, dirt bikes, trailers, tools and tool boxes or anything with a motor basically üòÇ",,,,,,,,,,,
30690,195.0,cleveland,https://cleveland.craigslist.org/bik/d/twinsburg-trek-schwinn-mountain/7464351514.html,2022-03-29 10:39,Trek/ schwinn mountain bicycles for sale, aluminum, mountain, 16.5‚Äù, 24 in,23,"Have 2 bicycles in very good  1 trek mountain bikes‚Äî $250/- 1- schwinn mountain bike $195/- Both are light weight, very good condition  It‚Äôs has 21 gear and everything works   Call or text without code only 2onesix-six7three-fourfourninenine", excellent, Trek/schwinn, Alpha 4500, suspension fork (hardtail), disc (mechanical), none, flat,,,,
30691,35.0,cleveland,https://cleveland.craigslist.org/bop/d/westlake-bell-bike-trunk-rack/7463619089.html,2022-03-27 13:40,Bell Bike Trunk Rack,,,,,0,Bike rack - used two times holds 2 bikes,, Bell,,,,,,,,,
30692,155.0,cleveland,https://cleveland.craigslist.org/bik/d/macedonia-giant-ladies-mountain-bike/7468037280.html,2022-04-18 20:05,Giant ladies mountain bike, alloy, mountain, 14, 26 in,3,"Nice older bike for a small lady around 4ft 8 to 5ft 2, most likely", good, Giant, boulder,,,,,,,,
30693,275.0,cleveland,https://cleveland.craigslist.org/bik/d/macedonia-trek-3900-mountain-bike/7468026070.html,2022-04-18 20:05,Trek 3900 mountain bike, alloy, mountain, 18inches, 26 in,2,As shown for a 5ft 2 to 5ft 6 most likely person.   Ready to ride .  Cash only no holds or offers., good, Trek, 3900,,,,,,,,
30694,175.0,cleveland,https://cleveland.craigslist.org/bik/d/macedonia-gt-mountain-bike-blue/7468053418.html,2022-04-18 20:06,Gt mountain bike blue, alloy, mountain, 18, 26 in,3,As shown beautiful Blue and Grey Gt. Quick release seat post and wheels.   For a 5ft 4 plus or minus person. Cash only no holds., good, Gt,,,,,,,,,
30695,350.0,cleveland,https://cleveland.craigslist.org/bik/d/macedonia-giant-suede-semi-recumbent/7469255199.html,2022-04-18 20:06,Giant Suede semi recumbent  7 speed, aluminum, cruiser, med, 26 in,0,As shown great looking bike light weight. cash only., good, Giant, Suede,,,,,,,,
30696,275.0,cleveland,https://cleveland.craigslist.org/bik/d/macedonia-trek-7100-ladies-hybrid/7471372883.html,2022-04-18 20:07,Trek 7100 ladies hybrid, aluminum, hybrid/comfort, 15 in, 700C,4,Great looking bike for a 5ft 4 in plus or minus woman.  With a trek bike rack. Glide over trails and streets with this bike. Cash only., good, Trek, 7100,,,,,,,,
30697,130.0,cleveland,https://cleveland.craigslist.org/bik/d/macedonia-diamondback-girls-24-in-purple/7468025836.html,2022-04-18 20:05,Diamondback girls 24 in purple, steel, kids, small, 24 in,3,As shown nice bike for a 8 to 14 year old girl probably.  Cash only, good, Diamondback, octane,,,,,,,,
30698,300.0,cleveland,https://cleveland.craigslist.org/bik/d/macedonia-trek-7200-hybrid/7468025912.html,2022-04-18 20:05,Trek 7200 hybrid, aluminum, hybrid/comfort, 17.5, 700C,0,As shown nice bike for a 5ft4 in person.   Depending upon the person.   Cash only Macedonia pickup.  No holds or offers please ., good, Trek, 7200,,,,,,,,
30699,6999.0,cleveland,https://cleveland.craigslist.org/mcy/d/cleveland-2019-suzuki-dr650/7472967276.html,2022-04-18 19:27,2019 Suzuki DR650,,,,,11,"I am selling my 2019 Suzuki DR650 with 11,000 miles. Oil has been changed every 3,000 miles with spectro oil. These are the modifications I have done to the bike: Fly Racing aluminum handlebars Progrip 714 Grips Shorty Levers Moose Racing Handguards LED auxiliary lights with handlebar switch LED Headlight, tail light, and turn signals LED turn signal flasher and indicator light diode Supermoto Front Fender Acerbis 5.3 gallon fuel tank Ricochet Skid Plate Procycle Case Savers Procycle Lowered Pegs Procycle Rear Frame guards JNS Rear Master Cylinder Guard Seat Concepts seat (wider, softer) DG exhaust K&N air filter, enlarged airbox holes Rejetted carb, drilled the slide for better throttle response 16t front sprocket for lower highway RPM Tail tidy kit (dr200 tail light, fender delete) Rear Luggage Rack NSU bolts replaced with socket head bolts, crossdrilled and safety wired. 10W fork oil and shock oil for better controlled damping. I am open to offers, but please remember that this bike is 2 1/2 years old with roughly $3000 in aftermarket parts.",,,,,,,,,,,
30700,8700.0,cleveland,https://cleveland.craigslist.org/mcy/d/cleveland-2007-harley-davidson-road-king/7472967527.html,2022-04-18 19:27,2007 Harley Davidson Road King,,,,,7,"I am selling my flawless Harley Davidson Road King with 24,500 miles. It has a Mustang Seat, Cobra true dual headers with the stock slip-on's, chrome fork kit, and an aftermarket windshield that is taller and wider than stock (I also have the stock one). All of the cables and brake lines are braided stainless with a clear covering. Lots of other chrome parts! There are no cosmetic blemishes anywhere on the bike. It runs, rides, and stops perfectly. I have all the service records from the past 5 years or so. Mileage will go up, I still ride it occasionally. Price is firm, I know what I have.",,,,,,,,,,,
