,Price,Location,URL,Date,Title,bicycle frame material,bicycle type,frame size,wheel size,num image,text,condition,make / manufacturer,model name / number,size / dimensions,brake type,electric assist,handlebar type,suspension,part type
11242,100.0,chicago,https://chicago.craigslist.org/nwc/bik/d/bartlett-girl-boy-bikes/7466740622.html,2022-04-18 14:38,2 Girl / 2 Boy Bikes, other/unknown, other, n/a, other/unknown,4,"Have for sale 4 Clean and Great Riding Bikes!. a. Malibu AirWave Girl's 21 speed - 24"" wheel - Dual Suspension { $100 } b. X Games Attack Boy's aluminum - 20"" wheel 2 hand brakes { $100 }  c. Mongoose Slyde Girls 20"" wheel - 2 hand brakes { $75 } d. Megaramp BMX 20"" wheel - 2 hand brakes { $75 } Click on the Picture for a Close Up View. Thanks for Looking and Happy Cycling! Text or Call ::: Six30 Two89 One890 for a faster response. 630 289 1890 Pick Up and Cash Only",,,,,,,,,
11243,20.0,chicago,https://chicago.craigslist.org/sox/mpo/d/shorewood-fuel-pump-fits-yamaha-fzr-600/7470206753.html,2022-04-18 12:44,"Fuel Pump fits Yamaha FZR 600, & other bikes-REDUCed!",,,,,3,"Call or text:  779-,702-074eight . Can meet at Thorton Truck Sstop, I-55 & Route 6, 24144 W Eames St, Channahon, IL ---   -  Fits Yamaha FZR 600 & others,   - New pump,  was used once to see if old one was working.   - Price at store $49.95  Thanks for looking!",,,,,,,,,
11244,250.0,chicago,https://chicago.craigslist.org/nwi/bik/d/lake-station-columbia-his-and-hers/7470035488.html,2022-04-18 12:03,Columbia his and hers 3 speed bikes, steel, cruiser, 21, 26 in,4,"Bikes are in good condition  3 speed internal hub  Men‚Äôs is free wheel hand brakes  Women‚Äôs is coster brake front hand brake Price is for both bikes  Tire size 26 Bearings repack new grease  Tuned up ready to ride  If you are reading the ad, it's available ? show contact info",,,,,,,,,
11245,100.0,chicago,https://chicago.craigslist.org/nwi/bik/d/lake-station-schwinn-lil-tiger-banana/7469397654.html,2022-04-18 11:28,Schwinn lil tiger banana seat bikes, steel, kids, Unknown, 12 in,4,"Bikes are in riding condition  Made in Chicago  Price is 100.00 each bike Tuned up ready to ride  If you are reading the ad, it's available ? show contact info",,,,,,,,,
11246,35.0,chicago,https://chicago.craigslist.org/nwc/tag/d/palatine-lego-star-wars-cloud-rider/7470242371.html,2022-04-18 10:44,Lego 75215 Star Wars Cloud-Rider Swoop Bikes,,,,,10,"Used LEGO 75215 Star Wars Cloud-Rider Swoop Bikes building set complete in excellent condition, but does not include the mini-figures and box.  Lead a high-speed Chase for the coating with this LEGO Star Wars 75215 Cloud-Rider Swoop Bikes set. Featuring LEGO brick versions of enfys nest and weazel‚Äôs Speeders from solo: a Star Wars story, each is equipped with an open mini figure cockpit and 2 stud shooters that are perfect for playing out action-packed LEGO mini figure battles!  Build 2 detailed swoop bike Speeders with stud shooters and cockpits for the gangsters to sit in! Includes Tobias beckett, enfys nest and weazel mini figures 355 pieces ‚Äì for boys and girls between the ages of 8 and 14 LEGO Star Wars building toys are compatible with all lego construction sets for creative building  Contains all the Swoop bikes pieces. Does not include the mini-figures and box. Asking $35.00. Located in Palatine (53 and Northwest Highway). If interested, please call at  show contact info . I will not respond to emails", excellent, Lego, 752015, 10.32 x 7.52 x 2.4 inches,,,,,
11247,499.0,chicago,https://chicago.craigslist.org/nch/spo/d/morton-grove-cybex-700r-recumbent/7461659818.html,2022-04-18 09:10,Cybex 700R Recumbent Stationary Bike Cycle - Indoor Bikes For Home Gy,,,,,0,,,,,,,,,,
11248,20.0,chicago,https://chicago.craigslist.org/nwc/bop/d/streamwood-incomplete-bikes/7460630136.html,2022-04-18 08:14,incomplete bikes,,,,,8,"-   I have 2 bikes missing some parts  use for parts, or repair  $25 takes both  please call (no texxt)  63o71o8414  thanx Joe",,,,,,,,,
11249,250.0,chicago,https://chicago.craigslist.org/nwc/bik/d/hanover-park-two-mongoose-hitch-fat/7472582142.html,2022-04-17 21:30,TWO (2) Mongoose Hitch Fat Tire bikes (parts or fix),,,,,0,,,,,,,,,,
11250,40.0,chicago,https://chicago.craigslist.org/wcl/bik/d/la-grange-or-bikes-rack-or-hitch-rack/7463556969.html,2022-04-17 13:47,### 2 OR 3 BIKES RACK OR HITCH RACK FOR 3 BIKE, aluminum, hybrid/comfort," 21""", 27 in,3,2 BIKES RACK  $40 3 BIKES RACK  $50 NEW HITCH 532 FOR 3 BIKES  $90  CALL  show contact info,,,,,,,,,
11251,600.0,chicago,https://chicago.craigslist.org/chc/bik/d/chicago-52cm-se-bikes-premium-ale-fixed/7462201121.html,2022-04-17 12:14,52cm SE Bikes Premium Ale fixed gear track bike 2009 New (not stock),,,,,0,,,,,,,,,,
11252,90.0,chicago,https://chicago.craigslist.org/wcl/bop/d/saris-bones-bike-saris-bones-trunk-bike/7461171695.html,2022-04-17 10:53,"Saris Bones 3-Bike saris bones Trunk Bike Rack Carrier, Mount 3 Bikes,",,,,,0,"Saris Bones 3-Bike, Holds Three bikes and mounts on the trunk or hatch.  Saris Bones Trunk Bike Rack Carrier, Mount 3 Bikes When the Rack is gone, the Ad is gone.   Will only Respond to emails with RETURN Phone Numbers. Please, If you want a response,  Leave a phone Number.   If you are reading this Ad, the item is still Available, Thanks                   Yakima", excellent,,,,,,,,
11253,25.0,chicago,https://chicago.craigslist.org/sox/bik/d/palos-heights-razor-jr-scooter-huffy/7466065636.html,2022-04-17 10:31,"Razor JR Scooter, Huffy Princess and Magna 12.5 "" Bikes", steel, kids, 12.5, 12 in,4,"Razor JR. Scooter $ 25 . Huffy  Princess 12.5 "" $ 25   Retail at Walmart is  $ 80.00 . Magna 12.5 "" $ 25 These are used Items .  Could make good Birthday Present if you run out Ideas?   Call or 708/ text / 516 / 0842  I am not a robot, and I don't click on anything! .", fair, Huffy,,,,,,,
11254,200.0,chicago,https://chicago.craigslist.org/nwc/bik/d/arlington-heights-schwinn-road-bikes/7460455284.html,2022-04-17 09:17,Schwinn road bikes, steel, road," 21"", 23""", 27 in,5,restored and ridden road bikes, good, schwinn, traveler,, caliper, none, drop, none (rigid),
11255,100.0,chicago,https://chicago.craigslist.org/chc/bik/d/chicago-schwinn-or-mgx-bike-or-racing/7467566230.html,2022-04-17 07:00,schwinn or mgx bike or racing bikes, other/unknown, mountain, ?, 24 in,3,a choice of bikes schwinn or mgx or huffy **$100 ea. obo also a racing bike a little more costly (ask if interested )(pics to inquirers),,,,,,,,,
11256,30.0,chicago,https://chicago.craigslist.org/nwc/bid/d/marengo-all-boys-12-inch-bikes-with/7472290685.html,2022-04-16 22:31,All Boys 12 inch bikes With Training Wheels Start at,,,,,0,,,,,,,,,,
11257,35.0,chicago,https://chicago.craigslist.org/nwc/bid/d/marengo-all-girls-20-inch-bikes-start-at/7472290468.html,2022-04-16 22:29,All Girls 20 inch bikes start at, aluminum, kids, small, 20 in,22,$125 Girls 20 inch Specialized Hot Rock bike has Rear Hand Brake Rear coaster brake kickstand Short frame all tuned up ready to ride.  $80 Girls 20 inch Road Master Granite Peak 6 Speed Mountain bike has F/R hand brakes Kickstand 6 Speeds Front Shock All tuned up ready to ride.  $40 Girls 20 inch Next Girl Talk Bike has Kickstand Rear Coaster Brake Handle bar pad Front Hand Brake All tuned up ready to ride.  $150 Girls 20 inch Specialized Hot Rock Hybrid bike Like New has Rear Hand Brake Rear Coaster Brake Kickstand Hybrid Tires Handle bar Pad Purple color All tuned up ready to ride.  $45 Girls 20 inch Kent Trouble Maker Bmx Style bike has Kickstand Free Wheel Gyro Bars F/R hand brakes F/R Pegs All Tuned up ready to ride.   $100 Boys/Girls 20 inch Mongoose Remix 7 Speed Mountain bike has Kickstand Front Shock 7 Speeds Water Bottle holder All Tuned up ready to ride.  $80 Girls 20 inch Huffy High Land 7 Speed mountain bike has 7 Speeds F/R hand brakes Kickstand Front Shock All tuned up ready to ride.  $100 Girls 20 inch Diamond Back Octane 7 Speed Mountain bike Has Front hock Kickstand Water Bottle holder All tuned up ready to ride.  $135 Girls 20 inch Specialized Hot Rock White Bike Like New Has Rear Hand Brake Rear Coaster Brake Kickstand Like New All tuned up ready to ride.   $60 Girls 20 inch 2 Cool Bike has Kickstand Front Pegs Rear Coaster Brake F/R hand brakes all tuned up ready to ride.  $100 Girls 20 inch Trek Mystic Bike has Rear Coaster brake Rear Hand Brake kickstand All tuned up ready to ride.  $35 Girls 20 inch Malibu Bike has F/R hand brakes Rear Coaster Brake Kickstand All tuned up ready to ride.  $35 Girls 20 inch Kent Taboo bike has Rear Coaster Brake Front Hand Brake Kickstand All tuned up ready to ride.  $40 Girls 20 inch Kent Cool 20 Bike has Rear Coaster Brake Kickstand Front Pegs F/R hand brakes All tuned up ready to ride.  $25 Girls 20 inch Magna Precious Pearls Bike has Kickstand Front Hand Brake Rear Coaster Brake All tuned up ready to ride.  $60 Girls 20 inch 2 Cool Bike has Kickstand Front Pegs Rear Coaster Brake F/R hand brakes all tuned up ready to ride.  $125 Girls 20 inch Trek Mystic Bicycle Has Kickstand Rear Coaster Brake Rear Hand Brake Basket Tassels Handle bar and Neck Pads All Tuned up ready to ride.  $125 Girls 20 inch Diamond Back Tess 6 Speed Mountain bike Has F/R hand brakes kickstand Bell Front Shock All tuned up ready to ride.  $125 Girls 20 inch Trek Mystic Pink bike has Rear Coaster Brake Kickstand Handle bar and Neck Pads Basket Rear Hand Brake All tuned up ready to ride.  $125 Girls 20 inch Trek Mystic Blue Bike with Basket Rear Coaster Brake Rear Hand Brake kickstand Bell Tassels all tuned up ready to ride.  $60 Girls 20 inch Kent peppermint bike has Rear coaster brake F/R Fenders Basket Handle bar pad Kickstand all tuned up ready to ride.  $125 Girls 20 inch Trek Mystic bike has Rear coaster Brake kickstand Rear Hand Brake handle bar and neck pads all tuned up ready to ride.  $100 Girls 20 inch Pacific Topaz 5 Speed Mountain bike has F/R hand brakes kickstand Front shock all tuned up ready to ride.  $120 Girls 20 inch Giant Mtx 7 Speed Mountain bike has F/R hand brakes kickstand Water bottle holder all tuned up ready to ride.  $50 Girls 20 inch Huffy Stylin Bike has Rear Hand Brake Rear coaster brake kickstand Hybrid tires handle bar pad all tuned up ready to ride.   $125 Girls 20 inch Trek Mystic Bike Hybrid tires Rear hand brake Rear coaster brake kickstand Bell Handle bar pad like New All tuned up ready to ride.  $65 Girls 20 inch Schwinn Starlet bike has kickstand Aluminum Wheels F/R hand brakes rear coaster brake Handle bar pad all tuned up ready to ride.  $125 Girls 20 inch Trek Mystic Rear coaster brake rear hand brake basket kickstand all tuned up ready to ride.  Girls 20 inch Schwinn Stardust bike shop bike $65  Girls 20 inch Schwinn Deelite With Doll carrier - $55  Girls 20 inch Schwinn Deelite Purple with Blue Rims Hand brakes $45  Girls 20 inch Next Slumber Party Bike $50  Girls 20 inch Schwinn Deelite purple bike hand brake and coaster brake some rust $50  Girls 20 inch Magna Bicycle $35  I have a great hobby fixing bike I love to do this I do have a few bikes to pick from so please email your number I will respond fast.  More bikes on my Website www.johnthebikeguy.com, good,,,, coaster,, riser, none (rigid),
11258,65.0,chicago,https://chicago.craigslist.org/nwc/bid/d/marengo-all-boys-20-inch-bmx-hybrid/7472290090.html,2022-04-16 22:27,"All Boys 20 inch Bmx, Hybrid, Mountain bikes start at", aluminum, kids, small, 20 in,23,$125 Boys 20 inch Giant GFR Bmx style bike has Kickstand Rear Hand Brake Rear Coaster Brake This is a Bike shop Bike not a Walmart Bike all tuned up ready to ride.  $150 Boys 20 inch Haro F3 Series Yellow Bmx Style bike has Rear Hand Brake Rear Pegs Free Wheel Gyro Bars All tuned up ready to ride.   $125 Boys 20 inch Mongoose Fuzz MX 1 Bmx Style bike Red has F/R hand brakes Free Wheel Pegs Kickstand All tuned up ready to ride.  $70 Boys 20 inch Next Wipeout Bmx Style bike has Rear Coaster Brake Kickstand Front Hand Brake Handle bar pad All tuned up ready to ride.  $125 Boys 20 inch Schwinn Raider Bmx Style bike has F/R hand brakes Rear Coaster Brake Handle bar pad Kickstand All Tuned Up Ready to ride.  $100 Boys 20 inch Black Bmx style bike has Rear Hand Brake Free Wheel Small sprocket in front All Tuned up ready to ride.  $100 Boys 20 inch Novara Duster  6 Speed Mountain bike has F/R hand brakes Front Shock Kickstand 6 Speeds F/R Fenders All tuned up ready to ride.  $100 Boys/Girls 20 inch Mongoose Remix 7 Speed Mountain bike has Kickstand Front Shock 7 Speeds Water Bottle holder All Tuned up ready to ride.  $80 Boys 20 inch Pacific Boa Bmx Style bike has Kickstand Rear Hand Brake Rear Coaster Brake All Tuned Up Ready to ride.  $100  Boys 20 inch Diamond Back Viper Bmx Style bike has Rear Hand Brake Kickstand Rear Coaster Brake all tuned up ready to ride.  $115 Boys 20 inch Diamond Back Bmx Style bike has Free Wheel Gyro Bars Kickstand F/R hand Brakes All tuned up ready to ride.  $70 Boys 20 inch Giant Frantic Bmx Style bike has Rear Hand Brake Kickstand Rear Coaster Brake F/R Fenders All tuned up Ready to ride.  $70 Boys 20 inch Trek Mountain Lion Bmx Style bike has Rear Coaster Brake Rear Hand Brake Kickstand All tuned up ready to ride.  $125 Boys 20 inch Diamond Back Grind Pro Bmx Style bike Has F/R hand brakes Free Wheel Gyro Bars Kickstand Small sprocket In Front and Rear All tuned up ready to ride.  $150 Boys 20 inch Haro F-3 Series Bmx Style bike Has F/R hand brakes Gyro Bars Free Wheel Kickstand All tuned up ready to ride.  $100 Boys 20 inch Schwinn Scheme Bike has Rear coaster Brake Rear Hand brake kickstand All tuned up ready to ride.  $65  Boys 20 inch Schwinn Aero Star Bmx Style bike Has Rear Coaster Brake Rear Hand Brake Kickstand Handle bar and Neck Pads All tuned up ready to ride.  $75 Boys 20 inch Diamond Back Viper Green Bmx Style bike has Kickstand Rear Hand Brake Rear Coaster Brake All tuned up ready to ride.  $125  Boys 20 inch Trek Jet Red Has Rear Coaster Brake Rear Hand Brake Kickstand Rear Fender Handle bar and Neck Pads All tuned up ready to ride.  $125 Boys 20 inch Diamond Back Venom BMX Style bike Had Free Wheel F/R hand brakes  Gyro Bars kickstand All tuned up ready to ride.  $100 Boys 20 inch Schwinn Spit Fire Bmx style bike has Rear Coaster Brake Rear Hand Brake Kickstand all tuned up ready to ride.  $150 Boys 20 inch Specialized Hot Rock bmx Style bike Rear coaster Brake Rear Hand Brake all tuned up ready to ride.  $60 Boys 20 inch Rallye 260 Bmx style bike has Rear Coaster Brake Handle bar and Neck pads Kickstand All tuned up ready to ride.  $125 Boys 20 inch Haro 100.1 Bmx Style bike has Rear Hand Brake Freestyle Free Wheel All tuned up ready to ride.  $75 Boys 20 inch Mongoose Strike Bmx Style bike has F/R hand brakes Free Wheel Kickstand All tuned up ready to ride.  $75 Boys 20 inch Giant Frantic Bicycle Has Rear Hand Brake Rear coaster Brake Rear pegs All tuned up ready to ride.  $100 Boys 20 inch Kent Ambush Bmx Style bike has F/R hand brakes Free Wheel Kickstand all tuned up ready to ride.  $200 Boys 20 inch Cannondale Bike has Kickstand Rear Coaster Brake Rear Hand Brake Bell all tuned up ready to ride.  $75 Boys 20 inch Schwinn Falcon Bmx style bike Has F/R hand brakes Rear Coaster Brake Kickstand Handle bar pad all tuned up ready to ride.  $70 Boys 20 inch Next flat Spin Bmx style bike has Free Wheel Kickstand Gyro bars F/R hand brakes all tuned up ready to ride.  $100 Boys 20 inch Diamond Back cobra 6 speed Mountain bike Blue has F/R hand brakes kickstand front shock all tuned up ready to ride.  $675 Boys 20 inch  Rare Mid-School 90's Schwinn Pro Modified BMX 20 inch bike Looks like to be all original ., good,,,, cantilever,, riser, suspension fork (hardtail),
11259,35.0,chicago,https://chicago.craigslist.org/nwc/bid/d/marengo-all-girls-inch-bikes-start-at/7472289981.html,2022-04-16 22:26,"All Girls 14, 16,18 inch Bikes start at",,,,,0,,,,,,,,,,
11260,25.0,chicago,https://chicago.craigslist.org/nwc/bid/d/marengo-all-girls-12-inch-bikes-with/7472290172.html,2022-04-16 22:27,All Girls 12 inch Bikes with Training wheels start at, steel, kids, small, 12 in,8,$65 Girls 12 inch Giant Puddin Bike shop bike with training wheels basket bell rear coaster brake.  $45 Girls 12 inch Huffy Frozen bike Like New has Training Wheels Rear Coaster Brake Handle bar pad  All tuned up ready to ride.  $45 Girls 12 inch Disney Princess Bike pink Has Rear Coaster Brake Training wheels all tuned up ready to ride.  $40 Girls 12 inch Diamond Back Della Cruz Bike has Wide seat Rear coaster brake Training wheels rear fender all tuned up ready to ride.  Girls 12 inch Radio Flyer Pink bike with Training wheels $35  Girls 12 inch Scott Bike with Training wheels $45  Girls 12 inch Dora Bike with Training Wheels $25  please email your number I will respond fast., good,,,, coaster,, cruiser, none (rigid),
11261,75.0,chicago,https://chicago.craigslist.org/chc/bik/d/chicago-kids-bikes-12-and-16/7466520921.html,2022-04-16 18:28,"Kids bikes, 12"" and 16""", steel, kids, Medium, 16 in,2,"GT 12"" kids bike. Like new condition. $75 Giant 16"" bike. Excellent condition. $75",,,,,,,,,
11262,40.0,chicago,https://chicago.craigslist.org/chc/bik/d/chicago-kids-bikes/7472163294.html,2022-04-16 15:17,Kids bikes, steel, bmx, 20 inch, 20 in,9,"Three 20‚Äù kids bikes for sale   Mongoose - sold  Green Schwinn (small tear in side of seat) $40 Black/teal Schwinn (small tear in side of seat, back tire is fairly worn) $35  Schwinn bikes have hand and pedal brakes.",, Schwinn,,,,,,,
11263,1.0,chicago,https://chicago.craigslist.org/wcl/wan/d/wanted-old-bmx-and-freestyle-bikes-from/7472096947.html,2022-04-16 12:59,WANTED OLD BMX AND FREESTYLE BIKES FROM 80S AND EARLY 90Süí≤,,,,,0,"*****EMAIL A PHONE NUMBER, PICTURE, LOCATION AND NAME OR IT WILL BE ASSUMED SPAM***********   WANTED: SE, HOMELESS, OZONE, SCHWINN PROFILE/ GJS MONGOOSE, HARO, HUTCH, REDLINE, SE RACING, DYNO, BULLY, WILKERSON AIRLINES, ANYTHING ELSE IN YOUR GARAGE, BASEMENT, CRAWLSPACE, OR SHED !",,,,,,,,,
11264,50.0,chicago,https://chicago.craigslist.org/chc/for/d/chicago-bike-stand-for-adult-bikes/7469335478.html,2022-04-16 12:13,Bike Stand for 2 Adult Bikes,,,,,0,,,,,,,,,,
11265,50.0,chicago,https://chicago.craigslist.org/nwc/bop/d/elmwood-park-bicycle-rack-for-bikes-2/7460839430.html,2022-04-16 10:15,"Bicycle Rack for 2 Bikes f/ 2"" receiver",,,,,2,2 Bike Bicycle Carrier Hitch RACK Receiver 2'' Heavy Duty Mount Rack Truck SUV, new,,,,,,,," racks, fenders, bags"
11266,200.0,chicago,https://chicago.craigslist.org/wcl/for/d/downers-grove-single-sided-bike-rack/7471954287.html,2022-04-16 07:33,Single sided Bike rack - holds 9 bikes,,,,,7,"Madrax single sided bike rack Black, new, 110"" long, Holds 9 bikes, Model GR116-B  Also have the double sided, black, 18 bike rack, model GR112-B available,  $265  Text 630.247.sixsix60 Search patchesz", new, Madrax, GR116-B," 110"" x 36"" wide x 30"" high",,,,,
11267,1234.0,chicago,https://chicago.craigslist.org/nch/wan/d/antioch-atvs-dirt-bikes-buy-call/7471949271.html,2022-04-16 07:08,ATV'S Dirt Bikes. I buy. CALL,,,,,4,Cash paid for dirt bikes and atv's. From newer to old and in pieces no problem. Call or text today.  show contact info  is the number.  Pics are helpful.  This is a ''Wanted Post''. No atv's or bikes are for sale., new,,,,,,,,
11268,275.0,chicago,https://chicago.craigslist.org/sox/bik/d/bradley-brand-new-mountain-bikes/7471859065.html,2022-04-15 19:36,2 brand new mountain bikes, steel, mountain, 26 inch, 26 in,7,"Hello I am selling 2 new never even sat on only rolled from store to my car bicycles still have store stickers on them bought for gifts both are 26 inch asking $275.00 that's $75.99 less then I paid for them my loss your gain. if you want to separate them its $ 150.00 for the black one and 130.00 for the blue one call for more info, 708 six99-7825 CALLS ONLY WILL NOT REPLY TO TEXT OR EMAILS $260.00 OR FAIR REASONABLE OFFER Cash and carry only. Thanks will remove add when sold", new, huffy,,, cantilever, pedal assist, triathlon, frame and fork (full suspension),
11269,150.0,chicago,https://chicago.craigslist.org/nwc/bdp/d/marengo-men-2629-mountain-bikes-page/7471398360.html,2022-04-14 17:48,"Men 26,29, Mountain bikes Page 3 Start At",,,,,10,$225 Men 26 inch Schwinn Clear Creek Hybrid/Mountain bike blue has F/R hand brakes Kickstand Front Shock Quick Release Front Wheel Wide Seat 17 inch Short Frame 21 speeds all tuned up ready to ride.  $425 Men 26 inch Giant Rincon XXL Large Frame 23.5 inch F/R hand brakes Kickstand Brand New Tires Brand New Seat 21 Speeds All tuned up ready to ride.  $400 Men 26 inch Giant Rincon Hybrid/Mountain bike XXL Frame 23.5 inch F/R hand brakes Kickstand 2 Water Bottle holders 21 Speeds Brand New Seat New tires New Pedals All tuned up ready to ride.  $225 Men 26 inch Schwinn Ranger Hybrid/Mountain bike has F/R hand brakes Front Shock Kickstand Water Bottle holder Quick Release Front Wheel 18 inch Frame All tuned up ready to ride.  $225 Men 26 inch Diamond Back Outlook Short Frame Mountain bike has Front Shock Hybrid Tires Quick Release Wheels Kickstand 21 Speeds Water Bottle holder 14 Inch Short Frame For a Short Boy or Man  All tuned up ready to ride.   $185 Men 26 inch GT Timberline Mountain bike XL Frame has 20 inch Frame F/R hand brakes Water Bottle holder kickstand Front Shock Trigger Shifters All tuned up ready to ride.  $125  Men 26 inch Out Fitters 1500 Mt Mountain bike has F/R hand brakes Kickstand Water Bottle holder 18 speeds Center pull brakes Quick Release Front Wheel 19 inch Large Frame all tuned up ready to ride.  $175 Men 26 inch Ozone 500 Silver Canyon Mountain bike has F/R hand brakes Kickstand Water Bottle holder Front Shock Rear Shock 18 Speeds 18 inch Frame All tuned up ready to ride.  $175 Men 26 inch Mongoose GSX 9.0 Dual Suspension Mountain bike has F/R hand brakes 21 Speeds F/R Shocks Kickstand 18 inch Frame All tuned up ready to ride.,,,,,,,,,
11270,249.0,chicago,https://chicago.craigslist.org/chc/bik/d/chicago-pair-of-adult-bikes-trek/7469625793.html,2022-04-14 15:06,Pair of  Adult Bikes (Trek & Mongoose) for Sale, aluminum, mountain, Unknown, other/unknown,3,Qty. (1) Black & red Trek 820 Aluminum Bike  Qty. (1) Silver Mongoose Sprint 18-Speed Bike  The chain on the Trek bike needs to be repaired. The Mongoose bike has only been ridden a few times. The asking price includes all accessories already installed on the bike. Asking $249 for the set of two bikes. Cash & carry only and serious inquiries only.,, Trek and Mongoose, Trek 820 & Mongoose Sprint,,,,,,
11271,45.0,chicago,https://chicago.craigslist.org/chc/bop/d/chicago-bike-rack-allen-for-bikes/7465298222.html,2022-04-14 12:48,Bike Rack - Allen (For 2 Bikes),,,,,4,Allen Premium Two Bike Trunk Mounted Carrier.  Only used once.  Comes with the original box., like new, Allen, Model 102S,,,,,," racks, fenders, bags"
11272,100.0,chicago,https://chicago.craigslist.org/wcl/bik/d/oak-park-mountain-bikes/7458820331.html,2022-04-14 08:10,mountain bikes, steel, mountain, 54, 26 in,3,In geat shape boys bikes 26-inch tires have a Schwinn. trek. mongoose and others  call    show contact info,,,,,,,,,
11273,4300.0,chicago,https://chicago.craigslist.org/sox/wan/d/chicago-wanted-all-sport-bikes/7471057351.html,2022-04-13 23:45,WANTED ALL SPORT BIKES MOTORCYCLES,,,,,0,"Looking to buy all motorcycles any condition! Yamaha Yfzr r6 r1 kawasaki ninja zx6r zx10r, Gsxr, honda cbr 600 1000, looking more for 2003 and up year bikes, projects, cracked fairings, anything or parts only!!  Clean title or no title! i have cash in hand and can come out ASAP! send me a text or call me with what you have an ill offer you cash same day!  Please call or text me  show contact info",,,,,,,,,
11274,40.0,chicago,https://chicago.craigslist.org/wcl/bik/d/wheaton-16-boys-bikes-huffy-excellent/7460768645.html,2022-04-13 16:02,16‚Äù boys bikes huffy-excellent condition, other/unknown, kids, 16 inches, 16 in,5,Very lightly used. training wheels (not pictured) are included. size is recommended for kids ages 3-7.,, huffy, whirl,,,,, none (rigid),
11275,10.0,chicago,https://chicago.craigslist.org/chc/pts/d/chicago-firefly-flashing-led-tire-light/7469801375.html,2022-04-13 09:20,4 Firefly Flashing LED Tire Light Valve Stem Cap Car Bicycles Bikes,,,,,7,"4 Firefly Flashing LED Tire Light Valve Stem Cap Car Bicycles Bikes Motorcycles  New with batteries  10$ for 4 caps  Green,Yellow,Red or Blue to choose from  Picked up near Brickyard Mall", new, FIREFLY," GREEN,BLUE,YELLOW,RED",,,,,,
11276,800.0,chicago,https://chicago.craigslist.org/sox/for/d/homer-glen-mini-bikes/7470632693.html,2022-04-13 00:15,mini bikes,,,,,3,"pair of monster moto, one is electric and the other gas. $800 for both", excellent,,,,,,,,
11277,200.0,chicago,https://chicago.craigslist.org/chc/bik/d/chicago-two-bikes-for-sale-schwinn-fuji/7470464149.html,2022-04-12 15:11,Two bikes for sale. Schwinn & Fuji,,,,,0,,,,,,,,,,
11278,3000.0,chicago,https://chicago.craigslist.org/nwc/bik/d/island-lake-13-vintage-collection-bikes/7465727239.html,2022-04-12 10:28,13 Vintage collection bikes, other/unknown, mountain, 26, other/unknown,24,13 vintage collection bikes for sale. call or text show contact info,,,,,,,,,
11279,120.0,chicago,https://chicago.craigslist.org/nwc/bik/d/mchenry-ladies-bikes-for-sale/7469715719.html,2022-04-10 23:00,2 ladies bikes for sale, other/unknown, mountain," 26 """, 26 in,9,"We have 2 -  26"" - 21 speed ladies MAGNA  Great Divide REBOUND mountain bikes for sale.  Work fine, just not our size.  CASH only.  Pick up only.  We live by Jewel in McHenry off rte 120.  $65 EACH / $125.00 BOTH  OBO.     Please contact for appointment to look at.", like new, Great Divide,,,,, other/unknown,,
11280,65.0,chicago,https://chicago.craigslist.org/wcl/bab/d/downers-grove-schwinn-deelite-bikes/7464531981.html,2022-04-10 16:22,Schwinn Deelite bikes,,,,,6,"Selling two 20 inch wheel Schwinn Deelite bicycles. Bikes have been very well cared for and are in very good condition, have both hand and coaster brakes. Asking $65 for one or $120 for two. Please email with questions. Thank you.", excellent, Scwinn,, 20 inch,,,,,
11281,300.0,chicago,https://chicago.craigslist.org/sox/atq/d/clarendon-hills-bikes/7465086105.html,2022-04-10 15:41,Bikes,,,,,0,"I have a couple bikes for sale, 300 each. Easy to ride.",, bikes,,,,,,,
11282,1000.0,chicago,https://chicago.craigslist.org/chc/spo/d/chicago-fat-tire-bike/7469552359.html,2022-04-10 14:32,fat tire bike,,,,,11,the bike is in good condition everything works well, excellent, Se Bikes    17, fat tire alumino, 26x4.7,,,,,
11283,55.0,chicago,https://chicago.craigslist.org/nwi/for/d/crown-point-green-machine-trike-bikes/7469534369.html,2022-04-10 13:52,Green Machine Trike & Bikes,,,,,24,"Huffy Green Machine Trike  , overall in Good condition - $55 ‚Äîsee pictures for details  Also some Adults & Kids bikes for sale too , let me know what size you are looking", good,,,,,,,,
11284,475.0,chicago,https://chicago.craigslist.org/sox/bik/d/orland-park-hoffman-bikes-sugarbaby/7469515265.html,2022-04-10 13:10,Hoffman Bikes Sugarbaby, steel, bmx, 19, 20 in,3,"97/98 Hoffman Sugarbaby. Chrome. Hoffman sealed hubs, new double wall rims. Mission bars, Tech 77 levers, Odyssey twisted pedals, Haro seat, 990 rear- Hombre front brakes.", good, Hoffman, Sugarbaby,, u-brakes,, bmx,,
11285,25.0,chicago,https://chicago.craigslist.org/nwc/bop/d/elgin-used-outback-rear-mount-bike-rack/7469351114.html,2022-04-10 01:04,Used Outback Rear Mount Bike Rack for 2 Bikes,,,,,2,"Good condition: For a quick bike hauling solution. Attachment is quick and easy on almost any trunk or rear hatch and is just as easy to remove. It uses rubber cradles and bike attaches to cradles with secure, slotted rubber hold-down straps like the best of them. It features anti-slip foam feet to keep bikes stable and your vehicle protected. / Carry 2 bikes on almost any vehicle trunk or rear hatch / Foldable arms with easy-to-use adjustable hub system / High-strength nylon straps and plastic-coated metal hooks for secure mounting / The rack works great with minivans, hatchbacks, or sedans / No assembly required.  See photos.  Please Note: If this posting is still up, the item is still available.  HOW TO INQUIRE:  Please note, serious inquiries only. I will not respond to inquires that do not include your name and number.  To arrange a viewing, please send your phone number and I'll give you a call to arrange a time.  And, thanks for looking!", good, Outback,,,,,,," racks, fenders, bags"
11286,10.0,chicago,https://chicago.craigslist.org/nwi/bop/d/highland-brake-cables-shifters-vintage/7457720820.html,2022-04-09 18:47,"Brake cables, shifters, vintage BIKES 70‚Äôs 80‚Äôs 90‚Äôs cables NIB",,,,,0,Lots of vintage parts,,,,,,,,,
11287,75.0,chicago,https://chicago.craigslist.org/sox/for/d/south-holland-various-furniture/7469191848.html,2022-04-09 15:02,"Various furniture, exercise equipment, bikes, home decor tables etc",,,,,24,Please make us an offer on any of the items in the pictures. We are clearing out the house for an upcoming event business and need to get rid of these items asap. You can come pick them up once we agree upon a price and move forward. You can text me on my cell phone my name is Robert,,,,,,,,,
11288,140.0,chicago,https://chicago.craigslist.org/nch/bik/d/niles-kids-trek-trailer-bikes-qty-x2/7468670215.html,2022-04-08 12:33,Kids Trek trailer bikes (qty x2), steel, kids, 20, 20 in,0,"Spring bike rides are near !!  Buy 1 or both.  This listing is for 2x Trek Mountain Train 20"" Trailer bike attachment. Both are in great shape as you can see in the pictures, with zero rust and all working parts.  Comes with seat post attachment assembly. Email with questions.   $70/ea", like new, Trek, Mountain train,, coaster, none, cruiser, none (rigid),
11289,999.0,chicago,https://chicago.craigslist.org/nch/bik/d/chicago-lots-bikes-all-can-road-bike/7456420984.html,2022-04-07 16:05,lots bikes all can road bike mountain bike amd bmx, aluminum, hybrid/comfort, 54‚Äù, 700C,20,lots bikes all can road bike mountain bike amd bmx  show contact info, excellent,,,, other/unknown, pedal assist, triathlon,,
11290,40.0,chicago,https://chicago.craigslist.org/nwi/bik/d/hobart-two-mountain-bikes/7468328372.html,2022-04-07 16:01,Two mountain bikes, other/unknown, mountain, Adult, other/unknown,0,Two women's mountain bikes I need out of the way. $25 each or both for $40. They've been hanging on my garage wall for a couple of years collecting dust and I could use the space for something else. I know at least one of them needs a new wheel. I'm willing to spend exactly zero minutes running down what the bikes do or don't need. Want a cheap bike that needs a little work? Great! Want two? Even better. Please get them out of my garage., fair,,,,,,,,
11291,2295.0,chicago,https://chicago.craigslist.org/nwc/sgd/d/electric-the-mid-drive-ebike-that/7468093256.html,2022-04-07 08:20,ELECTRIC! The Mid-drive eBike that Shreds! CyberBike eMountain Bikes!,,,,,0,,,,,,,,,,
11292,300.0,chicago,https://chicago.craigslist.org/chc/bik/d/chicago-1970s-vintage-classic-schwinn/7467681412.html,2022-04-06 09:30,1970s vintage classic schwinn suburban bikes and bumble bee motor bike, steel, cruiser, 18, 18 in,5,vintage classic schwinn suburban bikes mens womens 300 each - in original condition with perfect original owners manuals. also 1970s motorized bumble bee folding motor bike!,, Schwinn,,,,,,,
11293,60.0,chicago,https://chicago.craigslist.org/sox/bik/d/joliet-bicycle-rack-for-bikes-fits-hitch/7464198466.html,2022-04-06 09:08,"Bicycle rack for 2 bikes. Fits 2"" hitch", aluminum, other, 10in, 26.5 in,5,"Selling my bicycle carrier that holds 2 bikes. It fits into a 2"" receiver on the back of your car,motorhome, or travel trailer. Comes with Velcro straps to secure the bikes.",,,,,,,,,
11294,100.0,chicago,https://chicago.craigslist.org/chc/bop/d/gurnee-saris-bones-bikes-rack/7460382577.html,2022-04-06 09:07,SARIS BONES 3 BIKES RACK,,,,,7,"Saris‚Äô Bones 3-Bike rack unites utilitarian strength and modern style. minimize unwanted handlebar and seat contact. . The Bones fit all vehicles‚Äîeven those with spoilers. Plus, it folds fast for easy portability and storage",, Saris, Bones,,,,,,
11295,425.0,chicago,https://chicago.craigslist.org/sox/tag/d/star-wars-legos-12-set-lego-lot-fs-ft/7456313330.html,2022-04-06 08:44,"STAR WARS LEGOS 12 Set Lego Lot FS/FT Gold, Old BMX & Freestyle Bikes",,,,,17,"I have 12 Lego Star Wars set for sale or trade, see list below. I am looking more for a trade unless my ASKING PRICE is met with cash. I am looking for these things in this order. Guns, foids, ammo, silver, gold, canoe, kayak, old school BMX and Freestyle bikes, vintage tube stereo equipment. I may be open to other offers so just ask but send pics of whatever you have to offer. This is a great chance to get some retired Star Wars sets for your collection. I am selling them as I bought them and do not know if every set is 100% complete but most appear to be.   Also included are two figures and some guns. (SOLD)  ***Update, I just found a bunch more playsets in my parents attic including the airport. Keep sending those trade offers in. Really looking for Sterling Silver in any form (jewelry, coins, bars).  1) #6205 V-Wing Fighter - $25 2) #6208 B-Wing Fighter - $65 3) #7654 Droids Battle Pack - $25 4) #7655 Battle Clone Pack - $35 5) #7656 General Grievous Starfighter - $35 (SOLD) 6) #7657 AT-ST Walker - $40 (SOLD) 7) #7658 Y-Wing Fighter - $50 8) #7660 Naboo N-1 Starfighter & Vulture Droid - $40 9) #7663 Sith infiltrator - $40 10) #7669 Jedi Starfighter - $35 (SOLD) 11) #7670 Hailfire Droid - $25 12) #7676 Republic Gunship - $100 (SOLD)", excellent, Lego, Star Wars,,,,,,
11296,80.0,chicago,https://chicago.craigslist.org/nwc/bid/d/all-girls-24-inch-hybrid-mountain-bikes/7467517815.html,2022-04-05 18:42,All Girls 24 inch Hybrid /Mountain bikes Start at, aluminum, mountain, Different sizes, 24 in,23,$165  Girls 24 inch Schwinn Ranger Hybrid Bike has F/R hand brakes Kickstand Front Shock 21 speeds Quick Release Front Wheel all tuned up ready to ride.  $285 Girls 24 inch Specialized Hot Rock Hybrid/Mountain bike Like Brand New has F/R hand brakes Kickstand Front Shock 12 inch Short Frame 7 Speeds All tuned up ready to ride.  $165  Girls 24 inch Huffy La Jolla Cruiser Has Sigle Speed Kickstand F/R Fenders Basket Wide Seat Wide Tires 14 inch Frame All tuned up ready to ride.  $90 Girls 24 inch Rallye Incline Mountain bike Has F/R hand brakes Kickstand Front Shock 21 Speeds 14 inch Frame tuned up ready to ride   $100 Girls 24 inch Huffy Mountain bike has F/R hand brakes Kickstand 15 inch Frame 15 speeds All tuned up ready to ride.  $160 Girls 24 inch Schwinn Ranger has F/R hand brakes 21 speeds Kickstand Front Shock 16 inch Short Frame All tuned up ready to ride.  $225 Girls 24 inch Trek 200 Mountain bike has F/R hand brakes Kickstand 7 Speeds 12 inch Frame All tuned up ready to ride.  $160 Girls 24 inch Schwinn Traverse Mountain bike has F/R hand Brakes Kickstand 21 Speeds 15 inch Short Frame Front Shock Quick Release Front Wheel All tuned up ready to ride.  $125 Girls 24 inch Schwinn Ranger mountain bike has F/R hand brakes Kickstand 21 speeds 12 inch Short Frame Quick Release Front Wheel Water Bottle holder All tuned up ready to ride.   $160 Girls 24 inch Jamis Capri Hybrid Bike has F/R hand brakes Kickstand 13 inch Frame short 21 Speeds All Tuned up ready to ride.  $160 Girls 24 inch Schwinn High Plains Mountain bike has F/R hand brakes Kickstand Front Shock 21 speeds 12 inch Short Frame for shorter Girls or women all tuned up ready to ride.  $150 Girls 24 inch Huffy Trailer Runner Dual Suspension Mountain bike has F/R hand brakes 18 speeds Kickstand 15 inch Short Frame all tuned up ready to ride.  $275 Girls 24 inch Trek 220 Mountain bike has 12 Inch Short Frame F/R hand brakes Kickstand Front Shock 21 speeds all tuned up ready to ride.  $170 Girls 24 inch Schwinn Byway Mountain bike has F/R hand brakes Front Shock 21 speeds 15 inch Short Frame water bottle holder kickstand Aluminum Frame all tuned up ready to ride.  $160 Girls 24 inch Schwinn Ranger Mountain bike has Kickstand F/R hand brakes 21 Speeds Front Shock Aluminum Frame 16 inch Short Frame Quick Release Front wheel all tuned up ready to ride.  $160 Girls 24 inch Huffy Trail Runner Dual suspension Mountain bike has F/R hand brakes Kickstand 21 speeds like New 15 inch Frame All tuned up ready to ride.  $160 Girls 24 inch Trek 220 Mountain bike has F/R hand brakes Kickstand 21 speeds 13 inch Short Frame for short Girls all tuned up ready to ride.  $150 Girls 24 inch Diamond Back Tess Mountain bike has F/R hand brakes Front Shock 13 inch XS Small Frame for short Girls kickstand All Tuned up ready to ride.  $165 Girls 24 inch Diamond Back Tess Mountain bike has F/R hand brakes Kickstand 21 speeds 13 inch Short Frame Front Shock all tuned up ready to ride.  $275 Girls 24 inch Specialized Hot Rock Mountain bike has F/R hand brakes kickstand 7 speeds Short Frame 12 inch Aluminum Frame Front Shock all tuned up ready to ride.  $150 Girls 24 inch Mongoose Stormer Mountain bike has F/r hand brakes kickstand 21 speeds 13.5 inch Frame all tuned up ready to ride.  $80 Girls 24 inch Magna Mt Tamer Hybrid bike has F/R hand brakes 21 speeds 17 inch Frame kickstand all tuned up ready to ride.  $165 Girls 24 inch Dbx Resonance Mountain bike has F/R hand Brakes 13.5 inch Short Frame Quick Release Front wheel 21 speeds Front shock all tuned up ready to ride.  $170 Girls 24 inch Schwinn High Plain Hybrid bike has F/R hand brakes 12 inch Short Frame water bottle holder kickstand 21 speeds Front shock Quick Release Front wheel all tuned up ready to ride.  $180 Girls 24 inch Schwinn Joy Hybrid bike has F/R hand brakes 21 speeds Quick Release front wheel 12 inch Short Frame kickstand this is a bike shop Schwinn Not a Walmart one all tuned up ready to ride.  $145 Girls 24 inch Magna Electro Shock Mountain bike has F/R hand brakes Kickstand Front shock 18 speeds 17 inch Frame all tuned up ready to ride., good,,,, cantilever,, riser, suspension fork (hardtail),
11297,150.0,chicago,https://chicago.craigslist.org/nwc/bid/d/marengo-men-2629-mountain-bikes-page/7467518077.html,2022-04-05 18:42,"Men 26,29, Mountain bikes Page 1 Start At", aluminum, hybrid/comfort, Different sizes, 700C,22,$185 Men 26 inch Royce Union Mountain bike has F/R hand brakes 21 Speeds Quick Release Front Wheel Water Bottle holder Kickstand Trigger Shifters all tuned up ready to ride.  $400 Men 26 inch Giant Rincon Hybrid/Mountain bike XXL Frame 23.5 inch F/R hand brakes Kickstand 2 Water Bottle holders 21 Speeds Brand New Seat New tires New Pedals All tuned up ready to ride.  $285  Men 26 inch Columbia Trail Head Sport XL Frame 21.5 inch F/R hand brakes Kickstand Front Shock 21 Speeds Quick Release Front Wheel All tuned up ready to ride.  $150 Men 26 inch Hyper Havoc Dual Suspension Mountain bike has F/R hand Brakes Dual Shocks Kickstand 21 speeds 17 inch Frame all tuned up ready to ride.  $250 Men 26 inch Diamond Back Wildwood Mountain bike has 20 inch XL Frame F/R hand brakes Kickstand Front Shock Water Bottle holder Quick Release Wheels All tuned up ready to ride.  $225 Men 26 inch Schwinn Jaguar Beach Cruiser 7 Speed Kickstand 18 inch Frame F/R hand brakes Wide Seat wide Tires All tuned up ready to ride.  $250 Men 26 inch Diamond Back Sorrento Mountain bike has F/R hand brakes Kickstand 21 speeds 21 inch XL Frame Water Bottle holder all tuned up ready to ride.  $180 Men 26 inch Jamis Explorer Hybrid/Mountain bike has 15 inch Short Frame 21 speeds water Bottle holder F/R hand brakes Front Shock Aluminum Frame All tuned up ready to ride.  $150 Men 26 inch Magna Great divide Mountain bike has F/R hand brakes 21 Speeds Kickstand Front Shock 18 inch Frame All tuned up ready to ride.  $165 Men 26 inch Auto Bike classic has F/R hand brakes Kickstand 20 inch XL Frame Shifts Automatically All tuned up ready to ride   $200 Men 26 inch Schwinn Frontier Mountain bike has 18 Speeds 23 inch XL Frame F/R hand brakes kickstand all tuned up ready to ride.  $165 Men 26 inch Hyper Mixx Fs dual Suspension Mountain bike has F/R hand brakes Kickstand 21 Speeds 17 inch Frame Aluminum Frame all tuned up ready to ride.  $185 Men 26 inch Mongoose XR 100 Dual Suspension Mountain bike has F/R hand brakes 21 speeds 18.5 inch Frame Aluminum Frame F/R Shocks all tuned up ready to ride.   $165 Men 26 inch Mongoose Stand Off Dual Suspension Mountain bike has F/R hand brakes Kickstand 18 inch Frame 21 speeds F/R Shocks all tuned up ready to ride.  $150 Men 26 inch Quasar Bounty Mountain bike Has F/R hand brakes Kickstand 18 speeds 17 inch Frame All tuned up ready to ride.  $185 Men 26 inch Mongoose Dual suspension Mountain bike has aluminum Frame F/R hand brakes Kickstand F/R Shocks 21 speeds 18 inch Frame all tuned up ready to ride.  $190 Men 26 inch Raleigh M20 Mountain bike has F/R hand brakes Kickstand 21 Speeds 15 inch Short Frame for short Men or Boys Quick Release Front Wheel all tuned up ready to ride.  $225 Men 26 inch Schwinn Cruiser 5 Speed Has F/R hand brakes Wide tires Wide Seat Kickstand Heavy Duty Rims and Spokes 18 inch Frame all tuned up ready to ride.  $185 Men 26 inch Huffy Hawthorne Mountain /Hybrid bike has F/R hand brakes Kickstand 21 speeds 18 inch Frame water bottle holder Quick Release Front wheel Front shock all tuned up ready to ride.  $150 Men 26 inch Huffy Key Largo Beach Cruiser has Kickstand Wide Seat wide tires Rear Coaster Brake Single speed all tuned up ready to ride.  $185 Men 26 inch Schwinn Frontier Mountain bike has F/R hand brakes Kickstand 18 speeds Aluminum Wheels 17 inch Frame All tuned up ready to ride this is a Schwinn From a Schwinn Bike shop Not Walmart there is a Difference.   $250 Men 26 inch Like New Schwinn Delmar Cruiser single speed F/R Fenders kickstand Luggage rack Wide tires wide seat 18 inch Frame all tuned up ready to ride.  $225 Men 29 inch Mongoose Excursion Mountain bike Has F/R hand brakes Kickstand Front Shock 21 Speeds 19 inch Large Frame All tuned up ready to ride., good,,,, cantilever,, riser, suspension fork (hardtail),
11298,125.0,chicago,https://chicago.craigslist.org/nwc/bid/d/marengo-men-700c-26-inch-hybrid-road/7467517462.html,2022-04-05 18:41,Men 700c/26 inch Hybrid /Road Bikes start at, aluminum, hybrid/comfort, Different sizes, 700C,13,$150 Men 26 inch Road Master 10 Speed road Bike has Kickstand F/R hand brakes 20 inch Large Frame Brand New Tires all tuned up ready to ride.  $350 Men 700c Gary Fisher Zebrand  Made By Trek Hybrid bike has F/R hand brakes 21 Speeds Water Bottle holder Front Shock Quick Release Wheels built in Shock in the seat post Trigger Shifters 17.5 in Frame Bike lock All tuned up ready to ride.  $575 Men 26 inch Like New Townie Electra Hybrid bike has F/R hand brakes Kickstand Large Frame Quick Release Wheels 21 Speeds Comfort Handle bars Comfort Seat Luggage Rack Front Shock All tuned up Ready To ride.  $450 Men 700c Giant Cypress Hybrid Like Brand New XXL Frame 22 inch F/R hand brakes Kickstand Quick Release Wheels 21 Speeds Water Bottle holder Front Shock Aluminum Frame Handle bar Light Rear Light Built in Shock on the seat post All tuned up Ready to ride.  $100 Men 27 inch Schwinn Continental 10 speed Road Bike F/R hand brakes Kickstand all tuned up ready to ride.  $195 Men 700c Mongoose Crossway Hybrid bike Large Frame has F/R hand brakes Kickstand 21 Speeds 20.5 inch Large Frame for taller Men or Boys All tuned up ready to ride.  $185 Men 700c Hyper Spin Fit Hybrid Bike has F/R hand brakes Kickstand 17 inch Short Frame Aluminum Frame 21 Speeds All Tuned up Ready to ride.  $195 Men 700c Diamond Back Approach Hybrid bike has F/R hand brakes Kickstand 21 Speeds 19.5 inch Frame All tuned up ready to ride.   $180 Men 26 inch Schwinn Woodlands Hybrid bike has Kickstand 19 inch Frame Water Bottle holder Luggage Rack Quick Release Front Wheel 21 speeds F/R hand brakes All tuned up ready to ride.  $185 Men 700c Road Master Adventures Hybrid bike has F/R hand brakes Quick Release Wheels 24 Speeds 18 inch Frame kickstand All tuned up ready to ride.  $450 Men 27 inch Bianchi Sport SX 10 speed road bike has F/R hand brakes Pedal Clips Quick Release wheels XXL Frame 25 inch For guys over 6 feet tall all tuned up ready to ride.  $175 Men 700c Schwinn Prelude Road bike Very Light Has Kickstand F/r hand brakes 25 inch XXL Frame 2 Water Bottle holders 14 Speeds all tuned up ready to ride.  $160 Selling a used Men 700c KHS Brentwood Hybrid bike has kickstand F/R hand brakes 21 speeds Quick Release front wheel 13.5 inch Short Frame water bottle holder all tuned up ready to ride., good,,,, cantilever,, riser, suspension fork (hardtail),
11299,65.0,chicago,https://chicago.craigslist.org/nwc/bid/d/marengo-all-boys-24-inch-mountain-bikes/7467517657.html,2022-04-05 18:41,All Boys 24 inch Mountain Bikes Look Here Start at, aluminum, mountain, Different sizes, 24 in,14,$160 Boys 24 inch Giant MTX Mountain bike has F/R hand brakes Kickstand Front Shock 15 inch Short Frame 21 speeds All tuned up ready to ride.  $285 Boys 24 inch Trek Pre Caliber Mountain bike Like New Has F/R hand brakes Kickstand 7 Speeds 12 inch Short Frame for shorter boys All tuned up ready to ride.  $160 Boys 24 inch Schwinn High Timber Mountain bike has F/R hand brakes Kickstand Front Shock Quick Release Front Wheel Water Bottle holder 21 Speeds 15 Inch Short Frame All tuned up ready to go.  $160 Boys 24 inch Mongoose Excursion mountain bike Disc Brake Kickstand 14 inch Frame 21 Speeds Front Shock all tuned up ready to ride.  $165 Boys 24 inch Diamond Back Octane Short Frame Mountain bike Has F/R hand brakes Kickstand Front Shock 21 Speeds 12 inch Very Short Frame for short Men or Boys All tuned up ready to ride.  $150 Boys 24 inch Pacific Evolution Mountain bike has F/R hand brakes Kickstand Front Shock 16 inch Short Frame 18 speeds All tuned up ready to ride.  $225 Boys 24 inch Fuji Dynomite Mountain bike has F/R hand brakes Kickstand 7 Speeds Front Shock Rear Pegs All tuned up ready to ride.  $160 Boys 24 inch Next Gauntlet Dual Suspension Mountain bike Kickstand 21 Speeds 17 inch Frame All tuned up ready to ride.  $145 Boys 24 inch Road Master Granite Peak Mountain bike Has F/R hand brakes Kickstand 15 inch Short Frame 18 Speeds Front Shock All tuned up ready to ride.  $170 Boys 24 inch Mongoose Excursion Mountain bike has F/R hand brakes 21 speeds Kickstand 14 inch Frame Front Shock All Tuned up ready to ride.  $160 Boys 24 inch Specialized Hot Rock Mountain bike has F/R hand brakes 21 speeds Aluminum Frame 12 inch Frame for short Boys all tuned up ready to ride this is a Bike Shop Bike Not Walmart.  $160 Boys 24 inch Nishiki Pueblo Mountain bike has F/R hand brakes Kickstand 7 speeds all tuned up ready to ride., excellent,,,, cantilever,, riser, suspension fork (hardtail),
11300,750.0,chicago,https://chicago.craigslist.org/nch/spo/d/verona-treadmill-elliptical-bikes-top/7455801419.html,2022-04-05 09:07,Treadmill/Elliptical & bikes. Top of the line Commercial,,,,,0,,,,,,,,,,
11301,75.0,chicago,https://chicago.craigslist.org/nch/bik/d/evanston-75-for-bikes/7467086557.html,2022-04-04 19:08,$75 for 3 bikes, aluminum, other, 19, 26.5 in,3,$75 for all 3 bikes. All bikes ride smoothly. Red bike and the Schwinn have some minor issues. Yellow road bike is fully functional. Follow up for details. Welcome to ride bikes first. Location is Evanston., good, Varies, Schwinn,,,,,,
11302,130.0,chicago,https://chicago.craigslist.org/nwi/wan/d/crown-point-bikes-mountain-bike/7455037173.html,2022-04-04 17:47,Bikes / Mountain bike,,,,,0,,,,,,,,,,
11303,125.0,chicago,https://chicago.craigslist.org/wcl/bik/d/batavia-early-70s-mens-womens-schwinn/7466196022.html,2022-04-02 15:24,2 early 70‚Äôs Mens & Womens Schwinn bikes, steel, cruiser, 21-womens  26 mens, 27 in,2,10 speed Schwinn continental bikes.  Copper color womens bike with 21 inch frame and 27 inch wheel size.  Yellow color mens bike with 26 inch frame and 27 inch wheel size.  125.00/bike or 200.00 for both. Both sets of tires will probably need to be replaced.  The bikes haven‚Äôt been ridden in about 20 years and have been hanging on racks in our garage. Feel free to ask questions., fair, Schwinn, Continental,, caliper,,,,
11304,1000.0,chicago,https://chicago.craigslist.org/chc/bik/d/chicago-fat-tire-bike/7453517992.html,2022-04-02 13:51,Fat tire bike, aluminum, other, 56cm, 26 in,12,"SE BIKES Tubeless Fat Tires with Shimano hydraulic brakes, 710 KENDA TIRES almost brand new with a lot the accessories size 56cm  with front & back Fender, including bike lock, backpack on the frame and back seat with two water bottles holding in front, great gel seat. Tires 26+, also profile design aero bars, with SHIMANO DEORE XT M8000 SERIES VERY POWERFUL.", like new, SE BIKES,,, hydraulic rim brakes,,,,
11305,1.0,chicago,https://chicago.craigslist.org/chc/bik/d/chicago-kids-bike-16-inch/7465833806.html,2022-04-01 17:29,Kids bike - 16 inch, aluminum, kids, Kids size, 16 in,0,16-inch kids bike in Used/Like New condition.   SE BIKES 16 inch BMX bike similar to this model that lists for $290 retail. https://www.sebikes.com/products/2021-bronco-16?variant=31967096275042  $200   Located in Logan Square for meetup/pickup,, SE Bikes,,,,,,,
11306,275.0,chicago,https://chicago.craigslist.org/chc/bik/d/chicago-ecocross-hybrid-bamboo-bike/7454242631.html,2022-04-01 17:11,EcoCross Hybrid Bamboo Bike Frameset, other/unknown, hybrid/comfort,,,10,"I have one in each size, 16"", 18"", and 20"". This is a brand new bike frameset (frame + fork) still in the manufacturer's original, unopened box. Fork is included!  The Greenstar Bikes EcoCross Hybrid Bamboo Frame is a multi-purpose frame that can be used for any number of bike builds: mountain bike, hybrid bike, comfort bike, even a road bike. Perfect for streets, trails and off-roading. The bamboo and recycled 6061 aluminum lugged frame delivers an ultra smooth ride by absorbing micro vibrations. This frame weighs only about 5 pounds. See more details and specs at GreenstarBikes.com", new,,,,,,,,
11307,375.0,chicago,https://chicago.craigslist.org/wcl/bik/d/west-chicago-early-mid-70s-blue-mens/7453185224.html,2022-03-31 09:39,2 early-mid 70's blue Men's Schwinn bikes, aluminum, cruiser, Unsure, 18 in,8,"Selling as a pair for $375. OR - $200 EACH.  2 Men's blue Schwinn bikes -  these were from the early to mid 70's.  10 speed bikes that are used, but given being almost 50 years old are still in pretty good shape.  One is a Schwinn SPRINT, the other is a Schwinn CONTINENTAL.  Frames are 27 inch standard.  Both sets of tires will probably need to be replaced, along with the innertubes inside. We can try filling them up to see if they still hold air, but the last time these bikes were ridden was probably in the early 90s.  (Bikes have been hanging on racks in our basement ever since).  These are probably collector type bikes these days. Again, will probably need new tires and/or inner tubes as they are probably 35 years old.  Any questions - feel free to ask.", good, Schwinn, Sprint/Continental,,,,, other/unknown,
11308,5.0,chicago,https://chicago.craigslist.org/chc/bik/d/carpentersville-bike-hunters-wanted-of/7454692107.html,2022-03-29 15:29,Bike Hunters Wanted 4/3/22 100's of bikes that must go!,,,,,0,,,,,,,,,,
11309,5.0,chicago,https://chicago.craigslist.org/chc/bik/d/carpentersville-bike-hunters-swap-of/7454684028.html,2022-03-29 15:29,Bike Hunters Swap 4/3/22 100's of bikes that must go!, titanium, other, 26, other/unknown,0,"April 3rd 17th Annual CHICAGOLAND KLASSIC BICYCLE SHOW & SWAP MEET OPEN TO ALL MAKES! PRE 30'S - FAT TIRE - MID WEIGHT - BMX - LIGHT WEIGHT - STINGRAY - KRATE - CUSTOM -MUSCLE BIKE's - WHIZZER TYPE - MINI BIKES - JUVENILE SPECTATOR ADMISSION $2 ENTRY FEE SHOW BIKES $5 CLASS's SEE LIST ABOVE, TROPHY'S + BEST OF SHOW SWAP SPACE - OUTDOOR $20 SHOW HOURS 9AM-2:00PM REGISTRATION & SET UP 8AM ‚Äì 9AM TROPHY AWARDS 1:30PM JUDGED & SPECTATOR VOTING ! BIKE CORAL FOR INDIVIDUAL BIKES FOR SALE $5 Breakfast & Lunch Available in the Show Bike Hall enjoy while you view or you can also get it to go for your swap space ! Location Moose Lodge #1958 309 Lake Marian Rd, Carpentersville, IL 60110 a 1/4 mile west of Rte 25 FOR MORE INFORMATION CONTACT Rudy K.  show contact info",,,,,,,,,
11310,500.0,chicago,https://chicago.craigslist.org/nwc/bik/d/arlington-heights-twin-german-rare/7453890589.html,2022-03-29 10:28,Twin German Rare Folding Bikes, steel, folding, 19 inches, 26 in,5,"Falter His and Hers German Made FOLDING Bikes.  RARE SUPER STARS. TWO Speed automatics. Shift and down shift AUTOMATICALLY. VERY COOL. Bikes have coaster brakes along with caliper brakes. Functioning generator lights. Also both have NEW TIRES. Delivery in the greater chicago area. A fine addition to your Mercedes, BMW or Audi SUV. SELLING ONLY AS A PAIR.", excellent, Falter, Super Stars,, cantilever,, cruiser, none (rigid),
11311,500.0,chicago,https://chicago.craigslist.org/chc/bik/d/tinley-park-wtb-cash-paid-old-school/7464234128.html,2022-03-28 21:05,Wtb Cash Paid Old School Bmx racing freestyle bikes and cruisers, aluminum, bmx, 20, 20 in,0,"Looking for a nice spring project! Any 1970s -1980s older bmx bikes considered! Racing freestyle or cruisers, parts or accessories! Rusted or need repair welcome!!   Let me know what you have thanks!!",,,,,,,,,
11312,100.0,chicago,https://chicago.craigslist.org/chc/bik/d/chicago-kids-bike-sprout-20-by-public/7454025861.html,2022-03-27 19:05,Kids Bike Sprout V 20‚Äù by Public Bikes, steel, kids, 20‚Äù, 20 in,3,Kids Sprout V 20‚Äù Bike by Public Bikes for sale! Very good used condition kids bike with lots of life left for another kiddo to enjoy. My son just outgrew it this year. Great bike for kids between 7-10 years old.   https://publicbikes.com/collections/kids-bikes/products/sprout-v-20  Reach out with any questions or to schedule a test ride. Thanks!, excellent, Public Bikes, Sprout V,,,,,,
11313,325.0,chicago,https://chicago.craigslist.org/wcl/bik/d/glen-ellyn-14-or-more-bicycles-bikes/7451288494.html,2022-03-26 23:22,@@@   14 or more BICYCLES /  Bikes  @@@, aluminum, bmx, 1, 20 in,14,Hello I Have 14 or more Bikes to sell all together   Some like new some need a little TLC some for parts  Must take all  Some Bikes not in picture will ad pics soon as I can  best offer cash and carry  I WILL NOT ANSWER YOU IF YOU ASK IF ITS STILL AVAILABLE OR STILL FOR SALE  IF THE AD IS STILL UP ITS STILL FOR SALE  Call or Text or Email           1  -  6  -  3  -  0  ///  5  -  1  -  4  ////   3  -  6  -  6  -  8, fair,,,,,,,,
11314,40.0,chicago,https://chicago.craigslist.org/chc/bop/d/chicago-bikes-hitch-carrier-with-hitch/7463377634.html,2022-03-26 17:29,"2 bikes hitch carrier (1 1/4"") with 2"" hitch extension",,,,,2,heavy duty carrier that can be used with most common hitch types. not used anymore. Originally made for 3 bikes., good,,,,,,,, other
11315,100.0,chicago,https://chicago.craigslist.org/nwc/bid/d/marengo-all-women-26700c-mountain/7463321940.html,2022-03-26 15:07,"All Women 26,700c Mountain Hybrids Cruisers Road Bikes Page 2 start at", aluminum, mountain, 17 inch, 26 in,23,$285 Women 26 inch Diamond Back Wildwood Deluxe Hybrid/Mountain bike has F/R hand brakes Kickstand 21 Speeds Front Shock Quick Release Wheels Water Bottle holder Comfort seat 16 inch Short Frame for short women or Girls all Tuned up ready to ride.  $250 Women 26 inch Diamond Back Lustre 1 Hybrid/Mountain bike Like New has F/R hand brakes Front Shock Kickstand Quick Release Wheels 15 inch Short Frame for short Girls or Women All Tuned up ready to ride.  $200  Women 26 inch Schwinn Point Beach Cruiser 7 Speed has Kickstand F/R hand brakes F/R Fenders Wide comfort Seat Wide Tires Luggage Rack 18 inch Frame All tuned up ready to ride.  $550 Women Brand New 26 inch Sun Streamway Easy Step Through 7 speed Cruiser has Kickstand F/R hand brakes F/R Fenders Wide Tires Wide Seat All tuned up ready to go this bike is one of the best Easy Step Through bikes around.   $275 Women 27 inch Schwinn Super Sport 10 Speed Road bike has F/R hand brakes Brand New tires Kickstand 22 inch Frame for really tall Women or Girls all tuned up ready to ride.  $125 Women 27 inch Schwinn Tourist 5 Speed Road Bike has F/R hand brakes 5 speeds F/R Fenders Kickstand 19 inch Large Frame Wide Seat All tune up ready to ride. G118C  311975  $100 Women 26 inch Road Master Mountain Bike Large Frame 19 inch Water Bottle holder F/R hand brakes Kickstand 15 Speeds All tuned up ready to ride.  $165 Women 26 inch La Jolla Beach Cruiser has Rear Coaster Brake Single Speed Kickstand F/R Fenders Wide Tires Wide Seat All tuned up ready to ride.  $125 Women 26 inch Magna Great Divide Mountain bike Large Frame has F/R hand brakes Kickstand 19 inch Large Frame Front Shock Water Bottle holder All Tuned up ready to ride.  $225 Women 26 inch Schwinn Racer Aluminum Frame Mountain bike has F/R hand Brakes 21 Speeds Aluminum Frame Front Shock Kickstand Quick Release Front Wheel 16 inch Short Frame for short women or girls all tuned up ready to ride.  $170 Women 26 inch Schwinn Ranger 2.6 Silver/Purple Mountain /Hybrid Bike has F/R hand brakes Kickstand 16 inch Short Frame for shorter Women or girls Front Shock Quick Release Front Wheel 21 speeds all tuned up ready to ride.  $160 Women 26 inch Schwinn Frontier Mountain bike has F/R hand brakes Kickstand 21 Speeds 17 inch Short Frame this is not a Walmart Schwinn There Is a Difference all tuned up ready to ride.  $165 Women 26 inch Realm Plateau 1.0 Hybrid/Mountain bike has F/R hand brakes Front Shock 21 Speeds Kickstand Quick Release Front Wheel 16 inch Short Frame All tuned up ready to ride.  $175  Women 26 inch Huffy Cruiser Like New Has Sigle Speed F/R Fenders Kickstand Cup Holder Luggage Rack Wide Tires Wide Seat All tuned up ready to ride.  $285  Women 26 inch Giant Boulder Mountain bike has F/R hand brakes Kickstand 21 Speeds Kickstand Water Bottle Quick Release Wheels Front Shock 14 inch Short Frame Trigger Shifters all tuned up ready to ride.  $160 Women 26 inch Huffy Panama Jack Cruiser Has Kickstand Single Speed Cup holder Handle bar bag Luggage Rack Wide tires Wide seat 18 inch Frame All tuned up ready to ride.  $250 Women 26 inch Schwinn Comp Aluminum Frame Mountain bike Has Kickstand F/R hand brakes 21 Speeds 16 inch Short Frame Front Shocks Quick Release Front wheel All tuned up ready to ride.  $260 Women/Girls Raleigh Mojave 2.0 Hybrid/Mountain bike Like New Has F/R hand brakes Kickstand 21 Speeds Front Shock 12 inch Short Frame for Short Women or Girls all tuned up ready to ride.  $170 Women 26 inch Schwinn Lulu Beach Cruiser 7 Speed Has F/R hand brakes Kickstand Wide Tires Wide Seat F/R Fenders All tuned up ready to ride.  $365 Women 26 inch Giant Liv Hybrid/Mountain bike Like Brand New has F/R hand brakes Kickstand 21 Speeds 16 inch Short Frame Aluminum Frame Trigger Shifters Front Shock All tuned up ready to ride.  $200 Women 26 inch Schwinn Ranger Hybrid/Mountain bike has F/R hand brakes Kickstand Front Shock 21 Speeds Quick Release Front Wheel Water Bottle holder 16 inch Short Frame All tuned up ready to ride., good,,,, cantilever,, riser, suspension fork (hardtail),
11316,150.0,chicago,https://chicago.craigslist.org/nwc/bid/d/marengo-men-2629-mountain-bikes-page/7463321474.html,2022-03-26 15:06,"Men 26,29, Mountain bikes Page 2 Start At", aluminum, mountain, 18, 26 in,15,$225 Men 26 inch Raleigh SC 300 Hybrid/ Mountain bike has F/R hand brakes Dual Suspension 24 Speeds Kickstand 18 inch Frame All tuned up ready to ride.  $390 Men 26 inch Like New Giant Sedona Hybrid/Mountain bike XXL Frame 20 inch Has F/R hand brakes 21 Speeds Kickstand Water Bottle Holder Front Shock Comfort Seat All tuned up ready to ride.  $265 Men 26 inch Schwinn Sidewinder Mountain bike has 21 Speeds Front Shock Kickstand Trigger Shifters 18 inch Frame Front Disc Brake rear Hand Brake All tuned up ready to ride.  $285 Men 26 inch Giant Sedona LX Black Hybrid/Mountain bike has F/R hand brakes Kickstand Front Shock 21 Speeds Water Bottle holder Front Disc Brake 17 inch Short Frame for shorter men or Boys All Tuned up ready to ride.  $175 Men/Boys 26 inch Diamond Back Mountain bike Short Frame has 13 inch Frame F/R hand brakes Kickstand Trigger Shifters Quick Release Wheels 21 Speeds all tuned up ready to ride.  $275 Men 26 inch Mongoose Pro Rockadile SX has F/R hand brakes Kickstand 21 speeds Front Shock 20 inch XL Frame Quick Release Front Wheel All tuned up ready to ride.  $185 Men 26 inch Schwinn Clear Creek Mountain/ Hybrid bike Has Kickstand 21 Speeds Front Shock 17 inch Frame Built in Shock in the seat post all tuned up and ready to ride.  $160 Men 26 inch Schwinn woodland Hybrid /Mountain bike XL Frame has 21 inch Inch Frame F/R hand brakes Kickstand 21 speeds Quick Release Front Wheel all tuned up ready to Ride.  $175 Men/ Boys 26 inch Diamond Back Out Look Mountain bike Short Frame 12 inch F/R hand brakes 21 speeds Front Shock Kickstand Quick Release Wheels all tuned up ready to ride.  $185 Men 26 inch Iron Horse Ct5.0 Hybrid/Mountain bike has F/R hand brakes Kickstand 21 speeds Front Shock Water Bottle holder 16 inch Short Frame for shorter Guys Shock in the seat post Quick Release Wheels all tuned up ready to ride.  $250 Men 26 inch Giant Boulder Hybrid / Mountain bike has 20 inch XL Frame F/R hand brakes Kickstand Quick Release Wheels 21 Speeds Water Bottle holder Front Shock All tuned up ready to ride.   $265 Men 26 inch Specialized Rock Hopper mountain bike has F/R hand brakes 21 speeds 20 inch XL Frame Water Bottle holder Kickstand Quick Release Front Wheel all tuned up ready to ride.  $200 Men 26 inch Schwinn Neu Citi Mountain bike has F/R hand brakes Kickstand 15 Speeds XL Frame 22 inch All tuned up ready to ride.  $225 Men 26 inch Huffy CranBrook Beach Cruiser Has Rear Coaster Brake Kickstand F/R Fenders Wide Seat Wide Tires 18 inch frame All tuned up ready to ride.  $190 Men 26 inch Schwinn Beach Cruiser Red 4 Speed Rear Coaster Brake Kickstand 18 inch Frame Wide Seat Wide Tires All tuned up ready to ride., good,,,, cantilever,, riser, suspension fork (hardtail),
11317,100.0,chicago,https://chicago.craigslist.org/nwc/bid/d/all-women-26700c-mountain-hybrids/7463321182.html,2022-03-26 15:06,"All Women 26,700c Mountain Hybrids Cruisers Road Bikes start at", aluminum, hybrid/comfort, Different sizes, 26 in,22,$160 Women 26 inch Diamond Back Outlook mountain bike has F/R hand brakes Kickstand 21 Speeds Quick Release Front Wheel 16 inch Short Frame All Tuned up ready to ride.  $285 Women 26 inch Giant Boulder Mountain bike has F/R hand brakes kickstand Front Shock Water Bottle holder 21 Speeds Quick Release Wheels Trigger Shifters Bike shop Bike not Walmart All tuned up ready to ride.  $575 Women 26 inch Townie Electra Hybrid bike Like Brand New has F/R hand brakes Kickstand Comfort Bike 21 Speeds 18 inch Frame Front Shock Luggage Rack Quick Release Wheels All tuned up ready to ride.  $185 Women 26 inch Schwinn Ranger Silver/Teal Mountain bike has F/R hand brakes Kickstand 21 Speeds Front Shock 16 inch Frame All tuned up ready to ride.  $160 Women 26 inch Schwinn Frontier Mountain bike has F/R hand brakes Kickstand 16 inch Frame 21 speeds All tuned up ready to ride.  $170 Women 26 inch Out Fitter Nomad Mountain bike has F/R hand brakes Kickstand 21 speeds Quick Release Front Wheel 17 inch Short Frame all tuned up ready to ride.  $265 Women 26 inch Schwinn Comp Mountain bike has Aluminum Frame F/R hand brakes Kickstand 21 Speeds 16 inch Short Frame Front Shock Quick Release Front Wheel Trigger Shifters This is a Schwinn From A Bike Shop Not Walmart There is a Difference all tuned up ready to ride.   $225 Women 26 inch Huffy Savanna  single speed Beach Cruiser has Wide seat wide tires Kickstand 17 inch Short Frame F/R fenders Rear Coaster Brake all tuned up ready to ride.  $100 Women 27 inch Schwinn World tourist road Bike has F/R Hand Brakes 5 Speeds F/R Fenders Kickstand Wide Seat 20 inch Large Frame for taller women or Girls all tuned up ready to ride.  $275 Women 27 inch Schwinn Super Sport 10 Speed Road bike has F/R hand brakes Brand New tires Kickstand 22 inch Frame for really tall Women or Girls all tuned up ready to ride.  $100 Women 26 inch Hercules 3 Speed Road bike has F/R hand brakes Kickstand F/R Fenders Comfort Handle bars 19 inch Large Frame for taller Women or girls all tuned up ready to ride.  $125 Women 26 inch Magna Glacier Point Mountain bike Has Kickstand F/R hand brakes 15 speeds 19 inch Large Frame For Taller women or Girls all tuned up ready to ride.  $225 Women 26 inch Diamond Back lustre Hybrid/Mountain bike has F/R hand Brakes Kickstand Front Shocks 17 inch Short Frame 21 Speeds All tuned up ready to ride.   $225 Women 26 inch Schwinn Jaguar 7 Speed Comfort Cruiser has F/R hand brakes Kickstand Wide Seat Wide Tires  17 inch Frame All tuned up ready to ride.  $125 Women 26 inch Magna Electro Shock Mountain bike has Kickstand F/R hand brakes 18 speeds Front Shock 18 inch Frame All tuned up ready to ride.  $225 Women 26 inch Schwinn Cimarron Hybrid/mountain bike Aluminum Frame Kickstand 16 inch Short Frame Front Shock This is a Real Schwinn From a Bike Shop not Walmart All tuned up ready to ride.  $225 women 26 inch Nishiki Pueblo Mountain bike has F/R hand brakes Kickstand 21 speeds 15 inch Short Frame Water bottle holder Front Shock All tuned up ready to ride.  $150 Women 700c GMC Denali Hybrid has F/R hand brakes 19 inch Frame21 speeds Water Bottle holder Aluminum Frame Kickstand all tuned up ready to ride.  $150 Women 26 inch Huffy Surfside Beach Cruiser Has Kickstand F/R Fenders Wide Seat wide Tires 18 inch Frame all tuned up ready to ride.  $150 Women 26 inch Beach Cruiser red color single speed Rear Coaster Brake 17 inch Frame all tuned up ready to ride.  $150 Women 26 inch Out Fitters 2500 Mountain bike has Kickstand F/R hand brakes 19 inch Large Frame water bottle holder 18 speeds all tuned up ready to ride.  $75 Women 26 inch Magna Great Divide Mountain bike has Kickstand F/R hand brakes 19 inch Frame 10 speeds all tuned up ready to ride.  $125 Women 26 inch Giant Acapulco Hybrid bike has F/R hand brakes kickstand 18 speeds 17 inch Frame all tuned up ready to ride.  $125 Women 26 inch Pacific Chromium Mountain bike Has Kickstand F/R hand brakes 17 inch Frame 15 Speeds All tuned up ready to ride.   $125 Women 26 inch Magna Equator Mountain bike has F/R hand brakes Kickstand Water Bottle holder 18 Speeds 18 inch Frame All tuned up ready to ride.  $170 Women 26 inch Columbia Mt Pro Mountain bike has F/R hand brakes Kickstand Water Bottle holder 19 inch Large Frame 21 speeds all tuned up ready to ride.   $250 Women 26 inch Schwinn Jaguar 7 Speed Cruiser Has F/R hand brakes Kickstand 16 inch Frame Wide Tires Wide Seat And Wide Handle bars nice bike comfort bike all tuned up ready to ride.  $185 Women 26 inch Diamond Back Traverse mountain bike has F/R hand brakes Kickstand 18 speeds 18 inch Frame all tuned up ready to ride.  $225 Women 26 inch Specialized Hard Rock Mountain bike has F/R hand brakes Kickstand 21 speeds Quick Release F/R wheels 19 inch Large Frame for taller Women all tuned up ready to go .  $190 Women 26 inch Schwinn Wood Land Hybrid /Mountain bike has F/R hand brakes Kickstand 21 speeds Quick Release Front Wheel 21 inch XL Frame for Taller Women all tuned up ready to ride.  $100 Women 26 inch Huffy Expedition Mountain bike has F/R hand brakes 15 speeds kickstand 19 inch Large Frame for taller women or Girls all tuned up ready to ride.  $170 Women 26 inch Huffy Cranbrook Beach Cruiser Single  speed and Rear coaster brake F/R Fenders Kickstand Wide Seat Wide Tires all tuned up ready to ride.  $125 Selling a used Women 26 inch Columbia Metro Hybrid cruiser bike has F/R hand brakes 19 inch Frame kickstand wide seat 10 speeds all tuned up ready to ride.  $150 Women 27 inch Peugeot Monaco 10 speed Road Bike has F/R hand brakes 12 speeds kickstand 20 inch XL Frame all tuned up ready to ride., good,,,, cantilever,, riser, suspension fork (hardtail),
11318,1.0,chicago,https://chicago.craigslist.org/chc/for/d/sale-kids-trailer-bikes-plastic-acrylic/7458049422.html,2022-03-26 11:45,e sale kids trailer bikes plastic acrylic etc,,,,,20,"i have 4 sale  1 set utensils   42 piece set  set for 8 people , oneida portfolio,   $30    1 SCHWINN 270 EXERCISE BIKE   $220FIRM  WORKS WELL    (MSRP  $650)  plenty of acrylic Plexiglass acrylite plastic  new  .220 x 4 feet x 8 feet     $145 each i can cut to size for  free   135 if 2 or more  about 5 pcs of 3/8 USED ACRYLIC 95$ EACH   good cond great price i can cut to size  1 ac small window unit 45$  1 ac unit available  whirpool 10000 btu $160   1 coal fully restored potbelly stove $6500 obo  2 candle holder very heavy $60 rusted one of a kind custom design 2pcs   about 300 handles for kitchen cabinets   in bulk stainless steel  ask for details    2 door mail boxes 2 pcs 5 each  glass shelf   13*34*.125 tempered    pcs 8  $80  patio table top glass for yard table  36*62*.125  smoked with 2'' hole for umbrella   25$ table top glass 22*47*.375 clear  table top glass  18*47*.375 black  table top glass 14'' by 52'' by .375  black  table top glass 10*48*.375 clear table top glass 23.5 diameter circle with bevel edge table top glass 36 diameter circle .375 thick table top glass 16*36*.375 frosted table top glass 19.25*39*.375 with radius corners table top glass oval 52'' by 32'' by .375 clear   table top glass square 27.5 by 27.5 with bevel edge .25 thick  solid CHERRY CABINET dresser   $175  1 chariot box trailer    in good cond 80 $  1 bike trailer tailwind fold able 2 seater for kids    good quality $175  1 clock hamilton good cond  1050-020   made in germany  $120 FIRM  LOT OF PORCELAIN FIGURINES  ASK FOR DETAILS ABOUT 15 PIECES      $180 FIRM   1 SCHWINN 270 EXERCISE BIKE   $270 FIRM  WORKS WELL    (MSRP  $650)  2 FULL SIZE PLATFORM ,   BED FRAME   $35 EACH FIRM  1 Lucite chair from 60'    $145  1 LAMP  FREDERIC COOPER  VINTGE  ALL BRASS MATERIAL   $350 OBO      show contact info  sam",,,,,,,,,
11319,800.0,chicago,https://chicago.craigslist.org/chc/bik/d/chicago-pair-of-trek-bikes/7463047688.html,2022-03-25 22:21,Pair of Trek bikes, aluminum, mountain, Med√≠um, other/unknown,4,"Trek 4500 and Trek 3700  I am 5 10‚Äô and spouse is 5 4‚Äô.  Will consider trade for a Honda, Vespa or Yamaha scooter moped with title. Will consider trade for electric scooter. Will Consider trade for a small sports bike with title. Ninja Monster Buell.",, Trek,,,,,, suspension fork (hardtail),
11320,175.0,chicago,https://chicago.craigslist.org/nwc/bik/d/cary-girls-bikes-trek/7453928489.html,2022-03-24 20:23,Girls Bikes - (2) Trek, other/unknown, kids, 24, other/unknown,4,"Girls Bikes!  Trek  Precaliber - 24‚Äù.  White bike (2017) is $175, Red bike (2019) is $200, half the price of new models. These are in great shape, shift smoothly, and well-maintained.  Have owner manuals.",, Trek, Precaliber,,,,,,
11321,95.0,chicago,https://chicago.craigslist.org/chc/for/d/chicago-schwinn-and-cavern-bikes-for/7449591236.html,2022-03-23 21:33,SCHWINN AND CAVERN BIKES FOR SALE,,,,,7,"Two bicycles for sale as shown are still available  Picture - 1-2-3-4 - Schwinn - $125  Pic - 5-6-7 - Cavern - $95  Sold by appointment on any Saturday between 12 pm and 5 pm. Please allow a 24-hour advance notice when scheduling, and indicate which bike is wanted.  Email your appointment time and receive a confirmation along with the pick-up location.  Free parking behind our building.  Thank you.",,,,,,,,,
11322,15.0,chicago,https://chicago.craigslist.org/nwc/bik/d/crystal-lake-boy-girl-bikes/7454503125.html,2022-03-22 22:50,Boy & Girl Bikes, aluminum, bmx, 12 to 18, 18 in,9,Several great for X-Mass holidays kids bikes boys girls priced to sell $15,,,,,,,,,
11323,4500.0,chicago,https://chicago.craigslist.org/nch/mpo/d/woodridge-his-and-hers-starter-bikes/7461515372.html,2022-03-22 11:59,His and Hers Starter Bikes,,,,,3,2000 Yamaha V-Star 650 (His) 2018 Yamaha V-Star 250 (Hers),, Yamaha, V-Star,,,,,,
11324,50.0,chicago,https://chicago.craigslist.org/nch/bik/d/evanston-bikes-different-styles/7451560471.html,2022-03-21 20:44,Bikes (different styles), aluminum, other, 20, 26 in,4,Bikes are all in good shape and condition is being taken into consideration in price. Craigslist doesn't allow a range in the title but prices are from $30 to $50. You can ride any bike before buying and will give discounts if multiples purchased. Location is Evanston., good, Trek Schwinn Specialized," Mountain, Road",,,,,,
11325,999.0,chicago,https://chicago.craigslist.org/sox/bik/d/new-lenox-se-bikes-blocks-flyer-vans/7448684942.html,2022-03-21 12:47,SE Bikes Blocks Flyer - VANS - Limited Edition!,,,,,0,,,,,,,,,,
11326,20.0,chicago,https://chicago.craigslist.org/wcl/bop/d/brookfield-bikes-or-bike-parts-and/7461006248.html,2022-03-21 10:05,Bikes or bike parts and scooters,,,,,0,,,,,,,,,,
11327,175.0,chicago,https://chicago.craigslist.org/nwi/bik/d/merrillville-schwinn-enduro-kids/7448019576.html,2022-03-20 19:17,Schwinn Enduro Kids Mountain Bikes,,,,,0,,,,,,,,,,
11328,525.0,chicago,https://chicago.craigslist.org/nch/bik/d/mount-prospect-kids-electric-dirt-bikes/7460684944.html,2022-03-20 12:39,2 Kids Electric Dirt Bikes,,,,,0,,,,,,,,,,
11329,100.0,chicago,https://chicago.craigslist.org/chc/bik/d/palos-hills-kids-bikes/7448866407.html,2022-03-20 10:50,6 KIDS BIKES,,,,,0,,,,,,,,,,
11330,1400.0,chicago,https://chicago.craigslist.org/wcl/bik/d/geneva-cm-trek-domane-s4/7470124915.html,2022-04-18 17:52,2017 54cm Trek Domane S4,,,,,0,,,,,,,,,,
