,Price,Location,URL,Date,Title,part type,num image,text,bicycle frame material,bicycle type,brake type,condition,electric assist,frame size,handlebar type,make / manufacturer,suspension,wheel size,model name / number,size / dimensions,serial number
27256,20.0,newyork,https://newyork.craigslist.org/wch/bop/d/new-rochelle-bike-parts-for-many-bikes/7464203331.html,2022-04-18 18:17,Bike parts for many bikes, other,17,"Mavic, Nomande Motocane, Magna Imposter, Next Whomp, Kent Action, Kent BMX, IronHorse Panama Jack, Magna Great Divide ,Marin Fourside, Zone GT bikes, Novara Duster 20, Avigo Wrath  Novara Corsa, Royce Union, Humber Sports, Columbia, Murray, 314 Huffy, Deathlon Cycle  Supercycle Kidz, Torker Tough & Furious, Mongoose Chill, Panasonic, Schwinn Le Tour 3  Ross Mt Rushmore, Ross, Ross Eurotour, Raleigh M20, Marin Bobcat trail, Pierce Arrow  Schwinn, Little Miss Matched, Barbie  Many More available  No pets, nonsmoking home  Call Paulabeth@ show contact info -10:00 A.M. -11:00 P.M. show contact info  10:00 A.M. -11:00 P.M. show contact info  9:00 A.M. - 11:45 A.M. NO EMAILS CASH ONLY",,,,,,,,,,,,,
27257,250.0,newyork,https://newyork.craigslist.org/brk/bik/d/new-york-bicycles-for-sale-saturday-and/7465597069.html,2022-04-18 13:40,Bicycles for Sale Saturday and Sunday road bikes Hybrid commuter mens wom,,7,"Bike Sale *  bikes for sale  many styles and sizes 20 each day   Saturday, April 23        9am  to 3pm   Sunday, April 24        10am to 4pm    all bikes are tuned and ready to ride / all sizes women’s men’s road hybrid mountain bikes.  ** see list of bikes below  **   **Williamsburg Brooklyn**  Address for GPS : 400 Driggs ave have  Brooklyn, NY 11211  (100 ft from corner of N 12 st/Driggs ave ) across from McCarren. Across from Dog Run park  More info please text or call :  917-306-6 thousand   - Price range $250-$450 plus  few exceptions$$$ cash preferred   ROAD BIKES :  more bikes added ! Schwinn pink stepthrough 44cm  Schwinn Le tour blue 54cm  Univega Maxima sport 58cm  Schwinn Temp Gold 64cm  Raleigh Grand prix Upright 56cm Raleigh Grand Prix 64cm  Raleigh marathon 60cm  single speed 52cm   HYBRIDS  Specialized Crossroads 15” Sm Raleigh C40 20” M / L  Trek Multitrack Stepthroug 17 S/M  Mongoose Stepthrough 17” M  Schwinn 18”/19” M / L  Ross Pocono 18”  Roma Verso 3spd Fenders rack 18” Motiv Smoothie Alum 18” Specialized Crossroads 22” XL  Diamondback Wildwood 23” XL   Please note: some bikes are new or like new Most are Used, Vintage bicycles , all in great condition, professionally tuned / refurbished by a Bike mechanic and ready to ride!  you can test ride the bikes right on the spot and make your own decision. thank you", other/unknown, road, other/unknown, excellent, none, all sizes, other/unknown, trek schwinn raleigh giant, other/unknown, other/unknown,,,
27258,10000.0,newyork,https://newyork.craigslist.org/lgi/mpo/d/saint-james-buying-all-dirt-bikes-quads/7472759255.html,2022-04-18 12:36,Buying all dirt bikes quads and jetskis!,,0,"Buying all dirt bikes quads and atvs in any condition, I also buy jetskis!  Not running/crashed/sitting in backyard for years is fine by me! let me know what you have and lets make a deal  I pay very fair prices and come with cash and a truck, no BS   Mainly interested in these   Cr500 cr250 cr125 cr85 cr80 kx500 kx250 kdx200 kdx220 rm250 rm125 rm80 crf50 crf70 crf110 crf125 crf250 crf450 crf450r crf450x dr350 Xt350 xt600 klx650 klr650 ktm400 ktm450 exc klx650 klx250 klx250sf klx300 klx450 dr350 dr250 dr650 drz400 drz400sm 400ex trx450r trx250r 300ex trx gsxr gsxr600 gsxr750 gsxr1000 Cbr929 cbr929rr cbr954 cbr954rr cbr600 600rr f4i cbr600rr cbr1000 cbr1000rr r1 r6 r7 r3 cbr zx6r 636 ninja  xr600 xr650r xr400 lt250r lt500r lt500 banshee blaster 400ex trx700 trx700xx 300ex 250ex lt230 lt250 tecate lakota mojave kfx400 kfx450 ltz250 ltz400 lt450r trx450 yfz450 yfz450r quadzilla fatcat bw200 bw350 Sxr800 , X2 , 750sx , 750sxi , js550 , 550sx 650sx, js440, waveblaster , superjet , sxr , Fx1 any standup wave blaster waverunner jetski gp1200r gp1300r ultra 150 xlt1200 xlt800 gp1200 gp800r 750zxi 1100zxi 900zxi sc650 sport cruiser 500 380 350 300 250 220 200 125 110 100 80 85 50",,,,,,,,,,,,,
27259,15.0,newyork,https://newyork.craigslist.org/mnh/bop/d/new-york-freewheel-sprocket-cog-single/7469736484.html,2022-04-18 12:22,Freewheel Sprocket Cog 1/8” 16T Single Speed Replacement BMX Cruiser Etc Bikes,,3,"Specification: Brand new and high quality Material: Steel Inner diameter: Approx. 34 mm Outer diameter: Approx. 66 mm Thickness: Approx. 16 mm Color: Brown Fit: 1/8"" BMX chain Gear Teeth: 16T Features: Suitable for Fixed Gear Bike, Bike Tryall single speed flywheel etc One 16T x 1/8"" Singlespeed Freewheel Sprocket...  If you purchase my freewheel it comes with a free mechanic, I mean I'll install it for you as well :-)",,,,,,,,,,, Freewheel,,
27260,750.0,newyork,https://newyork.craigslist.org/brk/bik/d/brooklyn-fuji-sportif-23-racing-bikes/7464634676.html,2022-04-18 12:10,Fuji sportif 2.3 racing bikes like new. 54cm,,6,In like new condition fuji sportif 2.3 Aluminum frame  All Shimano drive train 2x8 Great for 5'5-5'9 riders  54 and 58cm available, aluminum, road,,,, 54cm medium,,,, 700C,,,
27261,1200.0,newyork,https://newyork.craigslist.org/mnh/snw/d/hudson-massimo-mb200-mini-bikes/7472721666.html,2022-04-18 11:32,Massimo MB200 Mini Bikes (2),,5,"Two MASSIMO MB200 MINIBIKES for children and adults   X-PRO Supersized 196CC Youth Mini Bike Gas Powered Mini Trail Bike Scooter Carb approved mini motorcyle, 19"" Wide Fat Balanced Tires! Big headlight!  These babies are not even a year old, like new, and barely ridden!   Easy to ride and a lot of fun for the kids (and adults!)  - 196cc four stroke single cylinder engine - Automatic transmission with dry clutch chain drive - Faux gas tank for closed storage - Carbureted and air cooled - Rugged 19"" AT tires - Supports up to 200 lbs - Dual front suspension cushion bumps - Wide off road tires for extra traction - Large capacity fuel tank - Top speed: 24mph - Easy to start  Sold as a pair.  Two brand new helmets  (value $120) included with bikes. Local pick up only",,,,,,,,,,,,,
27262,200.0,newyork,https://newyork.craigslist.org/brk/bik/d/ridgewood-bikes/7467443439.html,2022-04-18 11:09,2 bikes,,2,Orange & black fixed gear bike w/ front rack attachment - $200 Purple & white Schwinn cruiser bike w/ basket - $30, aluminum, road,,,," 16.5""",,,, 26 in,,,
27263,160.0,newyork,https://newyork.craigslist.org/fct/bik/d/greenwich-sports-mountain-bikes/7466790286.html,2022-04-18 10:56,2 sports + 1 mountain bikes,,4,"3 bikes up for sale, in good condition, Huffy; Schwin, 10 speed, 26” wheels and Roadmaster. All in working conditions, may need some tuning and adjustments.", aluminum, road, u-brakes, good, none, 17”, other/unknown," schwin, Huffy", none (rigid), 26 in,,,
27264,250.0,newyork,https://newyork.craigslist.org/mnh/bik/d/brooklyn-raleigh-bikes-jazzi-kids-bike/7467650431.html,2022-04-18 10:21,Raleigh Bikes Jazzi Kids Bike 20”,,3,"Raleigh Bikes Jazzi Kids Bike,20” in excellent condition. Pick up for $250  Lightweight, durable aluminum step thru frame; designed to fit ages 4 to 8 or 44 to 52 inches tall High tensile steel fork 20 inch wheels keep the bike just the right size Coaster brake Plus rear V brake to help young riders transition from pedal brake to hand brake.", aluminum, road,,,, Medium,,,, 20 in,,,
27265,300.0,newyork,https://newyork.craigslist.org/fct/bik/d/fairfield-searching-for-80s-90s-bmx/7460627517.html,2022-04-18 09:20,"Searching for 80s 90s BMX Bikes - Mongoose, Hutch, Redline, DiamondB",,9,"Hello I am on the hunt for 80s and 90s mongoose bmx bikes.  Supergoose Patterson Expert Pro Class Hutch Redline Diamond Back GT SkyWay Webco Moto mags Team Decades Californian  Anything you got, email me pictures and I will respond immediately with a quote, thanks!", steel, bmx,,,, 19,, Mongoose,, 20 in, Hutch,,
27266,125.0,newyork,https://newyork.craigslist.org/lgi/bik/d/new-hyde-park-kids-bicycles-and-bikes/7462313308.html,2022-04-18 07:29,Kids Bicycles and Bikes,,9,Haro F3 BMX-$175  Mongoose Racer X BMX-$175  Trek 20-$125  Electra Rat Rod cruiser-$200  Vintage Ross Polo Bike-$300  OBO. Used and in good condition. Cash and pick up only., other/unknown, bmx,,,, Medium,,,, 20 in,,,
27267,2600.0,newyork,https://newyork.craigslist.org/brk/bik/d/brooklyn-squid-foj-275-hardtail/7469184617.html,2022-04-18 06:49,Squid FOJ 27.5” Hardtail,,9,"Built this up as a perfect urban hardtail. Ride it on the streets to the trails, ride the trails, and ride it home. Bike is super fast, and responsive. Perfect for east coast trails.  Would hold onto this, but honestly prefer riding vintage 26er MTBs more.   2020 Squid Fuck Off Johnny (FOJ) Size Large (18.5” Seat Tube, 25.8” Top Tube) 27.5+  Build Specs: *RockShox Recon Silver RL Suspension Fork - 27.5"", 120 mm, 15 x 100 mm, 42 mm Offset, Black, D1  *Hand Built 27.5” Wheelset (Bitex BX211R Boost - Rear Disc Hub (6 Bolt), Bitex MTF10/12 Front Disc Hub (6 Bolt), Kinlin TL-23R Disc Rims (Asymmetrical)  *Continental Cross King - Performance 27.5 x 2.6 Fold ShieldWall TR +  *Shimano XT RD-M8000 Rear Derailleur,  Shimano XT M8000 Shifter  *RaceFace Atlas Cinch Crankset, RaceFace Cinch Chain Ring  *White Industries T47 bottom bracket  *Chris King Tapered NoThreadSet™ EC34|EC44 (1-1/8"" to 1-1/4"" tapered steerer)  *Thomson Elite 31.8mm X4 50mm 0* Stem  *Thomson Elite Seatpost (30.9, Setback)  *WTB Silverado Saddle  *TRP Spyre Mechanical Disc Brake Caliper - Post Mount   *FSA / Origin8 180mm Rotors   *Paul Components Short Pull Levers  *Soma Dream Bars (31.8 mm, Width: 780 mm, Rise: 50mm, Sweep: 25 degrees)  *Oury Grips  *Interloc Racing Design Karbonite MTB Platform Pedals  Frame Specs: * MSRP: $1,550 * Handmade In USA * 6061 Aluminum * 73mm PF30 BB Shell (T47 Upgrade available) * Designed around 120mm (51mm Offset) Fork * 12x148 BOOST Rear Spacing * Tapered 34/44 Headtube", aluminum, mountain, disc (mechanical), excellent,,,,,,,,,
27268,200.0,newyork,https://newyork.craigslist.org/fct/bik/d/ridgefield-13-bikes-50-wheels-and-lot/7471622205.html,2022-04-18 05:09,13 bikes 50 Wheels and a lot of Bike Parts,,15,"Must Take All, Bring a truck.  Please TEXT. !!!!! DO NOT CALL!!!!! TEXT ONLY 203-313-91Thre Eihgt Website recycledcycles.biz Just 5 min South of the Danbury Mall I am around most evenings after 6, and weekends. !!!203 thre one thre 9138!!!", steel, cargo/pedicab,,,, Medium,,,, other/unknown,,,
27269,1200.0,newyork,https://newyork.craigslist.org/fct/mpo/d/new-milford-1992-honda-goldwing1500/7466584287.html,2022-04-17 21:32,1992 Honda Goldwing1500 (2)parts bikes,,15,1992 Honda Goldwings. 2 bikes apart. With paperwork for each bike.,,,, fair,,,, Honda,,, Goldwing 1500,,
27270,180.0,newyork,https://newyork.craigslist.org/wch/bik/d/eastchester-bikes-galore/7461358647.html,2022-04-17 17:01,"Bikes galore, TREK,Cannondale,Specialized,GT,all kinds",,24,"Riad bikes,mountain bikes, we have them all. Prices start at $140 . Look at pictures, if you need a certain type of bike let me know. We have every type of bike. BMX, three wheeled, racing,road,…. show contact info", aluminum, hybrid/comfort, u-brakes, good, none, All, flat," Trek,Cannondale,GT", suspension fork (hardtail), 27 in,,,
27271,100.0,newyork,https://newyork.craigslist.org/brk/bik/d/brooklyn-bike-bikes-bicycles/7464725112.html,2022-04-17 16:14,BIKE BIKES BICYCLES,,4,"Red Door and Rad Wheels Spring clearance sale   I have 25 bikes already tuned up and ready to ride away.   Price range $200 and up  Huffy Granite $100 Schwinn Cross Fit Hybrid $180 Schwinn Cris cross $280 Schwinn Tourist $250 Diamondback tall MTB $200 TREK 820 18"" $200  Gitane Road Bike 58cm $200 Nishiki Manitoba 17"" 2020 $350 Lotus Road bike 52cm $350 Specialized Hardrock 15"" $300 GT Avalanche 1x9 Sram xo shifter and derailer, Hookworms, Hydro disk brakes $700     ￼", steel, gravel,,,, 56cm,,,, 26 in,,,
27272,25.0,newyork,https://newyork.craigslist.org/fct/bik/d/cos-cob-schwinn-bikes/7472445024.html,2022-04-17 14:25,schwinn bikes,,3,His and hers Schwinn bikes. Lightly used and stored inside. $25 each., other/unknown, mountain, caliper, good,," girls 24”, boys 24”", other/unknown, schwinn, suspension fork (hardtail), other/unknown,,,
27273,150.0,newyork,https://newyork.craigslist.org/lgi/bik/d/albertson-kids-bicycles-seven-childrens/7472396735.html,2022-04-17 12:08,7 kids bicycles / Seven childrens bikes,,14,7 kids bikes for sale. The orange one is brand new. The other 6 have been used., other/unknown, kids, other/unknown, good, none, multiple sizes, other/unknown,, other/unknown, other/unknown,,,
27274,50.0,newyork,https://newyork.craigslist.org/brk/bop/d/brooklyn-bicycle-car-carrier-brand-new/7467751129.html,2022-04-17 11:07,Bicycle car carrier brand new 2 bikes transporter rack $50,,0,Pick up in Brooklyn 11229 show contact info  No emails,,,, like new,,,,,,,,,
27275,50.0,newyork,https://newyork.craigslist.org/que/bik/d/corona-bikes-for-sale/7472370106.html,2022-04-17 10:51,3 bikes for sale,,4,Red mongoose 50$ Other 2 bikes 50$ each  Condition is fair Kall me at  show contact info, other/unknown, bmx,,,, Medium,,,, 24 in,,,
27276,200.0,newyork,https://newyork.craigslist.org/brk/bik/d/brooklyn-bmx-bikes-for-sale-gt-haro/7466689729.html,2022-04-17 08:49,BMX Bikes for sale GT HARO Mongoose SE DYNO 20” old school 90s some 80s and mo,,24,"Various Vintage & Modern Bikes Bmx Dyno VFR GT Vertigo SE Peugeot HARO etc. some Bikes in Great Ready to ride Condition , some need Work , in original condition. sold as is. Price list below :  have individual photos. Please request   1980s scooters   General Sidekick 12.5” $125 Strada variflex 12.5”  $100 Dyno zoot scoot blue 12.5” $125 kent scooter $80  80s Monti T 219 Trialsin $$$ TBA 80s Peugeot black /yelw bmx $200 80s Peugeot blk/ red bmx $180 80s Mountain height $300 80s Raleigh R10 Skyway mags/kkt pedals $450 96 Dyno VFR green  $280 90s GT vertigo red splash  $450 GT vertigo $300 80s Colorado trail cruiser $350 90s Columbia PAD AM $100 90s dimondback viper mini $100 90s Magna Flip400 chrome $300 90s Diamondback Venom $180 90s Raleigh MXR $100 98 Mongoose Hoop-D team $150 1998 Standard STA  $900 Haro Grp1 Fusion $200 Mongoose Ace $125  GT compe $125 ( not vintage )  GT Wise Signature $350 GT Slammer gold $200 HARO Blue $150 SE BRONCO crome $280 SE racing black $250 SE wildman $250 Rhino pro txr $150 Stln “Stolen brand” blue $300 GT gold $225   Location for pick up  no shipping. no holds  Rockland county NY  one individual bike can be brought to williamsburg brooklyn NY on weekends. please inquire  917-Three Zero Six - 6 0 0 0", other/unknown, bmx, gyro/bmx, good, none, 20”, bmx, Haro GT Dyno Mongoose SE, none (rigid), 20 in,,,
27277,250.0,newyork,https://newyork.craigslist.org/brk/bik/d/brooklyn-bicycles-for-sale-saturday-16/7468839889.html,2022-04-17 01:56,Bicycles For Sale SATURDAY 4/16 SUNDAY 4/17 Road hybrid commuter bikes,,24,"Bike Sale * some are sold. adding more bikes 20 bikes each day  Saturday,  April 23      9am to 3pm   Sunday, April 24       10am to 4pm    all bikes are tuned and ready to ride / all sizes women’s men’s road hybrid mountain bikes.  ** see list of bikes below  **   **Williamsburg Brooklyn**  Address for GPS :  228 N 12 st  Brooklyn, NY 11211  corner of Driggs ave and N 12 st  More info please text or call :  917-306-6 thousand   - Price range $250-$450 plus  few exceptions$$$ cash preferred   ROAD BIKES :  more bikes added ! puegeot yellow mixtie 54cm  Raleigh Technium 400 50cm  Panasonic DX2000 62cm  Panasonic Sport 500 44cm  Schwinn Le tour blue 54cm  Shogun 400 54cm  Schwinn Varsity Chrome 56vm  Soma 60cm  Saint Tropes La Riviera 56cm  Raleigh Grand prix Upright 54cm  Fuji Absolute 64cm   HYBRIDS  Specialized Crossroads 15” Sm Giant Cypress M 17”  Trek Multitrack 700 Sm 15” Trek Multitrack Stepthroug 17 S/M  Mongoose Stepthrough 17” M  Ross Pocono 18”  Roma Verso 3spd Fende rack 18” Specialized Crossroads 22” XL  Trek 3500 Large 21” Fuji supreme 21” L   Please note: some bikes are new or like new Most are Used, Vintage bicycles , all in great condition, professionally tuned / refurbished by a Bike mechanic and ready to ride!  you can test ride the bikes right on the spot and make your own decision. thank you", other/unknown, road, other/unknown, excellent, none, all sizes, other/unknown,, other/unknown, other/unknown,,,
27278,250.0,newyork,https://newyork.craigslist.org/brk/snw/d/brooklyn-bike-sale-this-weekend-road/7469537646.html,2022-04-17 01:55,Bike sale this Weekend Road bikes Hybrid commuter,,8,bicycles today only - all professionally tuned.  ready to ride !  saturday april 23 9am to 3pm   sunday april 24 10am to 4pm   in Williamsburg Brooklyn   228 N 12 st  brooklyn NY 11211 on Driggs ave ￼  all sizes 46cm 50cm 54cm 56cm 58cm 60cm 64cm road bikes ￼  hybrids XS S M L XL,,,,,,,,,,,,,
27279,200.0,newyork,https://newyork.craigslist.org/brk/bik/d/brooklyn-bikes-for-kids-24-trek-giant/7465152007.html,2022-04-17 01:54,Bikes for kids 24” trek giant gary fisher mongoose $150-$380,,24,24” bikes for kids boys girls age 6-10 yo apprx .  all high end good brands  professionally tuned. refurbished ready to ride - one bike for Williamsburg Brkln by request   90s Gary Fisher joshua 24 21spd - $350 Trek Precaliber red  8speed  - $380 Trek precaliber white 7speed  -$380 Trek MT220 Black red blue 21spd  $325 Trek MT220 Black pink white 21spd  $325 Trek Mt220 all Black 21 speed $350 Giant 225 blue  21 spd $225 sold  Giant Revel white 7spd  $280 Giant XTC disk Orange 21spd $350  Schwinn Thrasher Chrome 7spd $300 Diamondback Octane blk 21 speed $225  90s Mongoose Stormer Green 21 spd $150  all professionally tuned. ready to ride.  pick up Rockland County NY 10956 no holds., aluminum, kids, other/unknown, like new, none, 24”, flat, trek giant diamondback, other/unknown, 24 in,,,
27280,30.0,newyork,https://newyork.craigslist.org/que/bop/d/flushing-saddle/7461169150.html,2022-04-16 11:52,SADDLE, saddle,4,SADDLE{ WILDERNESS TRAIL BIKES}.         PLEASE CALL ME NINE 17 566 TEN 36-MIKE .                  OBO.,,,, good,,,,,,, WILDERNESS TRAIL BIKES," POST 13""",
27281,190.0,newyork,https://newyork.craigslist.org/brk/bik/d/brooklyn-se-bikes-fixie-bicycle-free/7459512735.html,2022-04-16 11:35,SE bikes fixie bicycle free wheel single speed fixed bike $190 21.5 in,,0,Pick up in Brooklyn 11229 show contact info  No emails   SE bikes fixie bicycle free wheel single speed fixed bike $190  21.5 inch or 54  см, titanium, track,,,, 54,,,, other/unknown,,,
27282,200.0,newyork,https://newyork.craigslist.org/brk/bik/d/brooklyn-kids-24-bikes-gears-21spd-7spd/7467142494.html,2022-04-16 11:34,Kids 24” bikes w/ Gears 21spd 7spd Bicycles for girls boys Tuned  Ready to rid,,22,bikes for kids boys girls age 6-10 yo apprx .  all high end good brands  professionally tuned. refurbished ready to ride   Gary Fisher joshua 24 21spd - $350 Trek Precaliber red  8speed  - $380 Trek precaliber white 7speed  -$380 Trek MT220 Black red blue 21spd  $325 Trek MT220 Black pink white 21spd  $325 Trek Mt220 all Black 21 speed $350 Giant Revel white 7spd  $280 Giant XTC disk Orange 21spd $350  Schwinn Thrasher Chrome 7spd $300 Diamondback Octane blk 21 speed $225  Mongoose Stormer Green 21 spd $180  all professionally tuned. ready to ride.  pick up Rockland County NY 10956 no holds.  can request one to be delivered to Williamsburg Brooklyn on Weekends by serious request for purchase, aluminum, kids, other/unknown, excellent, none, 24”, flat, trek giant gary fisher, other/unknown, 24 in,,,
27283,125.0,newyork,https://newyork.craigslist.org/que/bik/d/jamaica-boy-girl-bikes-skateboards/7472009528.html,2022-04-16 11:07,Boy/Girl Bikes &SkateBoards,,3,Moving In 5 days no room for Son & Daughters Bikes or SkateBoards Very Good Condition O.B.O, alloy, kids, caliper, good,, 54 cm, bmx,, none (rigid), 20 in,,,
27284,1.0,newyork,https://newyork.craigslist.org/stn/for/d/staten-island-bikes-weight-bench/7469386305.html,2022-04-16 08:24,2-Bikes & weight bench,,9,"Weight bench 30,  medium duty folds up also...Ten speed vintage rides perfect 75 girls bike is 90 rides and shifts perfect  deal can made for both...",,,,,,,,,,,,,
27285,700.0,newyork,https://newyork.craigslist.org/brk/bik/d/brooklyn-2021-se-bikes-big-flyer-29er/7467056942.html,2022-04-16 08:06,2021 SE Bikes Big Flyer 29er - Bikelife Wheelie,,0,"Selling a nice SE BIG FLYER 29er BMX bike Bike has upgraded $200 hydraulic brakes She is in great condition, tires are like new and needs nothing.  These bikes rarely come up for sale No stories, holds or deposits First come first served Good for street riding or doing tricks.  Price is 700 cash pickup", aluminum, mountain,, good,," 18""",,, suspension fork (hardtail), 29 in,,,
27286,999.0,newyork,https://newyork.craigslist.org/brk/bik/d/brooklyn-limited-edition-se-bikes-cg/7460518959.html,2022-04-16 02:12,"Limited Edition: SE BIKES CG BIG RIPPER 29"" BMX Bicycle New in Box",,5,"The perfect Wheelie bike in an awesome blue color way!!!  City Grounds Big Ripper 29"" BMX. Brand New with pads and pegs!!  This bike has never been built. Still in original packaging. Email any questions...Thank you...", steel, bmx, v-brakes, new, none, 23.6,, SE Bikes, none (rigid), 29 in, CG BIG RIPPER,,
27287,1050.0,newyork,https://newyork.craigslist.org/brk/bik/d/brooklyn-2021-gt-pro-performer-20/7459294381.html,2022-04-16 02:12,"2021 GT PRO PERFORMER 20"" Heritage BMX - New In Box",,9,This is the ultimate 80's BMX throwback upgraded with today's BMX geometry.  I scored this for my personal collection during the big Covid lock down. I really hate to sell it but I have some bills to pay now. A great throwback bike to ride!! A great addition to any serious BMX collection!!  NEW IN BOX - Never built or unpacked - The box was only opened to make sure everything was in there. Everything else is still intact as shipped from the factory. Pics of complete bike are from GT's webpage. Pics of bike in box are of the actual bike you get.   Travel back in time and enjoy the early days of freestyle aboard this machine that pays homage to GT's Freestyle roots.  Please email any questions you have and I will reply ASAP...Thanks...Stay Rad!!, steel, bmx,, new,, 20.75, bmx, GT Bikes,, 20 in," 2021 Pro Performer 20""",,
27288,1.0,newyork,https://newyork.craigslist.org/fct/tls/d/newtown-chainsaw-and-accessories-power/7471858564.html,2022-04-15 20:34,"Chainsaw and Accessories, Power Tools, AC, Barbecue, Chainsaw, Bikes",,23,"Too much to list. See an item, Text or email. Newtown pickup",,,,,,,,,,,,,
27289,75.0,newyork,https://newyork.craigslist.org/stn/bik/d/staten-island-bikes/7459997734.html,2022-04-15 20:29,Bikes,,2,"Up for sale two bikes. each is $75 for kids with training wheels adult bike, need a tire replacement", other/unknown, road,,,, Medium,,,, other/unknown,,,
27290,250.0,newyork,https://newyork.craigslist.org/brk/bik/d/new-york-bicycles-for-sale-sunday-in/7469334368.html,2022-04-15 09:32,"Bicycles for Sale  SUNDAY in Williamsburg, Brkln Road hybird bikes",,6,road and hybrid bikes for sale - refurbished tuned ready to ride  Saturday April 23 9am to 3pm   Sunday April 24 10am to 4pm   228 North 12 st  Brooklyn NY 11211 On Driggs ave   $250 to $450 price range. few exceptions  cash preferred  other payments accepted   message for more details.  all sizes and styles  Nine One Seven - 306-6Thousand    some of the bikes at the sale plus more … ROAD BIKES :  more bikes added ! puegeot yellow mixtie 54cm  Panasonic Sport 500 44cm  Schwinn Le tour blue 54cm  Shogun 400 56cm  Fuji  56cm  Ross 58cm  Raleigh Grand prix 54cm  Fuji Absolute 64cm   HYBRIDS  Specialized Crossroads 15” Sm Giant Cypress M 17”  Trek Multitrack 700 Sm 15” Mongoose  18”  Roma Verso 3spd Fende rack 18” Specialized Crossroads 22” XL, other/unknown, road, other/unknown, excellent, none, all sizes, other/unknown, fuji trek giat specialized, other/unknown, other/unknown,,,
27291,2000.0,newyork,https://newyork.craigslist.org/que/bik/d/brooklyn-2018-se-bikes-mike-buff-big/7471316239.html,2022-04-14 15:43,"2018 SE Bikes Mike Buff Big Ripper 29"" BMX Bike",,6,"2018 SE Bikes Mike Buff Big Ripper 29"" BMX Bike for sale in Ridgewood, Queens. Adult owned and minimally ridden. The bike is all original with all accessories included. Just looking to sell, no trades. Thanks!", aluminum, bmx,, excellent,, unknown,, SE Bikes,, 29 in," Mike Buff Big Ripper 29""",,
27292,30.0,newyork,https://newyork.craigslist.org/brk/bik/d/brooklyn-kazam-balance-bikes/7466310623.html,2022-04-14 14:33,Kazam Balance bikes,,3,"Two Kazam balance bikes in like-new condition. Great for kids ages 2-5. 12"" wheels. Sold separately for $35 each or together for $50.", alloy, kids, none, like new, none, unknown, other/unknown, Kazam, none (rigid), 12 in,,,
27293,250.0,newyork,https://newyork.craigslist.org/brk/bik/d/brooklyn-kids-bikes-24-trek-giant/7469339483.html,2022-04-14 12:33,Kids bikes 24” Trek giant schwinn Tuned ready to ride,,15,bikes for kids boys girls age 6-10 yo apprx .  all high end good brands  professionally tuned. refurbished ready to ride   Gary Fisher joshua 24 21spd - $350 Trek Precaliber red  8speed  - $380 Trek precaliber white 7speed  -$380 Trek MT220 Black red blue 21spd  $325 Trek MT220 Black pink white 21spd  $325 Trek Mt220 all Black 21 speed $350 Giant Revel white 7spd  $280 Giant XTC disk Orange 21spd $350  Schwinn Thrasher Chrome 7spd $300 Diamondback Octane blk 21 speed $225  Mongoose Stormer Green 21 spd $180  all professionally tuned. ready to ride.  pick up Rockland County NY 10956 no holds.  can request one to be delivered to Williamsburg Brooklyn on Weekends by serious request for purchase, other/unknown, kids, other/unknown, excellent, none, 24”, other/unknown, trek giant diamondback, other/unknown, 24 in,,,
27294,250.0,newyork,https://newyork.craigslist.org/brk/bik/d/brooklyn-bicycles-for-sale-saturday/7469305382.html,2022-04-14 12:32,Bicycles for sale Saturday April 16 Sunday April 17 road bikes hybrids all size,,19,"Bike Sale * Actual bikes for sale  See list below ! plus adding more   SATURDAYs 9am to 3pm   SUNDAYs 10am to 4pm   all bikes are tuned and ready to ride / all sizes women’s men’s road hybrid mountain bikes.  ** see list of bikes below  **   **Williamsburg Brooklyn**  Address for GPS : 228 N 12 st  Brooklyn, NY 11211 cross street Driggs ave   (100 ft from corner of N 12 st/Driggs ave ) across from McCarren. Across from Dog Run park  More info please text or call :  917-306-6 thousand   - Price range $250-$450 plus  few exceptions$$$ cash preferred  ROAD BIKES :  more bikes added ! puegeot yellow mixtie 54cm  Ross 58cm  fuji 58cm  Panasonic Sport 500 44cm  raleigh 56cm  Schwinn Le tour blue 54cm  Shogun 400 56cm  Saint Tropes La Riviera 58cm  Fuji Absolute 64cm   HYBRIDS  Specialized Crossroads 15” Sm specialized XL  24”  Giant Cypress M 17”  Trek Multitrack 700 Sm 15” Trek Multitrack Stepthroug 17 S/M  Mongoose Stepthrough 17” M  Ross Pocono 18”  Roma Verso 3spd Fende rack 18” Specialized Crossroads 22” XL  Trek 3500 Large 21” Raleigh 18” M  you can test ride the bikes right on the spot and make your own decision. thank you", other/unknown, road, other/unknown, excellent, none, all sizes, other/unknown, trek giant fuji schwinn raleigh, other/unknown, other/unknown,,,
27295,1900.0,newyork,https://newyork.craigslist.org/brk/bik/d/hudson-velosolex-2-bikes/7471140556.html,2022-04-14 10:05,Velosolex x 2 bikes,,0,"1972. MADE IN FRANCE!! Two bikes. Both run but have some parts removed. I can't remember why I took things off. All parts present. Box of extra parts. New, tires, tubes, engine rebuild, other new parts. Check uship.com Local pick up. Make Offer?", steel, other,, good, pedal assist," I don't know, standard",, Velosolex,, 16 in,,,
27296,800.0,newyork,https://newyork.craigslist.org/brk/bik/d/brooklyn-high-end-modern-vintage-road/7465087779.html,2022-04-14 00:22,High end modern vintage road bikes Read Listing,,24,"Various High End Road race triathlon bikes in like New condition Cannondale trek Fuji Specialized Carbon Aluminum steel frame - some are New. Some are Like new ! All ready to ride !   Prices $800 up to $1500 ( few for more up to 1800 )   Few $650-$800 range   All professionally tuned  All ready to ride  Beautiful condition , some like new.   List Some of the bikes : Specialized Epic carbon 52cm $800 Specialized M2 Super 62cm $800 Vitus 979 56cm $950 Serotta Ti titanium 54cm $1800 Erba cycle bamboo 52cm $1500  Bianchi trofeo 55-56cm  Bianchi Campione campy 64cm $1200 Bianchi Alorro 58cm $880 Bianchi campagnolo 56cm $850 Bianchi Strada LX upright 58cm $850 Fuji finest 2.0 alum carbon 48cm $825 Klein Quantrum upright 44-46cm $850 Windsor professional 58cm $850 Cannondale Creterium 3.0 54cm $725 Cannondale Creterium 3.0 58cm $725 Cannondale Sport alum 67cm $880 Giant TCR 2R aluminum 44-46cm $825 Giant Cadex Carbon vintage 56cm $725 Giant Defy alum Carbon 56cm $900 Giant OCR touring 50cm $825 Felt F80 54cm $800 Trek 2.1 Alpha ser. 58cm $880 Trek 2100 ZR9000 54cm $800 Trek 2100 Composite Pro 54cm $800 Trek 1000 Aluminum 56cm $650 guerciotti  sprint Alan Frm 60cm $950 Tommosini Prestige 54cm Columbus $1200  Pick up anytime in  Rockland county NY 10956￼  by Serious request for purchase in williamsburg brkln on Weekends only - have individual photos. MORE a bikes NOT all listed", other/unknown, road, other/unknown, like new, none, all sizes, drop, trek giant Bianchi vitus, none (rigid), 700C,,,
27297,250.0,newyork,https://newyork.craigslist.org/brk/bik/d/brooklyn-road-hybrid-bikes-for-sale/7468894034.html,2022-04-14 00:22,Road hybrid bikes for sale SATURDAY 4/16 SUNDAY 4/17 tuned ready to ride,,10,"Bike Sale this weekend * Actual bikes for sale plus some more added  See list below ! SATURDAY, April 16         9am to 3pm   SUNDAY,  April  17        10am to 4pm   all bikes are tuned and ready to ride / all sizes women’s men’s road hybrid mountain bikes.  ** see list of bikes below  **   **Williamsburg Brooklyn**  Address for GPS : 400 Driggs ave have  Brooklyn, NY 11211  (100 ft from corner of N 12 st/Driggs ave ) across from McCarren. Across from Dog Run park  More info please text or call :  917-306-6 thousand   - Price range $250-$450 plus  few exceptions$$$ cash preferred   ROAD BIKES :  more bikes added ! puegeot yellow mixtie 54cm  Raleigh Technium 400 50cm  Panasonic DX2000 62cm  Panasonic Sport 500 44cm  Schwinn Le tour blue 54cm  Shogun 400 54cm  Schwinn Varsity Chrome 56vm  Soma 60cm  Saint Tropes La Riviera 56cm  Raleigh Grand prix Upright 54cm  Fuji Absolute 64cm   HYBRIDS  Specialized Crossroads 15” Sm Giant Cypress M 17”  Trek Multitrack 700 Sm 15” Trek Multitrack Stepthroug 17 S/M  Mongoose Stepthrough 17” M  Ross Pocono 18”  Roma Verso 3spd Fende rack 18” Specialized Crossroads 22” XL  Trek 3500 Large 21” Fuji supreme 21” L   Please note: some bikes are new or like new Most are Used, Vintage bicycles , all in great condition, professionally tuned / refurbished by a Bike mechanic and ready to ride!  you can test ride the bikes right on the spot and make your own decision. thank you", other/unknown, road, other/unknown, excellent, none, all sizes, other/unknown, raleigh trek schwinn giant, other/unknown, other/unknown,,,
27298,300.0,newyork,https://newyork.craigslist.org/mnh/bik/d/new-york-vintage-vista-road-bikes/7471040862.html,2022-04-13 22:39,Vintage Vista road bikes,,2,"Rides well New rear cassette Shifts and brakes well  All alloy components 700c wheels Lightweight steel frame Ready to ride  Also available...same bike with 27"" alloy wheels and bullhorn bars Instead of drop type. Same price.", steel, road,,,, 58cm,,,, 700C,,,
27299,100.0,newyork,https://newyork.craigslist.org/que/spo/d/rockaway-park-car-bike-rack-for-bikes/7466422353.html,2022-04-13 18:24,Car bike rack for 4 bikes (bicycles) (for sedan),,3,Model is allen sports 104db   https://www.amazon.com/Allen-Sports-Premier-4-Bike-Trunk/dp/B00C45HSGI,,,,,,,,,,,,,
27300,75.0,newyork,https://newyork.craigslist.org/brk/mpo/d/astoria-motorcycle-towing-only-for/7470890883.html,2022-04-13 15:52,motorcycle towing only for bikes + scooters,,2,"prices vary  give details of the tow to get a price fee amount thanks $40-$200 price told after you give info model locations  3 4 7 4 9 5 5 1 4 1<  Astoria Astoria Heights Ditmars Steinway Little Egypt Jackson Heights Long Island City Blissville Hunters Point Dutch Kills Queensbridge (housing development) Queensview (housing development) Queens West Ravenswood (housing development) Sunnyside Sunnyside Gardens Northeastern Queens Bayside Bay Terrace Bayside Hills Fort Totten Oakland Gardens Bellerose College Point Douglaston–Little Neck Douglaston Douglas Bay Douglas Manor Douglaston Hill Douglaston Park Winchester Estates Little Neck Pines Little Neck Hills Westmoreland Flushing Auburndale Broadway-Flushing Bowne Park Chinatown Downtown Flushing Kew Gardens Hills Koreatown Linden Hill Murray Hill Willets Point Pomonok Electchester Queensboro Hill Floral Park Fresh Meadows Hillcrest Utopia Glen Oaks North Shore Towers (housing development) Whitestone Beechhurst Clearview Malba Central Queens Corona LeFrak City (housing development) North Corona East Elmhurst Elmhurst Forest Hills Forest Hills Gardens Fresh Pond Glendale Jackson Heights Kew Gardens Briarwood Maspeth Middle Village Rego Park Ridgewood Wyckoff Heights Woodside Southeastern Queens Bellaire Brookville Cambria Heights Hollis Hills Hollis Holliswood Jamaica Jamaica Estates Jamaica Hills Laurelton Meadowmere Queens Village Rochdale Village (Cooperative Housing Development) Rosedale Saint Albans South Jamaica Springfield Gardens Warnerville Southwestern Queens The Hole Howard Beach Hamilton Beach Howard Park Lindenwood (housing development) Old Howard Beach Ramblersville Rockwood Park Ozone Park South Ozone Park Tudor Village Richmond Hill Woodhaven The Rockaways Main article: Rockaway, Queens Arverne Bayswater Belle Harbor Breezy Point Broad Channel Edgemere Far Rockaway Hammels Neponsit   Addisleigh ParkArverneAstoriaAuburndaleBaysideBayswaterBeechhurstBelle HarborBelleroseBoulevard GardensBreezy PointBriarwoodBroad ChannelBroadway–FlushingCambria HeightsChinatownCollege PointCoronaDouglaston–Little NeckEast ElmhurstEdgemereElmhurstFar RockawayFloral ParkFlushingForest HillsFresh MeadowsFresh PondGlendaleGlen OaksHammelsHollisHoward BeachHunter's Point SouthJackson HeightsJamaicaJamaica EstatesJamaica HillsKew GardensKew Gardens HillsKoreatownLaureltonLeFrak CityLocust ManorLong Island CityMaspethMiddle VillageNeponsitNorth Shore TowersOzone ParkPomonokQueensboro HillQueensbridgeQueens VillageQueens WestRego ParkRichmond HillRidgewoodRochdale VillageRockawayRockaway BeachRockaway ParkRosedaleRoxburySt. AlbansSeasideSouth JamaicaSouth Ozone ParkSpringfield GardensSun nysideThe HoleWhitestoneWillets PointWoodhavenWoodsideWyckoff Heights Rockaway Beach Rockaway Park Roxbury Seaside   Barren IslandBath BeachBay RidgeBedford–StuyvesantBensonhurstBergen BeachBeverley SquareBoCoCaBoerum HillBorough ParkBridge PlazaBrighton BeachBrooklyn HeightsBrownsvilleBushwickCanarsieCarroll GardensChinatownClinton HillCobble HillColumbia Street Waterfront DistrictConey IslandCrown HeightsDitmas ParkDowntownDumboDyker HeightsEast FlatbushEast New YorkEast WilliamsburgFarragut HousesFiske TerraceFlatbushFlatlandsFort GreeneFulton FerryGerritsen BeachGowanusGravesendGreenpointGreenwood HeightsHomecrestKensingtonManhattan BeachMapletonMarine ParkMidwoodMill BasinNavy YardNew UtrechtOcean HillOcean ParkwayPacific Park/Atlantic YardsPark SlopePlumb BeachProspect HeightsProspect Lefferts GardensProspect Park SouthRed HookRemsen VillageSea GateSheepshead BaySpring CreekSouth BrooklynSouth SlopeStarrett CitySunset ParkThe HoleVinegar HillWallaboutWeeksvilleWest MidwoodWhite SandsWilliamsburgWindsor TerraceWingate/PigtownWyckoff Heights     below 14th St (CB 1, 2, 3)	 Alphabet CityBattery Park CityBoweryChinatownCivic CenterCooperative VillageEast VillageEssex CrossingFinancial DistrictGreenwich VillageHudson SquareLittle FuzhouLittle GermanyLittle ItalyLower East SideMeatpacking DistrictNoHoNolitaSoHoSouth Street SeaportSouth VillageTribecaTwo BridgesWest VillageWorld Trade Center Times Square Hudson Heights East Village Midtown (CB 5)	 Columbus CircleDiamond DistrictFlatiron DistrictGarment DistrictHerald SquareKoreatownMadison SquareNoMadSilicon AlleyTheater DistrictTimes Square West Side (CB 4, 7)	 ChelseaHell's KitchenHudson Yards developmentLincoln SquareLittle SpainManhattan ValleyPenn SouthPomander WalkRiverside SouthTenderloinUpper West Side East Side (CB 6, 8)	 Carnegie HillGramercy ParkKips BayLenox HillMurray HillPeter Cooper VillageRose HillStuyvesant SquareStuyvesant TownSutton PlaceTudor CityTurtle BayUnion SquareUpper East SideWaterside PlazaYorkville Upper Manhattan above 110th St (CB 9, 10, 11, 12)	 Astor RowEast HarlemHamilton HeightsHarlemHudson HeightsInwoodLe Petit SenegalManhattanvilleMarble Hill (Bx CB 8)Marcus Garvey ParkMorningside HeightsSugar HillSylvanWashington Heights Islands	 Ellis Island (CB 1)Governors Island (CB 1)Liberty Island (CB 1)Randalls Island (CB 11)Roosevelt Island (CB 8)Wards Island (CB 11) Former	 Five Points (CB 3)Gashouse District (CB 6)Jones's Wood (CB 8)Little Syria (CB 1)Manhattantown (CB 7)Radio Row (CB 1)San Juan Hill (CB 7)Seneca Village",,,,,,,,,,,,,
27301,60.0,newyork,https://newyork.craigslist.org/brk/bik/d/brooklyn-nice-hitch-mount-bicycle-rack/7469711138.html,2022-04-13 13:19,Nice hitch mount bicycle rack. 3 bikes,,3,Great hitched to carry bikes around  For 3 bikes Everything is there..nothing missing. Works great, steel, mountain,,,, Medium,,,, 24 in,,,
27302,127.0,newyork,https://newyork.craigslist.org/mnh/bop/d/new-york-saris-bones-car-trunk-bike/7470726594.html,2022-04-13 10:45,Saris Bones Car Trunk Bike Rack for 2-4 bikes - MUST GO, other,4,"Saris Bones Car Bike Rack, Trunk Carrier, Mount 2-4 Bicycles  Used only once. Mint condition.  Originally $200. Asking $127.  Compatible with most vehicles, fits over most spoilers Separates bikes on different levels Injection-molded arms and legs are the strongest on the market Spring buckle straps with vinyl-coated hook, ratcheting anti-sway straps for a secure hold, and articulated rubber feet to protect paint Built with 100% recyclable materials  30 x 8 x 30 inches Black  Pick up at 2700 Broadway - the Columbia University building with lobby entrance on 103 between Broadway and Amsterdam",,,, like new,,,, Saris,,, Bones, 30 x 8 x 30 inches,
27303,190.0,newyork,https://newyork.craigslist.org/brk/bik/d/brooklyn-se-bikes-fixie-bicycle-free/7458315598.html,2022-04-13 09:42,SE bikes fixie bicycle free wheel single speed fixed bike $190,,0,Pick up in Brooklyn 11229 show contact info  No emails    SE bikes fixie bicycle free wheel single speed fixed bike $190, other/unknown, track,,,, 54,,,, other/unknown,,,
27304,50.0,newyork,https://newyork.craigslist.org/que/bik/d/howard-beach-mountain-bike-and-vintage/7463497583.html,2022-04-13 08:39,mountain bike and vintage bikes,,0,,,,,,,,,,,,,,
27305,200.0,newyork,https://newyork.craigslist.org/que/bab/d/far-rockaway-two-trek-kids-bikes-16/7458551545.html,2022-04-12 19:12,"TWO TREK Kids bikes - 16""",,0,"TWO new Trek kids bikes for sale.  16"" wheels.  Training wheels available if needed. Originally bought for $220 each for my twin boys.  Barely used as they preferred to play soccer.   Can sell both for $200.   Colors:  red and orange.  Pick up from Rockaway Beach, NY 11693.",,,, like new,,,, TREK,,, Matte Trek Black/Blazin' Orange," 16""",
27306,500.0,newyork,https://newyork.craigslist.org/mnh/bop/d/new-york-saris-stretch-rack-10-bikes/7465611841.html,2022-04-12 10:53,Saris Stretch Rack (10 bikes)," racks, fenders, bags",5,"The stretch rack provides the most dense bike parking solution. The two tier design minimizes footprint, and the space saving vertical stagger further maximizes bike density.   Available in locking and non-locking options, the stretch rack is a versatile, modular indoor solution for long term parking needs and will accommodate up to a 2.35” tire.  Product Details  Modular construction allows for easy expansion, side by side or back to back Staggered bike position saves space and eases clearance between bikes Can be combined with vertical racks for full bike room layout Does not require anchoring (to wall or floor) 8 ft ceiling clearance required   Spacing Units can be combined in a row Can be freestanding or mounted into wall",,,, new,,,, Saris,,, Stretch Rack, 72x63,
27307,30.0,newyork,https://newyork.craigslist.org/brk/bop/d/brooklyn-weinmann-165-bicycle-wheel-rim/7470100117.html,2022-04-11 19:23,"WEINMANN 16.5"" Bicycle Wheel Rim Quick Release Hub for Folding Bikes",,4,"Front Wheel, 16.5"" Bicycle Wheel Rim with Quick Release Hub, Never Used, BRAND NEW, has rubber liner for sprocket protection.  Use on a kids bike or on an adult folding bicycle. Wheel with tire is probably a 20"" wheel.  WEINMANN M 519 Aluminum Alloy, 20"" X 1.5, 1.95 ETRTO, 406 X 19  You pick up!",,,,,,,,,,,,,
27308,30.0,newyork,https://newyork.craigslist.org/lgi/bik/d/mineola-kids-bikes-ages-to-10/7458918086.html,2022-04-11 19:17,Kid's Bikes ages 4 to 10,,8,2 kids bikes. Good condition., other/unknown, kids,,,, 20 inches,,,, 16 in,,,
27309,1199.0,newyork,https://newyork.craigslist.org/brk/sgd/d/brooklyn-electric-bike-fully-electric/7469975937.html,2022-04-11 15:00,ELECTRIC BIKE FULLY ELECTRIC / PEDAL ASSIST ELECTRIC BIKES,,21,"We are a paddleboard shop but some electric bikes for sale  they are great for the beach or just cruising around  Brand new in the box  Has great front shocks and off-road tires  Comes with a strong led light  Super soft seat  Has 3 modes for speed  we clocked it at 25MPH  it has pedal-assist or fully electric with the throttle or you can pedal like a regular bike  it comes with a battery and charger  big wheel bikes for 1200  FIRM PRICE  PRICED TO SELL  THESE BIKES GO FOR OVER $2,000 EACH  FIRST COME FIRST SERVE",,,, new,,,,,,,,,
27310,3000.0,newyork,https://newyork.craigslist.org/jsy/bik/d/new-york-delivery-bikes/7469956847.html,2022-04-11 14:30,**DELIVERY BIKES**,,0,"Coaster Cycles - Bike Manufacturer in Montana has 26 delivery bikes available for purchase in New Jersey.    This is a great opportunity for a delivery company to purchase a Fleet of Bikes at a discounted price and to sell advertising space on the bike.   The bikes were part of a pilot program, have low miles and in varying conditions. They are all pedal bikes with 26"" inch tires and a drop down tailgate.    Bikes retail for $4K  10 or more bikes - $3K each 26 bikes - $2750 each  Only bulk orders available.  Reach out if they are of interest.", aluminum, cargo/pedicab,,,, 36 inches wide,, Coaster,, 26 in, 350 Venture,,
27311,325.0,newyork,https://newyork.craigslist.org/mnh/bop/d/new-york-shimano-105-r7000-rim-brake/7469918047.html,2022-04-11 13:24,Shimano 105 R7000 rim brake shifter and caliper set for road bikes, brakes,6,"Shimano 105 BR-R7000 rim brake shifter and caliper set for road bikes. My rim brake bike needed to be replaced, and Big Bike Industry took that opportunity to force me into a life of disc brakes. My loss is your gain, pick up this vastly-superior-to-disc-brakes technology today!  * Includes BOTH 105 BR-R7000 shifters and center-mount rim brake calipers. * Condition of brake calipers is quite good, no visible defects except for expected brake dust and one very small scuff on the top of one of them. * Condition of shifters is good, with cosmetic scratches on the outer of both sides and a ~1.5cm break in the housing on the right side. * Ready to install, works wonderfully, compatible with a wide range of road bikes. * Includes Shimano brake pads with quite a bit of life left in them. * Professionally removed from my previous bike.",,,, good,,,, Shimano,,, BR-R7000,,
27312,1200.0,newyork,https://newyork.craigslist.org/wch/bik/d/north-salem-bikes-sale/7459724827.html,2022-04-11 13:12,E Bikes Sale,,4,2 Metakoo cyber track 100’s 1 used 1 new in box, aluminum, other, disc (mechanical), new, throttle, 26”,, Metakoo, suspension fork (hardtail), 26 in, Trak100,,
27313,100.0,newyork,https://newyork.craigslist.org/mnh/bab/d/new-york-young-girls-bikes-helmet/7469581793.html,2022-04-10 16:39,2 young girls bikes & helmet,,0,2 young girls bikes with helmets for $100. Must pick up.,,,, fair,,,,,,,,,
27314,350.0,newyork,https://newyork.craigslist.org/brk/bik/d/brooklyn-nyc-bikes-custom-hybrid-bike/7469551158.html,2022-04-10 15:29,NYC Bikes Custom Hybrid Bike,,6,"NYC Bikes Custom Hybrid Bike -- $350 or Best Offer  21"" Men's Custom hybrid bike built by the team at NYC Bikes in Brooklyn. Powder coated aluminum frame is super light and has a cool industrial look. Great commuter bike that's sturdy and suitable for a wide range of riding conditions and applications. Stable, comfortable, and easy to handle. Rear mounted rack is ideal for hauling groceries and supplies from point A to B. Frame and components have a few minor scratches and wear consistent with light use. Bike retails new for $599.  Please call us to set up a time to see this bike in person or to take it for a test ride. We do not regularly check inquiries made by email.   All our bikes are cleaned and tuned before being put up for sale. Please visit www.parkslopecycle.com for more info and to see our full inventory of used bicycles.  Cash only. Willing to deliver in Manhattan, the Bronx, Queens, and Brooklyn for a $30 fee. Will deliver to Staten Island for $47 to cover the toll fee.      --------------------  Park Slope Cycles www.parkslopecycle.com", aluminum, hybrid/comfort, caliper, good, none, 21 Inches, flat, NYC Bikes, none (rigid), 27 in, The Ultimate New York Bike,,
27315,75.0,newyork,https://newyork.craigslist.org/brk/bik/d/brooklyn-used-bikes/7469549080.html,2022-04-10 15:25,Used bikes,,4,"Have a hand full of complete bikes and trying to clear some space. All of them need tune ups. Asking $85 each. Most need new breaks, inner-tubes and maybe tires.", steel, cruiser,,,, Varies,,,, 18 in,,,
27316,100.0,newyork,https://newyork.craigslist.org/que/bik/d/hicksville-all-bikes-100-and-up/7469393685.html,2022-04-10 09:16,All bikes $100 and up!,,0,"All bikes in pic are $100 and up  If post is up, bikes still avaliable.", aluminum, mountain,,,, All,,,, 20 in,,,
27317,850.0,newyork,https://newyork.craigslist.org/stn/bik/d/staten-island-se-bikes-city-grounds-big/7469276376.html,2022-04-09 19:34,Se Bikes. City Grounds Big Flyer.,,10,Se Bikes City Grounds Big Flyer. This is a limited edition bike. It has a new reflective Limited Edition ride out supply seat. New Seat Clamp (ride out supply). New brakes. New pegs. New tires. There’s at least $200+ work done to the bike. Bike is like new and rides perfect. If you need more info message me or text  show contact info  or  show contact info . Thank you!, aluminum, bmx, caliper, like new, none, 29 Inches, bmx, Se Bikes, none (rigid), 29 in, City Grounds Big Flyer,,
27318,90.0,newyork,https://newyork.craigslist.org/que/bik/d/queens-village-good-working-condition/7457001500.html,2022-04-09 09:40,good working condition bikes,,4,text 528 3235  big bike 120 medium bike 90, aluminum, road,,,, Large and Medium,,,, 26 in,,,
27319,150.0,newyork,https://newyork.craigslist.org/brk/bik/d/brooklyn-bikes-saturday-and-sunday-11/7457724775.html,2022-04-09 05:39,Bikes Saturday and Sunday 11-4 !!!,,14,"SwayBikes is back!!! Saturday and Sunday 11-4 on Flatbush Ave next to The Botanical Gardens!!! I’ll have some Road bikes for 150$ please reach out during the week and place your order. Please text me the following!!!  How tall are you ?  Male or Female bike ? Straight bars or drop bars ?  If you know your frame size please let me know!  Also send me your budget !!!   The 150$ range won’t be high end but will do the job. The rest of the bike will be over 200+  If your looking for something specific, please let me know I’ll see what I have in inventory and I’ll bring it. I have higher end bikes but they will be priced accordingly!!!   Please follow me on My IG @Swaybikes, you can see some of the bikes available.   Peugeot, Schwinn, Motobecane, Fuji, Cannondale, Specialize. Zebra, K2 , Gary Fisher, Bianchi, Felt and the list continues.", other/unknown, other,,,, All,,,, other/unknown,,,
27320,1300.0,newyork,https://newyork.craigslist.org/mnh/bik/d/new-york-sold-radmini-rad-power-mini/7457033502.html,2022-04-09 01:38,SOLD - 2021 RadMini Rad power Mini step thru 2 Excellent Condition,,3,The Award Winning 2021 RadMini Rad power Mini step thru 2 Folding bike Excellent Condition  Under 300 miles!  Gorgeous  Best Folding electric bike for the money!     Tags: juiced ariel rider rad power radpower super73 sondors arrow wing vanmoof trek giant specialized radcity radmission arrow, aluminum, folding,,,, ALL,, Rad Power Bikes,, 20 in, Radmini Step Thru 2,,
27321,250.0,newyork,https://newyork.craigslist.org/brk/bik/d/brooklyn-bikes-for-sale-sunday-10-road/7457458367.html,2022-04-08 21:52,Bikes For Sale Sunday 4/10 road bike hybrid commuter bicycles Men w,,23,"Bike Sale *   SUNDAY APRIL 10 10am to 3:30pm   1970’s Vintage bicycles   English Raleigh , Schwinn dunelt robbin hood & others adult Bikes $50 each Ross Schwinn other brands when u purchase  5 or more   Raleigh bikes $50 each 5 or more  sold as is   Mostly 3 speeds  Some / 5 speeds / 10speeds   **Individual bike is $60-$80 up to $100 each** when purchase 4 or less   sold as is   We have about 30-35 english bikes various brands   They all need repair/ restoration  Some are tires & tune up  Some are more work.  Some can be used as parts bikes   Pick up Only in rockland county NY   NOT In NYC. u have to have a car to pick up a bike.  1 hour drive from Manhattan. 30 min from Bronx   SUNDAY APRIL 10 10am to 3:30pm   all bikes are tuned by bike mechanic refurbished and ready to ride / all sizes women’s men’s road hybrid mountain bikes.    **  bike selection varies - all sizes styles in stock   **Williamsburg Brooklyn**  Address for GPS : 400 Driggs ave have  Brooklyn, NY 11211  (100 ft from corner of N 12 st/Driggs ave ) across from McCarren. Across from Dog Run park  More info please text or call :  917-306-6 thousand   - Price range $250-$450 plus  few exceptions$$$     Please note: some bikes are new or like new Most are Used, Vintage, Modern bicycles , all in great condition, professionally tuned / refurbished by a Bike mechanic and ready to ride!  you can test ride the bikes right on the spot and make your own decision. thank you", other/unknown, road, other/unknown, excellent, none, all sizes, other/unknown, trek fuji giant raleigh, other/unknown, other/unknown,,,
27322,650.0,newyork,https://newyork.craigslist.org/brk/bik/d/brooklyn-radmini/7468884314.html,2022-04-08 21:20,RADMINI 4,,0,"I'm selling my RADMINI 4 folding bike since I haven't gotten much use from it over the last few months. It's definitely taken a few dings here and there (biking in NYC in a nutshell, right?), but it's a resilient electric bike that's been a joy to use.   It's also got a handlebar mirror and phone holder that I bought for it when I first got the bike.   If you want to know more about the bike itself, definitely check out this review of it: https://electrek.co/2021/02/02/radmini-e-bike-review-why-you-need-this-folding-fat-tire-electric-bike-in-your-life/", aluminum, folding, disc (hydraulic), good, throttle, 16 in (40.64 cm), riser, RAD POWER BIKES, suspension fork (hardtail), 20 in, RadMini4,,
27323,35.0,newyork,https://newyork.craigslist.org/brx/bop/d/bronx-folding-bike-rack-for-bikes/7457138208.html,2022-04-08 20:19,Folding bike rack for 2 bikes,,8,New folding rack,,,,,,,,,,,,,
27324,60.0,newyork,https://newyork.craigslist.org/brx/bop/d/bronx-bicycle-stand-for-bikes/7457130653.html,2022-04-08 20:19,Bicycle stand for 2 bikes,,10,New for 2 bikes,,,,,,,,,,,,,
27325,250.0,newyork,https://newyork.craigslist.org/brk/bik/d/brooklyn-bikes-for-sale-sunday-10-road/7467574863.html,2022-04-08 08:53,bikes for sale Sunday 4/10 road hybrid commuter Trek Giamt schwinn Ralei,,20,"Bike Sale * bikes for sale -20 each day - tuned ready to ride   Sunday, april 10        10am to 4pm   all bikes are tuned and ready to ride / all sizes women’s men’s road hybrid mountain bikes.   **Williamsburg Brooklyn**  Address for GPS : 400 Driggs ave have  Brooklyn, NY 11211  (100 ft from corner of N 12 st/Driggs ave ) across from McCarren. Across from Dog Run park  More info please text or call :  917-306-6 thousand   - Price range $250-$450 plus  few exceptions$$$ cash preferred  ROAD BIKES :  more bikes added ! Schwinn pink stepthrough 44cm  Schwinn Le tour blue 54cm  Univega Maxima sport 58cm  Schwinn Temp Gold 64cm  Raleigh Grand prix Upright 56cm Raleigh Grand Prix 64cm  Raleigh marathon 60cm  single speed 52cm   HYBRIDS  Specialized Crossroads 15” Sm Raleigh C40 20” M / L  Trek Multitrack Stepthroug 17 S/M  Mongoose Stepthrough 17” M  Schwinn 18”/19” M / L  Ross Pocono 18”  Roma Verso 3spd Fenders rack 18” Motiv Smoothie Alum 18” Specialized Crossroads 22” XL  Diamondback Wildwood 23” XL   Please note: some bikes are new or like new Most are Used, Vintage bicycles , all in great condition, professionally tuned / refurbished by a Bike mechanic and ready to ride!  you can test ride the bikes right on the spot and make your own decision. thank you", other/unknown, road, other/unknown, excellent, none, all, other/unknown, jamis trek giant schwinn, other/unknown, other/unknown,,,
27326,250.0,newyork,https://newyork.craigslist.org/brx/bik/d/new-york-bicycles-for-sale-this-weekend/7465386039.html,2022-04-08 08:53,Bicycles for Sale This Weekend All size Road Bikes Hybrid MTB commuter bicycles,,8,"Bike Sale * all sizes and styles  20 bikes each day   Saturday, April 9  9am  to 3pm   Sunday, April 10 10am to 4pm   all bikes are tuned and ready to ride / all sizes women’s men’s road hybrid mountain bikes.   **Williamsburg Brooklyn**  Address for GPS : 400 Driggs ave have  Brooklyn, NY 11211  (100 ft from corner of N 12 st/Driggs ave ) across from McCarren. Across from Dog Run park  More info please text or call :  917-306-6 thousand   - Price range $250-$450 plus  few exceptions$$$ cash preferred   ROAD BIKES :  more bikes added ! Schwinn pink stepthrough 44cm  Schwinn Le tour blue 54cm  Univega Maxima sport 58cm  Schwinn Temp Gold 64cm  Raleigh Grand prix Upright 56cm Raleigh Grand Prix 64cm  Raleigh marathon 60cm  single speed 52cm   HYBRIDS  Specialized Crossroads 15” Sm Raleigh C40 20” M / L  Trek Multitrack Stepthroug 17 S/M  Mongoose Stepthrough 17” M  Schwinn 18”/19” M / L  Ross Pocono 18”  Roma Verso 3spd Fenders rack 18” Motiv Smoothie Alum 18” Specialized Crossroads 22” XL  Diamondback Wildwood 23” XL   Please note: some bikes are new or like new Most are Used, Vintage bicycles , all in great condition, professionally tuned / refurbished by a Bike mechanic and ready to ride!  you can test ride the bikes right on the spot and make your own decision. thank you", other/unknown, road, other/unknown, like new, none, all sizes, other/unknown, trek fuji panasonic, other/unknown, other/unknown,,,
27327,200.0,newyork,https://newyork.craigslist.org/brk/bab/d/brooklyn-three-ready-to-ride-kids-bikes/7468283681.html,2022-04-07 15:30,Three Ready-to-Ride Kids Bikes,,3,Perfect for spring. Two of them are specialized 16 in and one is 20 in All 3 for 200!,,,, good,,,,,,,,,
27328,2295.0,newyork,https://newyork.craigslist.org/lgi/sgd/d/electric-the-mid-drive-ebike-that/7468158859.html,2022-04-07 11:38,ELECTRIC! The Mid-drive eBike that Shreds! CyberBike eMountain Bikes!,,15,"Introducing the New 2022 Cyberbike Electric Mountain Bikes   Riders agree: Nothing comes close to Cyberbike's combination of performance, value, style, and quality.  See the Cyberbike Mullet Pro in action HERE! (and here, by popular demand, is last year's intro featuring Division 1 Collegiate Mountain Racer Corey Jackson on the first edition Cyberbike) Order online for fast delivery at www.Cyberbike.com All 2022 Cyberbikes are in stock and ready to shred, Order yours before they're sold out!  More mid-drive power than ever Awesome new color graphic display Easier to ride, lower standover frame, the lowest of any mid-drive eMTB New, structurally superior, mountain ready rear suspension linkage The best brakes in the business, even Quad-piston brakes on some models! Massive brake rotors up to 220mm 34mm gold tube forks on some models up to 140mm travel Wider range of models  A proper e-Mountain bike needs to be mid-drive and have full suspension, it's as simple as that. Until now, if you wanted an electric mountain bike to tackle rugged trails, your choices have been heavy, low-quality, fat tire, hub-motor beach bikes, or legacy brands charging $4000 or more for low-power eBikes without full suspension.   Whether your knees are tired or you just want to shred, there is simply no better choice for performance and value than Cyberbike. An American company with great customer support: Cyberbike, USA. The mountains are calling. Will you answer?  Cyberbike eBikes come all with the quietest and most powerful motor in its class, with a long range (65 miles and more) battery, and powerful e-spec hydraulic disk brakes that will be there when you need them. A lightweight package with 500 watts of power, top-of-the-line battery range, and quality components, all for the price of an inexpensive yet stellar bike! You'll get so much more than other eBikes with the CyberBike, it's the real e-MTB experience for the adventurous rider. Performance, specs, and quality components throughout, and the best warranty in the industry, from an American company with experienced American mechanics on call for all your tech support needs.  54 volt/500 watt climbing power with 13Amp hour Li-Ion battery and only 52 lbs means you'll get power and tons of battery range. Now with available throttle! Now from only $2495 Note: Owning and riding comes with risks. Wear proper protection, properly maintain and check your bike, and ride within your limits. By purchasing our products you agree to take full responsibility for the ownership of your bike, including the above and all other reasonable precautions for yourself or anyone you allow to ride your bike.",,,, new,,,, Cyberbike,,,,,
27329,400.0,newyork,https://newyork.craigslist.org/que/bik/d/valley-stream-mountain-bikes/7467974018.html,2022-04-06 20:32,Mountain Bikes,,4,Used but good name brands, aluminum, mountain,, good,, 19,, James,, 24 in,,,
27330,29.0,newyork,https://newyork.craigslist.org/que/bop/d/middle-village-car-roof-rack-bike/7467644197.html,2022-04-06 09:01,Car Roof Rack Bike Carrier - 2 bikes, other,2,SportRack SR4882RP Factory Rack Roof Bike Carrier for sale.  Includes manual and all accessories.   Pickup in 11379,,,, good,,,, SportRack,,, Rack Roof Bike Carrier SR4882RP,,
27331,1.0,newyork,https://newyork.craigslist.org/brk/bik/d/brooklyn-springtime-for-bikes/7454665169.html,2022-04-05 04:12,SPRINGTIME FOR BIKES,,8,Spring is right around the corner. Why not hit the road on your very own tuned up bicycle.  JAMIS Streetbike (28”) Wheels-$245 NORTHROCK Specialty bike-$245 Honda Racer Mountain/Street bike-$150 BIG WHITE 10 Speed BiKE-$140, other/unknown, other,,,, Medium,,,, other/unknown,,,
27332,1000.0,newyork,https://newyork.craigslist.org/mnh/bik/d/new-york-letric-step-through-20/7466745350.html,2022-04-04 08:18,Letric Step Through 2.0,,3,"Brand new I promise never used due to the winter time & it being so cold! Bought it back in October to work doing delivery’s but ended up getting a warehouse good paying job! Now I find myself in April without using it and spending $1,465 for the complete comfort package set!   Comes with a more comforting seat change & 2 metal baskets one small one large for deliveries! The only warning is that the bike itself is a bit heavy I’m sure a strong man should manage. 64lbs", other/unknown, folding, disc (mechanical), new,,,,,,,,,
27333,800.0,newyork,https://newyork.craigslist.org/fct/bik/d/bridgeport-11-bicycles-trail-bikes/7453972232.html,2022-04-03 12:22,11 bicycles 2 trail a bikes Schwinn Tiger Trek matched pairs,,11,"Collection of 11 bicycles and 2 trail a bikes. Includes a 1960’s Schwinn Tiger,  a mens and womens pair of Huffy Sea Pines, a mens and women’s pair of Spalding Blade, Trek 1000, Trek Antelope, specialized Rock Hopper, Pacific Timbertrail, Giant Outpost, Nishiki Bravo, 2 Trail-a-bikes", other/unknown, other, other/unknown, fair, none, various, other/unknown, various, other/unknown, other/unknown, various,, various
27334,1750.0,newyork,https://newyork.craigslist.org/que/bik/d/ridgewood-electric-bikes/7454311569.html,2022-04-03 10:54,3 electric bikes,,8,3 bikes 1 needs battery blue and black. 2 need work goad for parts or can be fixed., carbon fiber, other, other/unknown, good, throttle, Regular size, other/unknown, I don't know, other/unknown, 16 in, Ninja,, Ninja 2021
27335,1895.0,newyork,https://newyork.craigslist.org/mnh/spo/d/woodstock-schwinn-spin-bikes-ac-power/7466173988.html,2022-04-02 15:37,Schwinn Spin Bikes - AC Power (TOP OF LINE!) Cardio Home Fitness GYM -,,12,"If you're looking at this listing, you know this bike -- there's no 'selling' on it. It's top-of-the-line Schwinn.  It is FULLY UPGRADED (you can't anything more to make it fully-loaded!): - Morse Taper Triple Link Pedals - Echelon2G console (latest version) + Crank Power Mater (4iiii) - Weight Bars + Rack (4lb and 6lb)  ** And yes, it has the generator (and, the red light that comes on below it when riding).  Excellent condition; perfect functionality; cosmetic is 9 out of 10.  Cash deal / NO TAX!!!!!  There is an entire fleet of 30+ available. Whether it's one bike... 5, 10, 15, 20+ -- whatever it is, I'm sure I can accommodate. And, I GUARANTEE --- YOU WILL NOT FIND THIS BIKE (W/ ALL THE UPGRADES AND THE QUALITY OF IT) ANYWHERE ELSE FOR THIS PRICE ON THE PLANET! No way! I've actually looked all over the US to see what else is out there. NOPE!!! :)   ** IMPORTANT INFORMATION ** The Bikes are located on the West Coast (L.A.). Bikes will need to be shipped out this way. THERE ARE CARRIERS THAT I HAVE RELATIONSHIPS WITH THAT ARE MORE THAN 60-70% LESS THAN COMMERCIAL LTL CARRIERS!!!  ***** Sidenote -- IF you're interested in other bikes, I also have fleets of: - Schwinn AC Performance w/ Carbon Blue (white bikes) - 30+ (50 MORE IN MID-MAY) - Precor Rally (chain drive) (up to 90) - Star Trac Blade ION w/ console (chain drive) - (20)",,,, excellent,,,, Schwinn Spin Bikes,,, AC Power,,
27336,13.0,newyork,https://newyork.craigslist.org/lgi/bik/d/great-neck-several-used-bikes/7454178293.html,2022-04-02 08:06,several used bikes,,0,Many bikes at reasonable prices.  Will only contact respondents who provide a contact phone #., other/unknown, cruiser,,,, large,,,, 25 in,,,
27337,300.0,newyork,https://newyork.craigslist.org/mnh/bik/d/new-york-ecocross-hybrid-bamboo-bike/7465848973.html,2022-04-01 19:08,EcoCross Hybrid Bamboo Bike Frameset,,11,"We have one in each size, 16"", 18"", and 20"". This is a brand new bike frameset still in the manufacturer's original, unopened box. Fork is included!  The Greenstar Bikes EcoCross Hybrid Bamboo Frame is a multi-purpose frame that can be used for any number of bike builds: mountain bike, hybrid bike, comfort bike, even a road bike. Perfect for streets, trails and off-roading. The bamboo and recycled 6061 aluminum lugged frame delivers an ultra smooth ride by absorbing micro vibrations. This frame weighs only about 5 pounds. See more details and specs at GreenstarBikes.com", composite, hybrid/comfort,, new,," 16"", 18"", or 20""",, Greenstar Bikes,, 700C, EcoCross,,
27338,275.0,newyork,https://newyork.craigslist.org/brk/bik/d/brooklyn-ecocross-hybrid-bamboo-bike/7454246323.html,2022-04-01 17:38,EcoCross Hybrid Bamboo Bike Frameset,,10,"I have one in each size, 16"", 18"", and 20"". This is a brand new bike frameset (frame + fork) still in the manufacturer's original, unopened box. Fork is included!  The Greenstar Bikes EcoCross Hybrid Bamboo Frame is a multi-purpose frame that can be used for any number of bike builds: mountain bike, hybrid bike, comfort bike, even a road bike. Perfect for streets, trails and off-roading. The bamboo and recycled 6061 aluminum lugged frame delivers an ultra smooth ride by absorbing micro vibrations. This frame weighs only about 5 pounds. See more details and specs at GreenstarBikes.com", other/unknown, hybrid/comfort,, new,,,,,,,,,
27339,999.0,newyork,https://newyork.craigslist.org/mnh/bik/d/new-york-new-se-bikes-big-ripper-29-big/7454773630.html,2022-03-31 20:33,"New SE BIKES - Big Ripper 29"" - BIG WOODY - BMX BIKE",,7,"The PK Ripper was the raddest, baddest, and most famous bike during the first BMX boom in the early 80s. Fast forward 40 years to today and now it’s the 29” Big Ripper that’s on top during the Big Bike BMX boom. This Big Ripper frame now comes equipped with an American bottom bracket and an OG seatstay wishbone plate just like the original PK Ripper. The 29” x 2.4” SE Bozack tires are just wide enough to give stability and cushion, but also roll extremely fast. Whether you are an old school BMX rider reliving your youth or a new school SE bike life rider raising it up, the Big Ripper is for you.     Key Features: Retro 6061 aluminum Big Ripper frame with Floval tubing, looptail rear end, American bottom bracket and classic PK Ripper wishbone plate Full Cr-Mo Landing Gear forks Cr-Mo Big Honkin’ cruiser bars Double-wall rims with sealed-bearing and high-flange hubs SE 3-piece V-Ridge cranks with alloy SE sprocket Authentic ODI Mushroom II grips with donuts SE Bozack 29” x 2.4” tires SE Flyer seat with SE bottle opener SE Racing padset (Wood Grain does not include padset) SE Wheelie pegs 32 pounds", aluminum, bmx,, new,, ALL,,,, 29 in,,,
27340,3850.0,newyork,https://newyork.craigslist.org/brk/bik/d/brooklyn-crust-bikes-romanceur-canti/7455595269.html,2022-03-31 15:54,Crust Bikes Romanceur Canti Complete 62cm Pistachio *PRICE REDUCE*,,8,"I ordered this bike back in NOV.2020 with all the delays in parts and what-not, this bike just recently got completed. I have found myself in a different place than I was a year ago and would like to try something different. This bike has been ridden one time.   Heres a complete list of the components:  Crust Bikes Romanceur Canti Frameset 62cm Pistachio  Velo Orange Voyager Rim 32 hole 650B  Schmidt SONdelux Quick Release Rim Brake 32hole {Polished)  White Industries T11 Rear 135 HG 32 Hole Polished  Gettin’ Hungry Stem - Lettuce 90mm  Simworks Beatnick Post 27.2 Silver  Sinewave Cycles Beacon Polished  Brooks B17 Standard Saddle - Steel, Honey, Men's  Crust Bikes Towel Rack Bar Silver 615  Campagnolo Record 1"" Threaded Headset  Paul Component Neo Retro Polished  PAUL Component Touring Canti Polished  Paul Component Moon UNIT Polished  Camp And Go Slow Eastern Rattler Tape  Rene Herse Crank 9-12 SPD 171 42/26  SKF BAS-600 Bottom Bracket 110x68 JIS  Ultradynamico Cava 650x47.99 JFF blk/tan  Dia Compe Gran Compe Drilled Lever Gum/Silver  Dia Compe ENE downtube shifters  Shimano Alivio CS-HG400 Cassette - 9 Speed, 11-34t, Silver, Nickel Plated  CHAIN 9SP WIPPERMANN CONNEX 9SX SS/NP  Shimano Deore RD-M591-SGS Rear Derailleur - 9 Speed, Long Cage, Silver   Please let me know if you have any further questions!", steel, gravel,,,, XL,,,, 27.5 in,,,
27341,250.0,newyork,https://newyork.craigslist.org/mnh/bik/d/new-york-bikes-blue-one-is-100/7452325641.html,2022-03-31 08:58,3 Bikes (blue one is $100.),,3,"1 red mountain bike, 1 black single speed,  blue cruiser.  Robert  show contact info", steel, other,,,, Medium,,, frame and fork (full suspension), 700C,,,
27342,620.0,newyork,https://newyork.craigslist.org/brk/bik/d/brooklyn-collective-bikes-c2/7464945315.html,2022-03-30 16:46,collective Bikes c2,,3,Good condition  Ready for new owner, aluminum, bmx, disc (hydraulic), excellent, none, 27.5+, bmx, collective Bikes, none (rigid), 27.5 in, c2,,
