,Price,Location,URL,Date,Title,condition,make / manufacturer,model name / number,size / dimensions,num image,text,bicycle frame material,bicycle type,frame size,wheel size,brake type,electric assist,handlebar type,suspension,part type,serial number
5690,80.0,denver,https://denver.craigslist.org/bop/d/denver-schwinn-hitch-bike-rack-bikes/7471099258.html,2022-04-18 16:54,SCHWINN HITCH BIKE RACK 4 bikes, excellent, TEXT ME @, 3*O*3*5*8*2*4*4*I*O, 4 BIKES,5,"Extra clean Schwinn hitch bike rack with locking pin, ready to install. Nice one: holds four bikes, fits 1-1/4' hitch, folds forward and arms fold down. Modern rack will look good in any car new or old.   (If you want this rack, just ask for the Schwinn rack)  $8OCASH-TEXT ME @*3*[]*3*5*8*2*4*4*I*O*THANK YOU",,,,,,,,,,
5691,65.0,denver,https://denver.craigslist.org/bik/d/broomfield-bikes-for-sale/7472878202.html,2022-04-18 14:12,2 bikes for sale,, Specialized/ Schwinn,,,0,"I have a 16"" schwinn gremlin Please text if you need more info", other/unknown, kids, Not sure, other/unknown,,,,,,
5692,800.0,denver,https://denver.craigslist.org/bop/d/golden-bikes-and-parts-for-sale/7472872246.html,2022-04-18 14:01,3 Bikes and parts for sale,,,,,0,,,,,,,,,,,
5693,2299.0,denver,https://denver.craigslist.org/bik/d/denver-2022-premium-bikes-for-sale-fast/7466498553.html,2022-04-18 10:29,2022 Premium E-Bikes for Sale! Fast Beach Cruisers | Fat Tires - 30mph, new,,,,24,"All models come with the upgraded 10.5Ah Batteries with 40+ mile usage!  (3zero3) 48zero 54five1  ON A BUDGET?  The SONIC SABER is the most the affordable premium performance electric bike in the industry.  Let‚Äôs start off with our SONIC SS flagship frame and build off of it. For power, we went with the reliable Bafang big daddy 750W hub motor that puts out 1000W peak power.  HOW FAR? Level one pedal assist fourth gear lightly pedaling (13mph) with the stock 8AH battery we‚Äôve clocked 30+ miles. The optional 10.5AH will gain another 8-10 miles. With a 1000W peak power it‚Äôs super efficient cruising yet crack the throttle and have some  fun.   MODEL: SONIC SABER  BODY POSITION: Upright  SUGGESTED USE: Cruising & Terrifying The Streets  ELECTRIC BIKE CLASS: Speed Pedelec (Class 2)  WARRANTY: Lifetime frame warranty, 1 year parts, 16 months *motor  & battery  AVAILABILITY: World Wide  MODEL YEAR: 2022  TOTAL WEIGHT: 58 lbs  BATTERY WEIGHT: 5.1 lbs  MOTOR WEIGHT: 12 lbs  FRAME MATERIAL: 6061 Aluminum Alloy  FRAME SIZES: 19 in (48.26 cm)  GEOMETRY MEASUREMENTS 26‚Ä≥: 19‚Ä≥ Seat Tube, 26‚Ä≥ Reach, 30‚Ä≥ Standover Height, 34.5‚Ä≥ Width, 79‚Ä≥ Length, 35.5‚Ä≥ Minimum Saddle Height. Handlebar height 4‚Ä≤  FRAME FORK DETAILS: Front suspension fork with 5‚Äù of travel.  FRAME REAR DETAILS: 170mm Hub Spacing, 11/32nd Axle with 15mm Nuts  GEARING DETAILS: 7 Speed Shimano derailleur  SHIFTER DETAILS: Shimano Revo grip shift  CRANKS: *Alum ‚Äì 42T Chainring  PEDALS: XL Alum  HEADSET: Integrated  STEM: Alum 180¬∫ Adjustment Range  HANDLEBAR: *Steel, BMX Style, 180mm Rise, 870mm Length, 30¬∫ Back Sweep  BRAKE DETAILS: Mechanical disc, 180mm Front Rotor / rear Rotor, Motor Inhibitors, 2-Finger Levers with Adjustable Reach.  SADDLE: Grand Star Oversize, Quilted, Rubber Bumpers, Reflective Logo on Rear  SEAT POST: Aluminum Alloy  SEAT POST LENGTH: 350 mm  SEAT POST DIAMETER: 27.2 mm  RIMS: Aluminum Alloy, Punchouts, 36 Hole  SPOKES: Stainless Steel, 14 Gauge, Black with Chromed Brass Spoke Nipples  TIRES: MTB 26√ó3‚Ä≥  WHEEL SIZE: 26 in (66.04cm)  TIRE DETAILS: 10 to 30 PSI (0.4- 2.1 BAR)  TUBE DETAILS: Schrader Valve  ACCESSORIES: Integrated front headlight  & rear tail light  MOTOR BRAND: 26‚Ä≥ Bafang 750 / 1000W peak  MOTOR TYPE: Hub motor  MOTOR NOMINAL OUTPUT: Mens 26‚Ä≥750 watts  MOTOR PEAK OUTPUT: 1000 watts under load  MOTOR TORQUE: 750W 80 Newton meters  BATTERY BRAND: Samsung  BATTERY VOLTAGE: 48 volts  BATTERY AMP HOURS: 8ah  BATTERY CHEMISTRY: Lithium-ion  CHARGE TIME: 6.5 hours  ESTIMATED MIN RANGE: 30-40 miles  ESTIMATED MAX RANGE: 30+ miles  DISPLAY TYPE: Black & white  READOUTS: Clock, Trip Distance and Timer, Odometer, Current Speed, Average Speed, Maximum Speed, Assist Level (0-5)  DISPLAY ACCESSORIES: Independent Button Pad on Left, Buttons: Up, Down, M, Power (Hold Down for Walk Mode, Press M to Cycle Trip Readouts, Press Power to Cycle Distance and Range Readouts)  DRIVE MODE: Cadence Sensing Pedal Assist, Trigger Throttle (12 Magnet Sealed Sensor)  TOP SPEED: Class 2, 25MPH  ‚Äì Off road use 28+ mph *", alloy, cruiser, 19 inch, 26 in, disc (mechanical), throttle, cruiser, suspension fork (hardtail),,
5694,50.0,denver,https://denver.craigslist.org/bik/d/denver-barely-used-bikes/7460708449.html,2022-04-18 09:24,Barely used bikes, new,,,,2,Cleaning out garage.. selling 2 barely used bikes (Road master) $50 each..  plz note.. the person holding the bike is 6'4. These are both adult bikes. MAYBE used 3 times... pretty much brand new!!, other/unknown, other, adult, other/unknown,,,,,,
5695,100.0,denver,https://denver.craigslist.org/bik/d/denver-mens-road-bikes/7461103359.html,2022-04-18 09:14,Men's ROAD Bikes,,,,,0,,,,,,,,,,,
5696,200.0,denver,https://denver.craigslist.org/bik/d/aurora-trek-bikes/7472699938.html,2022-04-18 08:51,2 Trek bikes,,,,,9,*1 -trek series B- alpha aluminum bike  26x2.0 tires. good condition.   *1 -trek 820- well used. Needs new tires   Serviced recently. Bought at bicycle village (Arvada) a few years ago- $200 each   Selling- $200 for both or $125 each  ***Open to offers ****cash works best  Cross posted, other/unknown, mountain, Large, 26 in,,,,,,
5697,150.0,denver,https://denver.craigslist.org/bik/d/littleton-bike-rack-bikes-carried/7466400312.html,2022-04-18 08:21,Bike rack 4 bikes carried,,,,,0,Great shape all parts including lock and key swinging system 2 inches reciever phone number  show contact info, steel, mountain, Large, 26 in,,,,,,
5698,80.0,denver,https://denver.craigslist.org/bik/d/littleton-bike-rack-bikes-carried/7466397779.html,2022-04-18 08:22,Bike rack 4 bikes carried,,,,,2,Great shape all parts including 2 inches reciever phone number  show contact info, steel, mountain, Large, 26 in,,,,,,
5699,110.0,denver,https://denver.craigslist.org/bik/d/aurora-cruiser-bikes-his-and-her/7471894492.html,2022-04-18 07:24,"2 cruiser bikes ,his and her, Raleigh and Schwinn",, Schwinn, Raleigh,,9,"2 cruiser bikes, his and her.  Raleigh Sprite, 5 gears ,25 frame for tall rider,  27 x 1-1/4 tires,springer seat, nice bike tobacco color made in England.  Schwinn suburban,  vintage women's bike,  21 frame , 27 x 1-1/4 tires, 10 gears , fenders,  springer seat and kick stand equipped , smooth ride. The bikes is good condition, ready to ride. $110 each or $200 for both.303 43four 0725. Call or text.", steel, cruiser, 21, 27 in,,,,,,
5700,50.0,denver,https://denver.craigslist.org/spo/d/denver-yakima-trunk-rack-bikes/7470943335.html,2022-04-18 06:54,YAKIMA TRUNK RACK 3 BIKES,,,,,0,,,,,,,,,,,
5701,200.0,denver,https://denver.craigslist.org/bik/d/denver-joe-breeze-bikes-breezer/7461668766.html,2022-04-18 06:43,Joe Breeze Bikes Breezer Lightning 18 Speed Mountain Bike,, Joe Breeze, Lightning,,8,"This 18 speed Breezer is one sweet bike ready to ride! It is overall in good shape but does have plenty of scuffs and marks from use. Light rust on the Shimano gearing but nothing too bad. Frame is in good shape. Gearing and brakes are working. I am pretty sure this is a steel frame but am not 100%, it is nice and light though. This bike is totally rideable as is but with a tune up it'll come back to life!", steel, mountain, 19 inches, other/unknown,,,,,,
5702,250.0,denver,https://denver.craigslist.org/bop/d/denver-topeak-twoup-tuneup-bike-stand/7472576302.html,2022-04-17 20:00,Topeak TwoUp Tuneup Bike Stand (holds 4 bikes), excellent, Topeak, TwoUp Tuneup,,0,"Used but in great condition. Has always been stored indoors.  ALSO INCLUDES: 3rd and 4th bike hooks plus 4 handlebar stabilizers  Retail for stand is $260 and each hook is $55 each and handlebar stabilizer $14 each. So total at retail would be $426 plus approx $30 tax.  Asking $250. Pickup only, payment by Venmo, PayPal or Zelle.  https://www.topeak.com/us/en/products/125-Storage-Stands/249-TWOUP-TUNEUP-BIKE-STAND https://www.topeak.com/us/en/products/231-Storage-Stands-Accessories/286-THE-THIRD-HOOK-(LOWER) https://www.topeak.com/us/en/products/231-Storage-Stands-Accessories/251-HANDLEBAR-STABILIZER-DT  Tags: Topeak, Park, Feedback, velo, hook, rack, Thule, saris",,,,,,,,,,
5703,500.0,denver,https://denver.craigslist.org/bik/d/denver-sikk-custom-all-terrain-bikes/7460391074.html,2022-04-17 17:47,SIKK custom all terrain bikes.,,,,,0,,,,,,,,,,,
5704,40.0,denver,https://denver.craigslist.org/bik/d/broomfield-bikes-dynacraft-20-inch/7472534150.html,2022-04-17 17:06,BIKES! Dynacraft 20 Inch Wipeout Boys BMX,,,,,5,Kids bike, steel, bmx, 20 inch, 20 in,,,,,,
5705,40.0,denver,https://denver.craigslist.org/bik/d/broomfield-bikes-avigo-18-inch-boys/7472533005.html,2022-04-17 17:03,BIKES! Avigo 18 inch Boy's Ignite BMX,,,,,3,missing seat, aluminum, bmx, 18 inch, 18 in,,,,,,
5706,10.0,denver,https://denver.craigslist.org/bop/d/denver-rhode-gear-bike-rack-holders-for/7469810898.html,2022-04-17 16:06,Rhode Gear Bike Rack. Holders for two Bikes.,,,,,0,,,,,,,,,,,
5707,320.0,denver,https://denver.craigslist.org/bik/d/aurora-benno-bikes-upright-ladies-7d/7467983364.html,2022-04-17 12:03,"2 Benno bikes upright ladies 7D , lightweight quality bikes",,,,,0,,,,,,,,,,,
5708,60.0,denver,https://denver.craigslist.org/bop/d/denver-thule-car-trunk-rack3-bikes/7472406984.html,2022-04-17 10:37,Thule car trunk rack(3 bikes), good, Thule, n/a, 3 bike,0,Thule car trunk rack for 3 bikes in good shape.,,,,,,,,, other,
5709,100.0,denver,https://denver.craigslist.org/bik/d/littleton-bikes-bikes-bikes-trek/7472359385.html,2022-04-17 08:17,"Bikes Bikes Bikes, Trek, Specialized, Giant, Gary Fisher",,,,,24,"PLEASE CHECK THE PICTURES FOR PRICE AND DESCRIPTION  I WILL NOT REPLY TO PERSONAL EMAILS  [don't waste your time scammers}  I tune every bike before I sell them. My tune up includes The brakes and gears adjusted True the wheels so they are straight Lube bearings and cables as needed Make sure tubes and tires are good to go Complete clean and wipe down If parts are needed I replace with new parts  Best to text  Trek, Specialized, Giant, Raleigh, Gary Fisher, KHS, Kona, Performance, Diamond Back, Schwinn Mountain Bikes, Hybrid, Road, Suspension, Comfort, Commuter, Cruiser, Kids, Adult, Small, Medium, Large repete, petes repetes, recycle, cycle, repeats, petehanz, Petehanz  Height/ Mountain Bike Size Chart 4'11"" ‚Äì 5'3"" = 13 ‚Äì 16 inches. 5'3"" ‚Äì 5'7"" = 15 ‚Äì 18 inches. 5'7"" ‚Äì 5'11"" = 17 ‚Äì 20 inches. 5'11"" ‚Äì 6'2"" = 19 ‚Äì 22 inches. 6'2"" ‚Äì 6'4"" = 21 ‚Äì 23 inches. 6'4"" and taller = 23+ inches", alloy, mountain," 18""", 26 in,,,,,,
5710,75.0,denver,https://denver.craigslist.org/bik/d/bike-rack-fits-inch-reciever-holds-bikes/7469817787.html,2022-04-17 05:36,"Bike rack fits 1 & 1/2 inch reciever, holds 4 bikes", excellent,,,,2,Please TEXT 3 0 3 - 5 2 3 - 9 1 9 6.  Near new condition! Bell Brand., steel, road," 23 inches, 58cm", 27 in,,,,,,
5711,260.0,denver,https://denver.craigslist.org/bpo/d/broomfield-magnum-i6-battery-for/7470570876.html,2022-04-16 23:18,Magnum i6 Battery for Electric Bikes Barely Used, like new, Magnum, i6,,3,"48 volt 13Ah eBike battery.    Retails for $549.    https://www.magnumbikes.com/product/magnum-i6-battery-48v-13ah/  Uses the highest quality cells for a combined 48 volts and 21 amps providing extra range for your electric bicycle.  Compatible Bikes Cruiser Lowrider Metro Metro+ Mi6 Peak Ui6 Ui6+ Ranger Payload  Details Battery Voltage / Amp Hours / Watt Hours: 48V / 21Ah / 1,008Wh Battery Chemistry: Lithium Nickel Cobalt Manganese (Li-NCM)  eBike",,,,,,,,,,
5712,980.0,denver,https://denver.craigslist.org/bik/d/broomfield-ncm-moscow-electric-bike/7470566564.html,2022-04-16 23:18,NCM Moscow Electric Bike with Upgraded 17Ah Battery,,,,,0,,,,,,,,,,,
5713,275.0,denver,https://denver.craigslist.org/for/d/denver-bike-rack-free-standing-double/7472292665.html,2022-04-16 21:49,"Bike rack free standing double grid holds 18 bikes, heavy metal",,,,,0,,,,,,,,,,,
5714,50.0,denver,https://denver.craigslist.org/bop/d/golden-saris-bike-rack-bikes/7468248838.html,2022-04-16 17:20,Saris bike rack 3 bikes,,,,,0,,,,,,,,,,,
5715,900.0,denver,https://denver.craigslist.org/bik/d/arvada-rad-power-bike-ebike/7471325056.html,2022-04-16 17:13,RAD Power Bike Ebike,,,,,0,,,,,,,,,,,
5716,50.0,denver,https://denver.craigslist.org/bik/d/commerce-city-bikes-good-condition-50/7472165615.html,2022-04-16 14:20,"Bikes good condition, $50 each Bikes good condition, $150 all 3", good,,,,4,"Bikes good condition, $50 each or $150 all 3 price is firm. Pick up only no holds.", other/unknown, other, ., other/unknown, other/unknown, other, other/unknown, other/unknown,,
5717,20.0,denver,https://denver.craigslist.org/bik/d/denver-kids-bikes/7472126560.html,2022-04-16 12:58,Kids Bikes,,,,,2,"Boys and girls bikes.  Boys bike ~16"" rim, 11"" (28cm) frame. (Crank to seat) Girls bike ~21"" rim, 12"" (30.5 cm) frame.", other/unknown, kids, 30.5, 16 in,,,,,,
5718,1.0,denver,https://denver.craigslist.org/bik/d/aurora-kids-toddler-bikes-in-new-and/7472120199.html,2022-04-16 12:46,Kids toddler bikes in New and Great condition,,,,,5,"Clearing garage. Most are barely used, the red one is new. Prices listed or make a reasonable offer.   Radio Flyer strider bike -$40 Green Yvolution balance bike (well used)- $4 5 Paw patrol w/ training wheels -$65 Minnie mouse pink bike - $30 New Red bike - $65", steel, kids, Standard, other/unknown,,,,,,
5719,1234.0,denver,https://denver.craigslist.org/bik/d/denver-bikes/7472059166.html,2022-04-16 10:45,Bikes,,,,,0,Various.  All in great shape, other/unknown, other, various, other/unknown,,,, other/unknown,,
5720,1200.0,denver,https://denver.craigslist.org/bik/d/denver-slater-bikes-the-machine/7472021930.html,2022-04-16 09:32,Slater Bikes ‚Äúthe machine‚Äù,,,,,0,"Slater Bikes ‚Äúthe machine‚Äù dirt jumper/street bike Deity bars, disc brake, BMX cranks and stem.  Can ship", steel, mountain, Large, 26 in,,,,,,
5721,50.0,denver,https://denver.craigslist.org/bik/d/identical-twin-schwinns-girls-20-inch/7461864729.html,2022-04-16 07:00,Identical Twin Schwinns - girls 20 inch little girls bikes with locks,,,,,0,,,,,,,,,,,
5722,30.0,denver,https://denver.craigslist.org/spo/d/denver-bike-rack-for-two-bikes/7471811892.html,2022-04-15 16:22,bike rack for two bikes,,,,,2,Bike rack for hanging two bikes. Slight damage to one of the hook holders but it still works well.,,,,,,,,,,
5723,120.0,denver,https://denver.craigslist.org/bik/d/aurora-boys-21-speed-bikes-schwinn-and/7471802983.html,2022-04-15 16:01,Boy's 21 Speed Bikes. Schwinn and Mongoose,,,,,0,,,,,,,,,,,
5724,1699.0,denver,https://denver.craigslist.org/bid/d/wheat-ridge-58cm-61cm-in-stock-felt/7471710911.html,2022-04-15 12:39,58cm 61cm IN STOCK Felt Broam 40 Gravel Bike Cyclocross Bikes IN STOCK, new, Felt, Broam 40,,9,"The Bicycle Broker 6190 West 38th Ave Wheat Ridge, CO  303.900.1907 58cm 61cm  DUAL-WHEEL COMPATIBILITY & TIRE CLEARANCE Different wheel sizes give you the freedom to run whatever size or type of tire you wish. That‚Äôs why we made the Broam compatible with both 650b and 700c wheel sizes. The Broam comes standard with 700c hoops, the traditional size for road bikes. They can accommodate up to 45mm-wide tires, giving you the versatility to select your optimal rubber for whatever route you have in mind. If you opt to switch out your stock wheels for a set of 650 alternatives, you can fit tires that are up to 2.1 inches wide.", aluminum, gravel, 42cm 54cm 56cm 58cm, 700C,,,,,,
5725,1799.0,denver,https://denver.craigslist.org/bid/d/wheat-ridge-2022-cinelli-zydeco-gravel/7471703173.html,2022-04-15 12:24,2022 Cinelli Zydeco Gravel Cyclocross Bikes IN STOCK!, new,,,,10,"Just In !  Small, Medium, Large and X Large.. 56cm  The bicycle Broker 6190 West 38th Ave Wheat Ridge, CO  303.900.1907  www.TheBicycleBroker.com  Zydeco LaLa is the new member of the Zydeco gravel family. The frame is made of triple-thickness Columbus Zonal aluminium tubes, fitted with Shimano Sora and two front rings for those who prefer them to 1x set up. Columbus Futura Disc 1-1/8‚Äù fork, mechanical disc brakes, flat mount, with discs up to 160mm. Compatible with hydraulic disc brakes. External cable routing facilitate the maintenance of this machine designed to conquer new riders to the increasingly popular discipline of gravel.", aluminum, cyclocross, 56cm, 700C,,,,,,
5726,2999.0,denver,https://denver.craigslist.org/bid/d/denver-yamaha-cross-connect-bikes-now/7471694300.html,2022-04-15 12:08,Yamaha CROSS CONNECT E-Bikes now in stock! Yamaha Built Motor & Batt!,,,,,0,,,,,,,,,,,
5727,3499.0,denver,https://denver.craigslist.org/bid/d/denver-yamaha-wabash-bikes-now-in-stock/7471653105.html,2022-04-15 10:52,Yamaha WABASH E-Bikes now in stock!  Yamaha Built Motor and Battery!,,,,,0,,,,,,,,,,,
5728,735.0,denver,https://denver.craigslist.org/bid/d/denver-stacyc-kids-bikes-now-in-stock/7471587274.html,2022-04-15 08:50,Stacyc Kids E-Bikes now in stock! For kids aged 3-5!,,,,,0,,,,,,,,,,,
5729,100.0,denver,https://denver.craigslist.org/bik/d/brighton-bunch-of-bikes/7471548898.html,2022-04-15 07:24,Bunch of bikes,,,,,0,Bunch of bikes for one price. $100 buys them all.  Actually there are an additional 6-8 bikes included that are not shown in this picture but would be part of the $100.  Some of the bikes are frames/parts.  Bike season is here so here is a chance to fix some up and make a few bucks.  NO TEXTS/NO EMAILS USE THE PHONE!!  Robert in Thornton   show contact info ., other/unknown, road, various, other/unknown,,,,,,
5730,175.0,denver,https://denver.craigslist.org/for/d/englewood-stationary-bikes/7467582746.html,2022-04-15 04:34,STATIONARY BIKES, excellent,,,,2,2) stationary bikes One black one red Hardly used .great shape $175.00 each or best offer  Contact :  show contact info  Ask for for Michael,,,,,,,,,,
5731,175.0,denver,https://denver.craigslist.org/spo/d/englewood-stationary-bikes-great-shape/7467584018.html,2022-04-15 04:34,STATIONARY BIKES GREAT SHAPE, excellent,,,,2,2) stationary bikes In great shape $175.00 each or best offer  black and red  Call / or text /Michael  show contact info,,,,,,,,,,
5732,35.0,denver,https://denver.craigslist.org/bik/d/denver-kids-and-adult-bikes/7471414487.html,2022-04-14 17:37,Kids and adult bikes,,,,,7,"Giant Animator 12""- $40 Specialized Hard Rock 16"" with training wheels- $70 Jamis Capri purple 20"" 6spd- $35 Schwinn girls radiant 20""- $35 K2 Guide Series 20"" 6spd- $45 Diamondback 20"" RM20 with fenders- $60 Schwinn High Timber 2.6 FS trail bike- $90", other/unknown, other, other, other/unknown,,,,,,
5733,35.0,denver,https://denver.craigslist.org/for/d/littleton-hanging-bicycle-storage-holds/7471274305.html,2022-04-14 12:19,Hanging Bicycle Storage - Holds up to 6 bikes, like new,,,,0,"Heavy duty bike rack to free up space in your garage!  Store up to six bikes in four feet of space, we used it to store 2 adult bikes and 3 children's bikes.  Made of powder coated steel with swivel casters and locking wheels to easily move the stand.  Base is 42"" wide.",,,,,,,,,,
5734,200.0,denver,https://denver.craigslist.org/bik/d/aurora-big-ripper/7471261171.html,2022-04-14 11:55,big ripper,,,,,0,,,,,,,,,,,
5735,1.0,denver,https://denver.craigslist.org/bik/d/denver-bikes-for-sale-identiti-eastern/7469541793.html,2022-04-14 09:27,3 bikes for sale-Identiti/Eastern/Bianchi, excellent,,,,11,"1.  EASTERN Lowdown 20‚Äù kids BMX   $200  2.  IDENTITI 700c Medium,  single speed/Fixie,  all Chromoly $275  3.  BIANCHI 52  1984 single speed, lugged frame, 100% chromoly,  Susie hubs,  Araya rims,  Sugino cranks.  Mint condition.  Second owner.  Also have all the parts from when purchased in 1984 by original owner. $400   Thanks for looking....", steel, other," 52,  Medium,  and 20‚Äù", 700C,,,,,,
5736,75.0,denver,https://denver.craigslist.org/bik/d/denver-trek-cruiser-nishiki-bikes-for/7463156659.html,2022-04-13 19:05,"TREK, Cruiser Nishiki Bikes for sale",,,,,0,Panama Jack women's cruiser $75 Nishiki $100 Men's Trek 720 multi- track $160  See pics. See near Cherry Creek Reservoir., other/unknown, other, 25 varies, 26 in,,,,,,
5737,30.0,denver,https://denver.craigslist.org/clo/d/denver-harley-davidson-silk-dress-shirt/7470906521.html,2022-04-13 14:22,Harley Davidson Silk Dress Shirt,,,,,0,,,,,,,,,,,
5738,1.0,denver,https://denver.craigslist.org/wan/d/aurora-donate-bikes-any-kind-second/7470860724.html,2022-04-13 12:53,Donate Bikes ANY KIND @ Second Chance Bike Shop in Aurora NONPROFIT!,,,,,0,,,,,,,,,,,
5739,1.0,denver,https://denver.craigslist.org/for/d/aurora-bicycle-shop-non-profit-moving/7470860826.html,2022-04-13 12:53,Bicycle Shop Non-Profit Moving This Year Seeking Donations For Bikes!,,,,,0,,,,,,,,,,,
5740,1.0,denver,https://denver.craigslist.org/bik/d/keenesburg-bikes-26/7470680670.html,2022-04-13 06:49,3 Bikes 26‚Äù,,,,,3,"3bikes 26‚Äù,  good condition, $75 each", other/unknown, other, 26‚Äù, 26 in,,,,,,
5741,40.0,denver,https://denver.craigslist.org/bik/d/denver-two-kids-bikes-40/7470425612.html,2022-04-12 12:57,Two kids bikes $40,,,,,0,"Kids have outgrown their bikes, the tires are flat but other than that they work just fine. $40 for both of them OBO", other/unknown, kids, Kids size, other/unknown,,,,,,
5742,135.0,denver,https://denver.craigslist.org/bik/d/denver-bikes-for-repair-misc-parts/7470182940.html,2022-04-11 22:36,5 Bikes for Repair/Misc Parts,,,,,2,5 bikes plus addtl wheels/parts for repair $135, other/unknown, other, full size adult, 26 in,,,,,,
5743,200.0,denver,https://denver.craigslist.org/bik/d/englewood-vintage-mountain-bikes/7469898193.html,2022-04-11 10:51,Vintage Mountain Bikes,,,,,2,Two vintage mountain bikes.  Both work. $200 for both., other/unknown, mountain, 16.5 and large, 26 in,,,,,,
5744,3000.0,denver,https://denver.craigslist.org/bik/d/evergreen-stromer-st1x-electric-bike/7466178250.html,2022-04-10 12:46,"Stromer ST1X electric bike - The Luxury SUV of e-bikes, like new",, Stromer,,,0,"Top of the line Swiss-made Stromer e-bike.  My father in law bought this a few years ago, but have not been able to ride it much due to health issues.  Only 278 total miles, basically like new.  Class 3, 500W, 28Mph.  618Wh battery...very long range, ~75 miles.  Integrated touch screen.  Re-charges on down-hills.  Size 22""...Large to XL.  Bought for $6,000 new. Fair offers considered.", aluminum, hybrid/comfort, 22 inches, other/unknown,,,,,,
5745,250.0,denver,https://denver.craigslist.org/bik/d/aurora-vintage-70s-huffy-bikes-mf/7469501168.html,2022-04-10 11:39,Vintage '70s Huffy bikes M&F,, Huffy, Bay Pointe,,0,"His and hers matching 3-speed Huffy Bay Pointe bicycles.  Need some mechanical TLC, but frames and hardware in perfect condition.", steel, cruiser," 19""", 18 in,,,,,,
5746,800.0,denver,https://denver.craigslist.org/spo/d/denver-echelon-ex-bike-two-bikes/7469441132.html,2022-04-10 09:25,Echelon EX-5 bike (two bikes), like new, Echelon, Ex-5,,4,"I have two Echelone EX-5 bikes ($800 each or $1500 for both). One bike has been used less than 5 times and the other has about 50 rides on it. Both bikes were professionally assembled.   The remainder of the Echelon class membership will be transfered to you!  Pedal farther on the EX-5. Built with performance in mind, this connected bike boasts a variety of features that'll help you raise your cycling game. Whether your aim is to de-stress, train for a competition, or anything in-between, you can count on the EX-5 to get you there.  Premium Features:  Elevated Bullhorn Handlebars with Elbow Rests  (2) Large Bottle Holders Below Handlebars for Easy Access  Holds Smart Devices from 5.5‚Äù to 12.5‚Äù  Dual-Sided SPD Compatible Pedals with Toe Cages  Adjustable Seat and Handlebars: Height and Depth (Up/Down and Fore/Aft)  Vented Competition-Style Seat  Live + On-Demand Classes Available 24/7  Motivating Instructors  Tablet not included.",,,,,,,,,,
5747,1.0,denver,https://denver.craigslist.org/bik/d/broomfield-kids-bikes-and-scooters/7469338855.html,2022-04-09 22:08,Kids bikes and scooters,,,,,5,20‚Äù girls bike - $25 Glider bike - $5 Razor Jr - $15 Teal and purple scooters - $10 each, aluminum, kids, 20‚Äù, 20 in,,,,,,
5748,20.0,denver,https://denver.craigslist.org/bik/d/arvada-schwinn-bikes/7469272678.html,2022-04-09 17:20,Schwinn bikes,, Scwhinn, unknown,,7,3 Schwinn bikes   2 child size bikes $20 each Adult size both inner tubes replaced $30    type in kittymoving to see other posts lots of items, other/unknown, kids, unknown, 20 in,,,,,, unknown
5749,15.0,denver,https://denver.craigslist.org/for/d/englewood-bicycle-carrier-for-bikes/7469195174.html,2022-04-09 14:08,Bicycle carrier for 2 bikes, good,,,,2,"For sale, a used bike carrier for 2 bikes. 1 1/4"" or 2"" hitch receiver",,,,,,,,,,
5750,400.0,denver,https://denver.craigslist.org/bik/d/denver-350w-ancheer-bikes-for-sale/7469120277.html,2022-04-09 11:45,350W Ancheer E-bikes For Sale, new, Ancheer,,,2,"Two brand new Ancheer eBikes for sale. Unboxed to show bikes but box included! Includes eBike manual, fender for assembly and charger. 350W motor, 15 MPH & 15MILE RANGE. This ebike inspired by the shape of dolphins, has super cute and smart design. IPX5 Waterproof range protects your trip on rainy days. $400 per bike or $750 for set of 2. One is black, one is white. Also have adult sized helmets, big butt bike seats, tire pump and bike lock for sale.  CALL OR TEXT TO SEE BIKES:  show contact info   Load Capacity: up to 120kg/265lbs Handlebars: Handlebar Display Brake Type: Front and Rear disc brake Lithium Battery: 36V 350W ( 6AH ) Wheel Diameter: 12inch Frame Material: Aluminum frame Net Weight: 17.5kg/38.6lbs Unfolding Size: 41.3 x 37.8 x 19.7inch Max Speed: 15.5mph", aluminum, folding, 41.3 x 37.8 x 19.7inch, 12 in, disc (mechanical), other,,,,
5751,100.0,denver,https://denver.craigslist.org/bik/d/littleton-bike-rack-bikes-carried/7457843200.html,2022-04-08 21:53,Bike rack 4 bikes carried,,,,,4,Great shape all parts including 1/4 reciever you can get adapter for 2 inches reciever phone number  show contact info, steel, mountain, Large, 26 in,,,,,,
5752,25.0,denver,https://denver.craigslist.org/bik/d/denver-near-new-condition-thule-bike/7457053199.html,2022-04-08 19:45,Near New Condition! Thule Bike Rack. Holders for 3 Bikes., like new, Thule, 3 Bike,,5,Great Rack. Ready to Mount., other/unknown, other, unknown, other/unknown,,,,,,
5753,100.0,denver,https://denver.craigslist.org/bik/d/aurora-kids-childrens-bikes-bicycles/7463409436.html,2022-04-08 17:39,"3 Kids Children's Bikes Bicycles 16"" 12"" 10""",,,,,4,Text Alex  show contact info, other/unknown, kids, na, 16 in,,,,,,
5754,50.0,denver,https://denver.craigslist.org/spo/d/golden-hitch-bike-rack-bikes/7468746886.html,2022-04-08 13:54,Hitch Bike Rack - 2 Bikes,,,,,0,"Hitch bike rack for 2"" hitch.  Holds 2 bikes.  Arms fold down and rack folds down to access rear door.  Comes with hitch pin and stabilization bracket to reduce wobbling.",,,,,,,,,,
5755,600.0,denver,https://denver.craigslist.org/bik/d/broomfield-new-rv-foldable-speed-bikes/7468534022.html,2022-04-08 07:21,2 New RV Foldable 6 Speed Bikes, new, Adventure Bikes,,,2,"Perfect bike for travel 6 speeds with convenient thumb shifter.  Includes: New upgraded seats; foldable rear mirror; front and rear night lights; Adjustable seat and handlebars; Steel security cable; Rear travel Pouch; Front 2-Travel Pouch with a phone see through top; Padded canvas travel bags 1 only bike has Supplies Front Basket 15""X10""X9"" high-Padded inside-Pet Hold leash Folded Size: 35.4""L x 13.4""W x 28.3:H", alloy, other," 62""Lx 21""Wx 47""H", 20 in,, none, riser, other/unknown,,
5756,30.0,denver,https://denver.craigslist.org/bop/d/arvada-yakima-car-bike-rack-for-bikes/7468367264.html,2022-04-07 16:29,Yakima Car Bike Rack for 3 Bikes, good, Yakima,,,4,I am selling a Yakima trunk Bike Rack. It fits three bikes.  Fits on the trunk of almost any car. It is in really good condition.  If you are reading this it is still available. Thanks!,,,,,,,,," racks, fenders, bags",
5757,20.0,denver,https://denver.craigslist.org/bik/d/aurora-electric-bikes-for-sale/7468254663.html,2022-04-07 12:34,Electric Bikes for Sale, new, Pedago, Platinum,,8,"For Sale   Just in time for spring His and Hers 26"" Pedego Platinum electric bikes.  Hers has custom white fenders with head and tail lights, thumb throttle, rearview mirror, cell phone holder and wicker saddle bags.  Less than 30 mi. on this bike.  His has the custom titanium color fenders with only 16 mi..  Both bikes and front shocks and easy ride seats.  All accessories that are included are Bluetooth helmets, two 17.5AH batteries, Pedego approved bike lock and all the manuals that came with the bikes. Would prefer to sell together but will consider separately.  Originally $12k - asking $9k for both!", steel, other," 26""", 26 in,, pedal assist,,,,
5758,2295.0,denver,https://denver.craigslist.org/sgd/d/electric-the-mid-drive-ebike-that/7468104249.html,2022-04-07 07:48,ELECTRIC! The Mid-drive eBike that Shreds! CyberBike eMountain Bikes!, new, Cyberbike,,,15,"Introducing the New 2022 Cyberbike Electric Mountain Bikes   Riders agree: Nothing comes close to Cyberbike's combination of performance, value, style, and quality.  See the Cyberbike Mullet Pro in action HERE! (and here, by popular demand, is last year's intro featuring Division 1 Collegiate Mountain Racer Corey Jackson on the first edition Cyberbike) Order online for fast delivery at www.Cyberbike.com All 2022 Cyberbikes are in stock and ready to shred, Order yours before they're sold out!  More mid-drive power than ever Awesome new color graphic display Easier to ride, lower standover frame, the lowest of any mid-drive eMTB New, structurally superior, mountain ready rear suspension linkage The best brakes in the business, even Quad-piston brakes on some models! Massive brake rotors up to 220mm 34mm gold tube forks on some models up to 140mm travel Wider range of models  A proper e-Mountain bike needs to be mid-drive and have full suspension, it's as simple as that. Until now, if you wanted an electric mountain bike to tackle rugged trails, your choices have been heavy, low-quality, fat tire, hub-motor beach bikes, or legacy brands charging $4000 or more for low-power eBikes without full suspension.   Whether your knees are tired or you just want to shred, there is simply no better choice for performance and value than Cyberbike. An American company with great customer support: Cyberbike, USA. The mountains are calling. Will you answer?  Cyberbike eBikes come all with the quietest and most powerful motor in its class, with a long range (65 miles and more) battery, and powerful e-spec hydraulic disk brakes that will be there when you need them. A lightweight package with 500 watts of power, top-of-the-line battery range, and quality components, all for the price of an inexpensive yet stellar bike! You'll get so much more than other eBikes with the CyberBike, it's the real e-MTB experience for the adventurous rider. Performance, specs, and quality components throughout, and the best warranty in the industry, from an American company with experienced American mechanics on call for all your tech support needs.  54 volt/500 watt climbing power with 13Amp hour Li-Ion battery and only 52 lbs means you'll get power and tons of battery range. Now with available throttle! Now from only $2495 Note: Owning and riding comes with risks. Wear proper protection, properly maintain and check your bike, and ride within your limits. By purchasing our products you agree to take full responsibility for the ownership of your bike, including the above and all other reasonable precautions for yourself or anyone you allow to ride your bike.",,,,,,,,,,
5759,350.0,denver,https://denver.craigslist.org/bik/d/denver-buy-get-free-bikes-with-all-the/7465154899.html,2022-04-04 13:00,Buy 1 Get 1 FREE -  Bikes with all the accessories!  Trek  Raleigh,,,,,24,"If you're reading this, the bikes are still available...save us both some time and don't ask ""is this still available"".  Long post with lots of details so thanks in advance for checking it out. Cash only Buyer to pickup in Uptown Denver, near 20th St. and Logan St. Please reply with your cell phone number and I'll text you to discuss the deal Items are gently used and sold as-is   See the manufacturer page here: https://www.trekbikes.com/us/en_US/bikes/hybrid-bikes/fitness-bikes/fx/7-3-fx/p/16277/  It's your lucky day...we don't have room to store these two awesome bikes anymore and need to sell them. Each bike comes with a ton of accessories so you'll be ready to roll! See photos for all the extras! Buy 1 bike or see below for special Buy 1 Get 1 FREE offer!  Both bikes just received the Basic Tune by Bicycle Village this spring too!! Bike A: $350 Raleigh Detour 4.5, Dark Blue, 19‚Äù: $350  This comfort Hybrid bike gives the best of both worlds, comfort and efficiency. It is equipped with narrower, large diameter tires that roll faster, cover more distance easier, keep up with others and enjoy efficiency in comfort  and style. Full specs: https://www.yobicycle.com/other/raleigh-detour-4.5-2156/specs Extras installed on bike  Kickstand Fat Tire Beer Brand Bell 2 Water Bottle Holders Front/Rear Deflectors Blitzu Handle Bar Multifunction LED headlight Snap Bracelet Style Deflector  Topeak Rear Basket + Mount + Cargo CoverAlso included: Bontrager Under the Seat Saddle Bag 2 replacement tubes Genuine Inovations Ultraflate Plus 20g Air Inflater + 1 Extra Cartridge 2 Yellow Pedro‚Äôs Tire Levers Blackburn Multi-tool Tire Guage Bontrager Patches Blackburn Bike Mountable Air Pump & mount supplies 4 strap on style LED front/rear lights 2 clip on style reflectors 1 Sunlite reflector set Sefras Velcro Cell Phone Pouch  Timbiktu seat cover Freetown Helmet - BRAND NEW Blackburn Ulock w/keys Coiled Cable Alpha Combination Lock  Bike B: $900 TREK 7.3 FX, Black, $900 Whether cruising to work or to play, Trek's 7.3 FX is the ideal ride. Trek's Alpha-aluminum frame is lightweight for easy pedaling and excellent handling, and the fast-rolling 700c wheels let you ride further and faster with less effort. Plus, this great machine sports a hill-flattening 24-speed Shimano drivetrain and confidence-inspiring Avid linear-pull brakes.Full Specs: https://www.trekbikes.com/us/en_US/bikes/hybrid-bikes/fitness-bikes/fx/7-3-fx/p/16277/ Extras Installed on bike: Kickstand Bell 2 Water Bottle Holders Front/Rear Deflectors Blitzu Handle Bar Multifunction LED headlight Blackburn Bike Mountable Air Pump Snap Bracelet Style DeflectorAlso included: Bontrager Under the Seat Saddle Bag 2 replacement tubes Genuine Inovations Ultraflate Plus 20g Air Inflater + 1 Extra Cartridge 2 Red Bontrager Tire Levers Bontrager Mulit-tool Tire Gauge Extra valve caps Vibrelli Patches 3 strap on style LED front/rear lights 2 clip on style reflectors Finish Line Dry Bike Lubricant Extra Bell Timbiktu seat cover Cannondale Helmet OnGuard Mountable Ulock + Mount Supplies Kryptonite Coiled Cable Lock  BUT WAIT, there's more!  You can get either of these amazingly clean, like-new bikes individually for the prices listed above, OR, if you buy the Trek, you get BOTH for that one low price of $900 cash, firm.In other words, buy the Trek, get the Raleigh for FREE!!  If you're reading this, the bikes are still available...save us both some time and don't ask ""is this still available"".  Cash only Buyer to pickup in Uptown Denver, near 20th St. and Logan St. Please reply with your cell phone number and I'll text you to discuss the deal Items are gently used and sold as-is", aluminum, road, 19, 700C,,,,,,
5760,2200.0,denver,https://denver.craigslist.org/bik/d/boulder-rad-power-bikes-radrover/7466868766.html,2022-04-04 10:47,Rad Power Bikes Radrover electric bike,,,,,7,"Like new Rad Power Bikes Radrover ebike fat bike for sale   Like new condition with tons of upgrades  full fenders heavy duty rear rack Ortlieb XL Pannier bags Rear view mirror  Cell phone mount Chrome pedals 2 Rad Power batteries   keys, charger, tool bag, manual is also included   https://www.radpowerbikes.com/products/radrover-electric-fat-bike?variant=31655480262752", aluminum, other, one size fits all, 26 in,,,,,,
5761,40.0,denver,https://denver.craigslist.org/bik/d/denver-mongoose-mountain-bikes/7466656549.html,2022-04-03 18:54,Mongoose Mountain Bikes, fair, Mongoose,,,2,Two adult Mongoose Mountain bikes are up for grabs!  Great bikes they just need new tubes and tires. 26 inch. wheel/tire.  Asking $40 each...Call or Text 720-Two Nine One-6915...Thanks!  I DO NOT RESPOND TO CODES OR SCAMS!, aluminum, mountain, Adult, 26 in, caliper, none, flat, frame and fork (full suspension),,
5762,160.0,denver,https://denver.craigslist.org/bik/d/parker-bikes/7466645734.html,2022-04-03 18:16,Bikes,,,,,2,"Variety of bikes - 2 GT, 2 Trek, Diamond Back, Jamis, and a Redline. 6 pictured but 7 total. Selling all of them together for $160 Might sell some of them separately but would prefer all together.", other/unknown, other, Variety, other/unknown,,,,,,
5763,100.0,denver,https://denver.craigslist.org/spo/d/denver-thule-folding-hitch-bike-rack/7466612789.html,2022-04-03 16:36,Thule folding hitch bike rack (3 bikes), good, Thule,,,4,"Thule folding hitch bike rack that holds three full-size bicycles. Fits 1 1/4 inch hitch.  Cash only, please.",,,,,,,,,,
5764,1000.0,denver,https://denver.craigslist.org/wan/d/golden-we-are-looking-to-buy-movie-cars/7465196734.html,2022-04-03 13:55,We are looking to buy Movie Cars / Bikes and replicas,,,,,0,"If you or someone you know has a Movie , TV show , or Just a cool unique vehicle for sale let us know. Can email or call the number in the picture. Replica or the Real Deal we are looking to buy it. Thanks",,,,,,,,,,
5765,300.0,denver,https://denver.craigslist.org/bik/d/denver-cannondale-cujo-mountain-bikes/7466452565.html,2022-04-03 10:22,Cannondale Cujo Mountain Bikes, excellent, Cannondale, Cujo,,2,"Youth Cannondale Cujo Plus Mountain Bikes Used for two seasons, good working condition... ready to hit the trails. Disc brakes.  24"" Lime Green - $300 obo 20"" Blue - $300 obo", alloy, mountain," 24"" and 20""", 20 in, disc (hydraulic), none, flat, none (rigid),,
5766,65.0,denver,https://denver.craigslist.org/bik/d/littleton-bikes/7466431983.html,2022-04-03 09:34,Bikes,,,,,2,Bikes for sale.  May need a little maintenance from sitting around  $65/ea B/O Cash only - Pickup Only No Text e-mail for verifications If this is still listed they are available  720-30zero-2eight2eight, other/unknown, mountain, Medium, other/unknown,,,,,,
5767,200.0,denver,https://denver.craigslist.org/bik/d/denver-55cm-fixed-gear-single-speed/7466103805.html,2022-04-02 11:20,55cm Fixed Gear Single Speed Track Bike,,,,,0,,,,,,,,,,,
5768,100.0,denver,https://denver.craigslist.org/bik/d/dupont-bikes-for-sales/7457755323.html,2022-04-02 07:56,bikes for sales,,,,,6,I have these bikes for sale.  It's been sitting ever since last summer.   Everything was in working condition since the last time it was rode on.  100 for all or B.O.  Thanks for looking, other/unknown, other, Misc., other/unknown,,,,,,
5769,10.0,denver,https://denver.craigslist.org/bik/d/westminster-want-buy-your-mid-80s-26/7455456274.html,2022-04-01 19:16,"I want buy your mid 80's 26"" All Terrain Bikes.",,,,,14,I want to buy your mid-80s all-terrain bikes.. I took a few pictures of the bikes that I have that are all terrain.. so if you have anything like this or even close please let me know I would love to buy them off of you. Running or not., steel, mountain," 26""", 26 in,,,,,,
5770,100.0,denver,https://denver.craigslist.org/bik/d/denver-denver-old-bikes-club-spring/7465864051.html,2022-04-01 17:51,DENVER OLD BIKES CLUB SPRING SWAP TOMORROW!!,," Mizutani, Raleigh, etc",,,8,"I will have a few lightweight bikes at the Old Bikes Club Spring Swap tomorrow starting at 9:00am on the southeast corner of 14th & Benton St. in Lakewood.  I will have a 1960's Behrens Flying Eagle that has new 26""x1 3/8"" tires and tubes, is original and has been completely overhauled. It is a very smooth & efficient ride!! It is a little unusual as it has the cantilever frame design which is uncommon for a lightweight class of bicycle. It is more typical of the balloon tire bikes. I am 6' tall and have no problem comfortably riding this bike. (Red & white bike.) $225  I will also have a 1955 Raleigh Sports 3 speed that I got from a lifelong bike mechanic. He customized it with 3ttt road stem & bar for a little more room for taller people. He also customized the drivetrain with a Sugino Super Maxy crank/bb as well as a Shimano 600 Arabesque rear derailleur on a 2 speed cog on the Sturmey Archer AW 3 speed hub. I added a near new Brooks B72 saddle and new tires/tubes. Super fun bike to ride in this configuration with a purposeful look & feel!! (Black bike)$275  And finally a circa '76 Mizutani Super Seraph that has been completely overhauled with new cables, housing, tires and tubes. I also installed Velo Orange hammered alumimum fenders and updated the brake system to clean up the handlebar area to add a bottle cage or bar bag for commuting. The bike has also been deep cleaned, polished and protected to look good for a long time!! It has Ishiwata butted tubes and pretty light for a 58cm frame. This would make a sweet, fast commuter that you will not see another in the wild!!(Pink?magenta bike)$750  All prices are best offer.  I will have a couple of balloon frame/fork/tank projects and a few parts as well. If you can't make the swap, I live in Longmont and have tons of vintage bikes of all shapes and forms from muscle bikes, heavyweights, middleweights, lightweights, road bikes, etc. earlier than 1980.   Please stop by the swap as there will be many vendors with lots of cool stuff looking for a new home to suit your needs!!", steel, road, Med/Lg, 26 in,,,,,,
5771,30.0,denver,https://denver.craigslist.org/bik/d/denver-kids-bikes-for-50-or-for/7465710523.html,2022-04-01 12:12,2 kids bikes for $50 or 1 for,,,,,7,"Two kids 24"" bikes for sale - hoping to sell together.  I will sell separately but then asking $30ea. Reasonably good condition, everything functioning.", steel, kids," 17""", 24 in,,,,,,
5772,1999.0,denver,https://denver.craigslist.org/bid/d/mesa-best-value-bikes-1000w-soul-fast/7465634555.html,2022-04-01 09:38,BEST VALUE E BIKES‚ö°Ô∏è 1000W SOUL FAST SONIC SABER ELECTRIC BIKE ‚ö°, new, SOUL FAST ELECTRIC BIKES, SONIC SABER,,24,"2022 SONIC SABER 1000W BUY DIRECT FROM THE MANUFACTURER PRICED FROM $1999 - 1000‚ÄôS IN STOCK    WWW.SOULEBIKES.COM  SOUL YOUTUBE CHANNEL E BIKE VIDS; https://www.youtube.com/watch?v=8AFtybdw1bM&list=PLoV1aLJxds4Qg1tSsr3TFb4RKRHGfsHab&index=1  With the influx of garbage electric bikes flooding the streets we decided to give the public what it wants. A high end premium performance electric bike for dirt cheap. So say goodbye to all the online crap, box store bargains and swap meet junk. The SONIC SABER delivers where all others fail.  Let‚Äôs start off with our $5,000 SONIC SS flagship frame and build off of it. For power we went with the reliable Bafang big daddy 750W hub motor that puts out a clean 1000W when matched to our optional 10.5AH integrated downtube battery. We stack the front with a HD MTB lockout suspension fork Disc brakes and top it off our signature paint finishes.   https://youtu.be/_NorAqJISkg  SABER SPECS: 6061 T6 AIRCRAFT HAND WELDED ALUM FRAME  INTEGRATED SAMSUNG 48V 10.5AH BATTERY CNC‚ÄôED DROPOUTS AND SUPPORT GUSSETS BAFANG 750W / 1000W PEAK POWER MOTOR - CLASS 2 5‚Äù BUTTER SOFT FRONT SUSPENSION FORK ADJUSTABLE PRE LOAD & LOCK OUT FRONT AND REAR DISC BRAKES  180 MM ROTORS 4‚Äù ALUMINUM RIMS  MTB TIRES  SHIMANO 7 SPEED GRIP SHIFT STAINLESS SPOKES / KMC CHAINS ALUMINUM PEDALS ALUM CRANKS  SOUL XL COMFORT SADDLES - REFLECTIVE LOGO - BOTTLE OPENER HD WELD ON KICKSTAND LIFETIME FRAME WARRANTY   UPGRADE TO THE SABER PRO SS: LONG RANGE 14AH LG BATTERY, POWERFUL HYDRAULIC BRAKES, MINI COLOR DISPLAY, SOUL FAST VEE SPEEDSTER TRIES, BILLET PEDALS, CRE HID HEADLIGHT, TIRE SEALANT, SEALED BEARING BOOTOM BRACKET, SOUL SIGNATURE 4130 CHROMOLY CRANKS, 31.8MM BILLET MTB STEM - ALUM BMX BARS  FILL OUT THE PRE ORDER FORM ONLINE OR CALL US DIRECTLY AT 833-EBIKE44 WWW.SOULBEACHCRUISERS.COM/SABER  EBR (ELECTRIC BIKE REVIEW) ON OUR SONIC SS https://youtu.be/v7trIA7jjkM  MORE VIDS! https://www.soulbeachcruisers.com/videos-2/  SOUL FAST EBIKES  CERRITOS CA - WILL CALL DISTRIBUTION HUB  HQ MESA AZ  ‚òéÔ∏èCall: 833-EBIKE44 üõçÔ∏èShop: www.soulbeachcruisers.com/saber", aluminum, cruiser, XL, 26 in, disc (hydraulic), throttle, cruiser, suspension fork (hardtail),,
5773,200.0,denver,https://denver.craigslist.org/bop/d/evergreen-yakima-ridgeback-tilt-away/7458682899.html,2022-03-30 11:38,Yakima Ridgeback Tilt-Away Hitch Bike Rack for 2 Bikes, excellent, Yakima, Ridgeback,,2,"Fits 1.25"" and 2"" receivers. Tilts away from the back of the vehicle for easy access to your hatch-back's interior.  Very good condition.  Here's the link to Yakima's website for more details. https://yakima.com/products/ridgeback?variant=30947451338800",,,,,,,,," racks, fenders, bags",
5774,123.0,denver,https://denver.craigslist.org/wan/d/denver-bikes-and-bike-parts/7461929239.html,2022-03-29 13:05,Bikes and Bike Parts, good,,,,3,"Hi! I'm looking for bikes and bike parts! If you have VINTAGE parts, even better! Looking for anything! I posted some photos of kinda what I'm looking for. Feel free to shoot me a text or email with some photos of what you're trying to get rid of. Thanks so much for reading!",,,,,,,,,,
5775,1699.0,denver,https://denver.craigslist.org/bid/d/wheat-ridge-in-stock-felt-broam-40/7464480350.html,2022-03-29 12:40,IN STOCK! Felt Broam 40 Gravel Bike Cyclocross Bikes are IN STOCK!, new, Felt, Broam 40,,9,"The Bicycle Broker 6190 West 38th Ave Wheat Ridge, CO  303.900.1907 52cm, 54cm 56cm, 58cm 61cm  DUAL-WHEEL COMPATIBILITY & TIRE CLEARANCE Different wheel sizes give you the freedom to run whatever size or type of tire you wish. That‚Äôs why we made the Broam compatible with both 650b and 700c wheel sizes. The Broam comes standard with 700c hoops, the traditional size for road bikes. They can accommodate up to 45mm-wide tires, giving you the versatility to select your optimal rubber for whatever route you have in mind. If you opt to switch out your stock wheels for a set of 650 alternatives, you can fit tires that are up to 2.1 inches wide.", aluminum, gravel, 42cm 54cm 56cm 58cm, 700C,,,,,,
5776,425.0,denver,https://denver.craigslist.org/bik/d/denver-rocky-mountain-bikes-track-bike/7464389969.html,2022-03-29 09:54,Rocky Mountain Bikes track bike, excellent, Rocky Mountain Bikes,,,0,"Awesome bike by Rocky Mountain Bikes with single speed or fixed gear configuration. Has front and rear brakes. Great commuter bike, low maintenance. Strong and lightweight.", steel, track, 17.5 inches, 700C,,,, none (rigid),,
5777,120.0,denver,https://denver.craigslist.org/bop/d/broomfield-trule-car-bike-rack-bikes/7464050991.html,2022-03-28 12:35,Trule Car Bike Rack- 3 Bikes,,,,,3,Clearing out for a move - just not used enough to keep. It is in great condition holds 3 bikes.,,,,,,,,,,
5778,50.0,denver,https://denver.craigslist.org/spo/d/denver-thule-tailgate-cover-for-bikes/7452022469.html,2022-03-27 15:25,Thule tailgate cover for bikes, good, Thule,,,3,Thule tailgate cover for bikes. Great condition. $50,,,,,,,,,,
5779,50.0,denver,https://denver.craigslist.org/bik/d/golden-old-school-bikes-must-part-with/7463248433.html,2022-03-26 11:48,2 Old School Bikes Must Part with Soon,, Schwinn," Varsity, Mirada",,10,"Blue Bike is an old school Schwinn Mirada. I restored it myself and it has newly repacked bearings, brake pads, and brake cables. Unfortunately I hit a bump while riding it and dented the front wheel. Easy replacement if you have the same wheel. This one is a bit smaller and frame size is medium.   Brown bike is a vintage Schwinn Varsity, the back wheel axle is stripped and has been the issue since I bought it. Haven‚Äôt ridden it but can also be fixed by replacing the wheel. This one is a large frame with old school shifting.   Can be bought for parts or whole. I‚Äôm taking best offers, and yes, you can ask to buy just one.   I have ball bearings and two D-locks I can throw in part of the deal for good offers.", steel, road, Large, 18 in, cantilever,, cruiser, none (rigid),,
