,Price,Location,URL,Date,Title,bicycle frame material,bicycle type,condition,frame size,make / manufacturer,wheel size,num image,text,part type,model name / number,brake type,serial number,electric assist,handlebar type,suspension,size / dimensions
37786,30.0,dallas,https://dallas.craigslist.org/ndf/bik/d/plano-allen-bike-rack-for-take-two-bikes/7472219742.html,2022-04-18 19:34,Allen bike rack for take two bikes, steel, other, like new, No, Allen, other/unknown,2,Here is a like new of Allen bike rack for take two bikes.,,,,,,,,
37787,2600.0,dallas,https://dallas.craigslist.org/ndf/snw/d/argyle-yamaha-dirt-bikes/7472971157.html,2022-04-18 18:58,YAMAHA Dirt Bikes,,,,,,,4,I have two Yamaha ttr 125 bikes. One is a 125L which has slightly larger wheels. Both are in good condition. They run good. I recently put new carburetors in them so they run great. You may want to tune the idle if you know how. The clutch and brake levers are a little bent but can be easily replaced. I bought these to ride but I decided a quad would be more useful around the house. These are great bikes. They are pretty fast and fun. 2600 for the pair. Local delivery may be available if close. I would consider a trade for a quad 350cc and up 4x4 in good condition. Thanks!,,,,,,,,
37788,10.0,dallas,https://dallas.craigslist.org/dal/bop/d/seagoville-vintage-gt-mountain-bike/7466122890.html,2022-04-18 16:03,Vintage GT Mountain Bike Stem MTB 25.4 mm With Aluminum Handlebar,,, good,, GT Bikes,,12,Vintage GT Mountain Bike Stem MTB 25.4 mm with aluminum handlebar.  Found this while cleaning out the garage.  Donâ€™t have a use for it.  Looks to be chromoly.  Actual item for sale pictured.  Great for vintage old school retro GT bike.  Asking $10.  Call or text  show contact info .  Can meet if youâ€™re interested in purchasing.," headset, stem, spacers",,,,,,,
37789,180.0,dallas,https://dallas.craigslist.org/dal/for/d/little-elm-lot-of-bikes-bike-bicycle/7470812902.html,2022-04-18 11:50,Lot of bikes bike bicycle,,, good,,,,7,Package deal  May need a little tlc nothing major  All together   Only $180.  show contact info   10 12 16 18 20 boy girl mongoose topaz unisex basket tire tires pedal seat kid youth teen bmx,,,,,,,,
37790,899.0,dallas,https://dallas.craigslist.org/mdf/spo/d/dickinson-10-off-sale-cardio-precor/7472751943.html,2022-04-18 11:23,"10% OFF SALE Cardio Precor Ellipticals,Treadmills, AMT's,Bikes,Rowers",,,,,,,0,"Serious Inquiries Only!!!  Please read Full ad b4 Responding.  10% OFF SALE TILL 4/30/22  We have Tons of Cardio Machines, Precor Ellipticals, Treadmills, AMT's, Spinner Bikes + WaterRowers, etc In Stock  Probably 2nd Largest selections of Cardio & Strength equipment in the State of Texas  Our Best Sellers listed below have always been Precor.  Star Trac NXT 7170 Indoor Spinner Cycling Bike $899 - Free ship Precor Spinner Indoor Climb Cycling Bike with Computer $1699 - Free Ship Precor Spinner Chrono Bike - $1399 - Free Ship Precor TRM 811 V2 - $2499 - Free Ship Precor TRM 835 V2 - $2,995 - Free Ship Precor EFX 885 - $3,499 - Free Ship Precor EFX 833 - $2,699 - Free Ship Precor AMT 835 - $3,599 - Free Delivery Precor AMT 885 - $4,199 - Free Ship  We have plenty of other brands in stock down Houston way.  If you have a specific models you want let me know and I'll check our inventory.  Please contact me First to complete transactions with shipping arrangements or any questions you have.  Please leave contact number so I know your seriously interested.  We also have a huge inventory of Strength equipment if your looking for anything in particular we just might have it or coming in soon.  Our main warehouse is located just south of Houston and have FREE shipping available on many items.  Thanks for looking",,,,,,,,
37791,300.0,dallas,https://dallas.craigslist.org/dal/wan/d/dallas-older-bmx-bikes-parts-wanted/7472648316.html,2022-04-18 07:43,Older BMX Bikes & Parts wanted from the 80's and early 90's,,,,,,,0,"Looking for older BMX bikes, frames, and parts...  GT Performer, Dyno Compe, Redline, Hutch, Skyway, PK Ripper, Haro, etc...",,,,,,,,
37792,10.0,dallas,https://dallas.craigslist.org/ndf/spo/d/flower-mound-rolling-garage-organizer/7466517832.html,2022-04-18 07:24,Rolling garage organizer for scooters or bikes to hang. Super convenient since y,,,,,,,3,Rolling garage organizer for scooters or bikes to hang. Super convenient since you can roll it anywhere. Very sturdy. Downsizing so we have to sell.,,,,,,,,
37793,435.0,dallas,https://dallas.craigslist.org/ndf/bop/d/allen-hollywood-bike-rack/7472632077.html,2022-04-18 06:23,HOLLYWOOD BIKE RACK,,, new,, HOLLYWOOD,,9,"Hollywood rack sport rider for fat tire e- bike. Holds 2 bikes. Can carry 160 pounds ,   80 pounds per bike. New Never used!  Selling it because it Will not work on my travel trailer bumper",," HR-1500-2â€ Hitch Rack,2 bikes",,,,,,
37794,150.0,dallas,https://dallas.craigslist.org/dal/bop/d/dallas-schwinn-bike-rack-holds-bikes/7461179425.html,2022-04-17 10:49,Schwinn Bike Rack (Holds 3 Bikes),,, good,,,,10,Here is a really nice Schwinn bike rack that holds 3 bikes. It's in good condition and everything functions properly on it.,,,,,,,,
37795,3500.0,dallas,https://dallas.craigslist.org/dal/bik/d/irving-new-ebike-gazelle-bikes-medeo/7469246160.html,2022-04-17 09:13,New eBike Gazelle Bikes Medeo T10+ High-Step, aluminum, hybrid/comfort, new,,,,2,"THIS UNDER WARRANTY!  New Gazelle Bikes Medeo T10+ High-Step Electrical Bike For Sale  Gazelle is Northland Manufacturing that been around over 100 years!  This is  not cheap TREK / Specialized ebike that just put their logo in bike made in Chinese.   Gazelle makes their bikes in-out in Northland so its Reliable!  This bike has 300 miles on it and its garaged keeped and still under Warranty.  The bike comes with two years warranty.    Its been 6 month since bought this bike from BikeMarket Richardson.  I paid $4,200 with Tax.   MSRP = $3,700  Bosch Performance Line Speed (85MNm) Gen. 4.0 (Class 3) and can do 28 miles per hour.    Battery= Bosch Integrated 500Wh. Plus it has range of 64 miles per charge.    Details  The Medeo T10+ HMB is the stylish and sporty electric bike with dual-battery capability to extend your ride beyond previous possibilities. The cleverly designed sloping frame with an integrated motor and battery is instantly recognizable and will leave drivers gasping in stunned silence as you effortlessly navigate the roads with assistance up to 28 mph. With confidence-inspiring handling due to the robust aluminum frame, wide tires, and suspension front fork, the Gazelle Medeo T10+ HMB is the smart choice for any adventure near or far.  Specs Fork	Alloy Telescoping Suntour Fork A32 NLO tapered Rear Shock	No Rims	Mach1 ER-10 28 inch Hubs	Shimano Deore 10 speed Spokes	Stainless Steel Axles	Shimano Tires	Swalbe Big Apple 50-622 Crankset	Miranda Delta Shifters	Shimano BL-MT420 Front Derailleur	No Rear Derailleur	Shimano Deore Cassette/Freewheel	48 / 11-36 Chain	KMC 10sp eBike Brakes	Shimano Deore Hydraulic Disc Brake Levers	Shimano Deore Hydraulic Disc Handlebars	Sportive Tape/Grips	Hermans DD36 Stem	Steplessly Adjustable Seatpost	Alloy Saddle	DDK Pedals	Gazelle Pedal Accessories & Extras	Front (35 lumen)& Rear Lights, Gazelle Bell Motor	Bosch Performance Line Speed (85MNm) Gen. 4.0 Battery	Bosch Integrated 500Wh Controller/Display	Bosch Purion Charger	4 amp",,, disc (hydraulic),,,,,
37796,401.0,dallas,https://dallas.craigslist.org/dal/wan/d/dallas-older-bmx-bikes-parts-wanted/7463002186.html,2022-04-17 09:04,Older BMX Bikes & Parts wanted from the 80's and early 90's,,,,,,,0,"Looking for older BMX bikes, frames, and parts... Send me details, pics, year, price on what you have and I pay cash same deal.  GT Performer, Dyno Compe, Redline, Hutch, Skyway, PK Ripper, Haro, etc...      Keywords: Hutch, Haro, Bassett, Laguna, Race Inc, Cook Bros, Champion, Diamond Back, FMF, Jag, Kawasaki, Kuwahara, Gary Littlejohn, Laser, Nomura, Nishiki, National Pro, Powerlite, Peddlepower, Panda, Patterson, R&R, Robinson, Rebel, Revtec, S&S, Schwinn, SE Racing, Torker, Two Wheeler's, Takara, VDC",,,,,,,,
37797,400.0,dallas,https://dallas.craigslist.org/dal/bik/d/dallas-wanted-to-buy-bmx-freestyle-80s/7471539971.html,2022-04-17 09:04,"Wanted to Buy BMX & Freestyle 80's, 90's & some 70's bikes - - -", other/unknown, bmx,, 20,, 20 in,0,"Wanted to Buy BMX 80's freestyle bikes GT Performer, GT Pro Performer, GT World Tour, Haro Sport, Haro FSX, Haro Master, Haro Freestyler, Hutch Trickstar, Dyno, Redline RL 22, Torker, and certain Skyway, Kuwahara, Mongoose   Looking for some 70's, 80's, 90's BMX bikes.  Email and let me know where you are, price and some pics.  Thanks.",,,,,,,,
37798,12456.0,dallas,https://dallas.craigslist.org/mdf/bfs/d/north-richland-hills-buying-unwanted/7463872660.html,2022-04-17 08:25,Buying Unwanted Trailers -ATV'S- Dirt bikes,,,,,,,2,ISO  ATV's--Trailers--Dirt bikes.....paying cash.....call 817-431-300five......,,,,,,,,
37799,2222.0,dallas,https://dallas.craigslist.org/mdf/mpo/d/north-richland-hills-buying-unwanted/7461346423.html,2022-04-17 08:23,Buying Unwanted Trailers -ATV'S- Dirt bikes,,,,,,,0,,,,,,,,,
37800,69.0,dallas,https://dallas.craigslist.org/ndf/bik/d/plano-new-16-kids-bikes-bike/7463070950.html,2022-04-17 00:03,"New 16"" Kids Bikes Bike", steel, other,," 24""",, 24 in,0,"New 16""  BIKE for Childen,  $69 with Removable, adjustable training wheels",,,,,,,,
37801,500.0,dallas,https://dallas.craigslist.org/dal/bik/d/richardson-we-buy-vintage-bmx-bikes/7466681659.html,2022-04-16 22:18,We Buy Vintage 1980 - 1994 BMX Bikes Mongoose GT Performer Hutch, other/unknown, bmx,, unknown,, 20 in,0,"Looking to get rid of an old BMX? Email us a picture and the details of your BMX bike and . We will email you a quote. Thanks!  We also buy KINK, WE THE PEOPLE & FIT BIKE Co depending on color and model.    Examples of what we are looking to buy:  SE Racing PK Ripper Diamond Back Harry Leary Turbo GT Pro Kuwahara Lazer Lite Mongoose Supergoose Redline 600a Schwinn Sting Schwinn Predator Skyway T/A Mongoose Californian hutch pro star  gt pro freestyle tour team hutch trickstar  redline rl 20ii skyway ta se pk ripper se quadangle gt pro series haro master gt performer Skyway TA Redline Carreara GT Pro Hutch Pro PK Ripper Quadangle JMC anything Torker  Patterson Pro Profile Champ Pro",,,,,,,,
37802,400.0,dallas,https://dallas.craigslist.org/dal/bop/d/dallas-want-to-buy-1980s-1990s-bmx/7460587947.html,2022-04-16 22:18,"I WANT TO BUY!! 1980's & 1990's BMX Bikes, Frames, and Parts Wanted",,,,,,,0,,,,,,,,,
37803,100.0,dallas,https://dallas.craigslist.org/mdf/for/d/grand-prairie-two-bicycles-bikes/7470267546.html,2022-04-16 20:10,two bicycles / bikes,,,,,,,7,two bicycles /bikes in good condition one is children sized bicycle / bike one is adult sized bicycle / bike see pictures; $100 for both; no splitting; pick up on map;,,,,,,,,
37804,120.0,dallas,https://dallas.craigslist.org/dal/bik/d/dallas-hi-have-mountain-bikes-and-one/7463732158.html,2022-04-16 14:53,Hi I have 2 mountain bikes and one helmet for sale!, steel, mountain,, Medium,, other/unknown,2,"Hi I have 2 mountain bikes and 1 helmet for sale, asking 120 for everything, tires need air and one bike needs the gear box screwed back in place. My number is  show contact info",,,,,,,,
37805,90.0,dallas,https://dallas.craigslist.org/dal/bop/d/dallas-yakima-bike-trunk-rack-for-bikes/7463149329.html,2022-04-16 12:35,Yakima bike trunk rack for 3 bikes,,, excellent,, Yakima,,11,"For sale a very nice Yakima trunk bicycle rack for up to 3 adult bikes. In exc condition. Fits any small car, medium-big sedans, most SUVs, and hatchbacks. Sold out already.  Comes with extra accesories ..  Everything is in working order with all the parts and laces on it. Nothing is damaged. Plus is foldable to easy storage..comes with extra stuff as pictured..  Firm price. Cash and pu only in Dallas.   I can install it in your car to test it b4 u take it..."," racks, fenders, bags",,,,,,,
37806,400.0,dallas,https://dallas.craigslist.org/ndf/bik/d/allen-bikes-for-sale/7472082816.html,2022-04-16 12:31,Bikes for Sale, other/unknown, other,, 24 inches, Greg Lemond, 24 in,2,"Greg Lemond bikes for sale.  Excellent condition. Priced as marked ($400/Men's bike   $200/Woman's bike) Men's frame size 24 "" Woman's frame size 20"" show contact info  Leave message if you call, I will call you back.",,,,,,,,
37807,1.0,dallas,https://dallas.craigslist.org/dal/bop/d/garland-vintage-antique-kids-bikes-all/7464520340.html,2022-04-16 12:04,Vintage Antique Kids Bikes   All for One price,,, salvage,, Old,,6,"for art, decoration, or restoration   best offer",, kids,,,,,,
37808,60.0,dallas,https://dallas.craigslist.org/ndf/bik/d/frisco-bikes/7472039308.html,2022-04-16 11:08,4 Bikes, alloy, kids,, Kids bike,, other/unknown,4,All 4 bikes for only $60 â€¦.1 need front tire replacement  Other 2 just little overoiling   Was cleaning garage and need to get rid of them,,,,,,,,
37809,400.0,dallas,https://dallas.craigslist.org/ndf/bik/d/allen-32-bikes/7471967590.html,2022-04-16 08:22,32 Bikes, other/unknown, other,, Other,, other/unknown,0,32 Bikes. Many type and different sizes. All in great condition.  Please call if interested  show contact info,,,,,,,,
37810,300.0,dallas,https://dallas.craigslist.org/dal/bik/d/dallas-older-bmx-bikes-parts-wanted/7464309192.html,2022-04-15 20:03,OLDER BMX BIKES & PARTS WANTED - Needing 1980's to early 1990's - - -, other/unknown, bmx,, .,, 20 in,0,"I am looking for 1980's BMX bikes, frames, parts, etc.  Dyno, Gt Performer, PK Ripper, Skyway, Haro Redline, Hutch, Kuwahara",,,,,,,,
37811,123.0,dallas,https://dallas.craigslist.org/mdf/bik/d/bedford-bikes/7463702487.html,2022-04-15 17:06,Bikes, steel, other,, 26 inch,, 26 in,14,Have 3 bikes for sale.  1. Next kids bike -good condition - $50.00 2. Vintage chrome low rider bike - $100.00 3. Vintage West Point 26 inch bike - needs work - but complete - do have the front fenders - $80  If interested please call or text me at  show contact info .  Thanks for looking!,,,,,,,,
37812,400.0,dallas,https://dallas.craigslist.org/sdf/bik/d/venus-21-bikes-for-sale/7471727946.html,2022-04-15 14:17,21 bikes for sale, other/unknown, mountain, good, Tires 26 - 24 etc., Montrose-roadmaster  etc, 24 in,7,Bikes for sale 22 total asking $400 different sizes different brand they all need some little work I'm cleaning my house,, N/a,, N/a,,,,
37813,50.0,dallas,https://dallas.craigslist.org/ftw/bik/d/fort-worth-have-couple-of-kids-bikes/7471500608.html,2022-04-15 02:35,I have a couple of kids bikes like new boys and girls best offer, alloy, bmx,, 21,, 18 in,0,"Boys Stacker BMX 21 inch bike and girls Ozone Just for Me 19 inch bike, never used. Cleaning out my garage, come get them, no reasonable offer refused.",,,,,,,,
37814,54321.0,dallas,https://dallas.craigslist.org/ndf/for/d/north-richland-hills-s-unwanted-atvs/7461479538.html,2022-04-14 22:08,I S O  Unwanted  ATV's - Dirt bikes - Trailers,,,,,,,0,,,,,,,,,
37815,700.0,dallas,https://dallas.craigslist.org/ndf/for/d/sanger-coleman-mini-bike-ct200u-ex-mini/7463639962.html,2022-04-14 21:06,Coleman mini bike CT200U-EX mini bikes,,,,,,,4,"I have 3 Black camo mini bikes for sale. 1 is bone stock and 2 are modified with stage 1 kits (carb jets, cold air intake, and exhaust header) All are in great shape. $700 for stock and $850 for modified. Call or text 94O*39O-759l",,,,,,,,
37816,5.0,dallas,https://dallas.craigslist.org/dal/bab/d/garland-only-bikes-left/7471419592.html,2022-04-14 18:52,Only 2 bikes left,,,,,,,7,"Cars for toddlers and small kids- used. Cars for toddlers are in very good condition. The big car and motorcycle don't have a batteries, BUT WAS SOLD. The bike is only for $5.00, because is not in good condition. Purple one is $ 25.00 and 2 small(blue and red) $10.00 each ARE SOLD. I add one more bike for $20.00 -see separate pictures.  NOW ARE AVAILABLE JUST 2 BIKES, BECAUSE ALL OTHER ITEMS WAS SOLD. PLEASE, IF YOU INTERESTED SEND ME A MESSAGE OR CALL AT  show contact info  BETWEEN 12PM AND 8PM TO ARRANGE TIME TO COME.",,,,,,,,
37817,120.0,dallas,https://dallas.craigslist.org/dal/bop/d/dallas-yakima-bicycle-rack-for-bikes/7465442670.html,2022-04-14 15:47,Yakima bicycle rack for 2 bikes,,, like new,, Yakima,,6,"Selling a reliable bicycle rack to carry up to 2 adults bikes. Model: Super Joe Pro 2 Brand: Yakima Made with durable materials it feels strong and its easy to fold, very reliable brand along with Saris and Thule rack brands. Comes with all the straps and all the parts on it, its all complete and ready to use. Noting wrong with it. Its a heavy duty bicycle rack bike rack. Priced to sell bellow MSRP. Currently sold out. Fits most SUV, big/medium sedands, hatchbacks, small cars. Etc.  FIRM PRICE. Cash and pu in Dallas. No cash apps. Thanks.  Look for ""more adds by this user "" at the bottom to see more racks available for sale. Thanks."," racks, fenders, bags", Super Joe Pro 2,,,,,,
37818,75.0,dallas,https://dallas.craigslist.org/ndf/mpo/d/mckinney-tyrefix-set/7470518939.html,2022-04-12 17:08,TyreFix Set,,, new,, Ace Bikes,,5,"Never used TyreFix, Set - Wheel Tie Down System. I bought and I sold motorcycle recently.",, TyreFix - Wheel Tie Down System,,,,,,
37819,500.0,dallas,https://dallas.craigslist.org/dal/bik/d/dallas-motobecane-and-raleigh-adult/7470504884.html,2022-04-12 16:35,Motobecane and Raleigh adult bikes, steel, road, good, 33 inch Motobecane,, 25 in,4,"Up for sale is this single speed Motobecane and seven speed Raleigh. In good working order, just need to air up the tires. Havent been used in years.  $500 each",,, cantilever,, none, flat, none (rigid),
37820,1099.0,dallas,https://dallas.craigslist.org/dal/mcd/d/grand-prairie-tao-db17-dirt-bikes-on/7470490647.html,2022-04-12 16:01,Tao Db17 || Dirt Bikes On The Best Deals Of The Year Color Options,,,,,,,5,"ðŸ’¥ ðŸ§¬Biggest Dirt Bike And Street Legal  || DB 17 motorcycle ||  Over 1,000 Vehicles starting as low as $50 Down ðŸ†’ðŸ†’  Don't let Bad Credit, Previous Repos, or Not having a License Stop You â€¼ï¸â€¼ï¸  We Work With Any Credit Score âœ…âœ…  Layaway with No Interest for 6 months ðŸ†—ðŸ†™    Free Standard Shipping*In Stock  Spending $1,000, Using code [SAVE50] to save $50  Spending $2,000, Using code [SAVE100] to save $100  Spending $3,000, Using code [SAVE150] to save $150  Spending $4,000, Using code [SAVE200] to save $200      Features & Specifications: Engine Type:	125CC,Air cooled, 4-stroke, 1-cylinder, Start Type:	Kick Start Transmission:	Chain Drive Engine Gear:	4-speed (1-N-2-3-4) Wheelbase(inch):	49.20 Inches (1250 mm) Ignition:	CDI Fuel Capacity:	 1.5 Gal (5.5 L) Frontc Brake:	Hydraulic Disc --- Hand Braker Rear Brake: 	Hydraulic Disc --- Foot Braker Tire Front:	70/100 - 17 Tire Rear:	90/100 - 14 Rim Front:	1.6 x 17 (steel) Rim Rear:	1.8 x 14 (steel) Max Speed:	37 MPH (60 KM/H) G.W.(lbs):	200 LBS (91KG) N.W.(lbs):	154 LBS (70KG) Overall Size(inch):	70 x 30 x 43 Inches (1770 x 765 x 1090 mm) Carton Size(inch):	62 x 15 x 32 Inches (1580 x 385 x 810 mm) Seat Height:	30.70 Inches (780 mm) Ground Clearance:	13.0 Inches (330 mm)   BEST DEAL IN TOWN. ðŸ’¯ðŸ’¯ ðŸ”¥ WE BEAT ANY PRICE ðŸ”¥  We offer Layaway for 6 months with no interest.   Get it financed with as low as $59 down and you get the item home.  Same day delivery available for in-store purchase.  4 stroke motor Runs on regular gas Comes with standard warranty We giveaway free toolkits, battery charger, etc. 50% off on all accessories like helmet/gloves/goggles etc We do upgrades like Bluetooth speakers, LED lights, underglows etc  We take trade-ins, bring you running or not running old powersports and get a brand new one. Tax/assembly prep not included  Come to 1290 W PIONEER PKWY GRAND PRAIRIE TX 75051 across the street from chick-fila Open daily 10am-6pm Store Name: 161  Powersports in GRAND PRAIRIE TX   Ask For Mike  469 939 6372 Come check us out Today!!!  161  Powersports 1290 W pioneer pkwy  Grand Prairie TX 75051  MUST SELL EVERYTHING!!!! ACT FAST!!!!! They come with one year warranty  Vengan Hoy!!! Â¡Actua rapido! Vienen con un aÃ±o de garantÃ­a de fabricaciÃ³n. Estamos ubicados  You can send screen shot of what item you interested in from this ad and we can get it ready for in store pick up.   Youth sizes ATVs starting from $699 Adult size ATV starting from $2299  Youth size Dirt Bike Starting from $499 Pit Bikes(For Teenagers and adults) Starting from $899  Youth size Go kart starting from $1299 Adult size Go kart starting from $2499   Financing available in all models As low as $59 DOWN to the the item home. We offer Layaway for 6 months with no extra fees.  4x4 UTVs from 400cc to 800cc 2 seater and 4 seater (if you pay cash you automatically qualify for discount) $7999 to $12449  We carry thousands of different model Atv, go kart, motorcycle, Utv, mini bikes in stock and it's best for you to call for exact pricing on each.   We service and carry parts for all vehicles we sell!  The one stop shop for your off road needs.  We Carry A Full Line Of: - Dirtbikes - ATVs,  Quad, Four wheeler  - UTVs - Go-Karts - Golf Carts - Mini bikes - Hoverboards - Helmets - Batteries for all! - Parts for all!  With 25 years in the business we have come to have the largest inventory in the whole country with the most knowledgeable staff & we will stand behind  our customer to provide service and best value products.   WE ACCEPT TRADE-INS Too, they must be in person. impossible to quote over phone  What are you waiting for?!?!?! CALL NOW TODAY  161 Powersports 1290 W pioneer pkwy  Grand Prairie TX 75051  Ask For Mike  469 939 6372  Price plus tax prep and assembly fees. Thank you for your business.  Keywords: SCOOTER, SCOOTERS, MOTORCYCLE, MOTORCYCLES, HONDA, YAMAHA, KAWASAKI, DIRT BIKE, DIRT BIKES, ATV, ATVS, GO-KART, GO-KARTS, POLARIS. atv, atvs, kids atv, 4 wheeler, 4-wheeler, 4-wheelers, quad, kid quad, mini quad, quads, go-kart, go-karts, gokart, gokarts, go kart, go karts, gocart, go cart, dune buggy, dune buggie, dune buggies, sand rail, dirt bike, pit bike, moped, scooter, enduro, motorcycle, mini bike, monkey bike, doodle bug, dirtbike,  pitbike, coolster, roketa, honda clone, gy6, taotao, bashan, kandi, kinroad, dongfang, chinese, china, parts, repairs, clearance, budget, wholesale, sale, 49cc, 50cc, 70cc, 80cc, 90cc, 110cc, 125cc, 150cc, 170cc, 180cc, 200cc, 250cc 300cc, 400cc 500cc 600cc 700cc 800cc 900ccs 1000cc Dune buggy race utility go-kart, batman, jaguar, recon, hunter, rancher, shark, rapidity, viper, t-rex, cazador utv, utvs, polaris copy, crazor, avenger, sxs, ninja bike, Kawasaki, Polaris, bmw Arlington, Grand Prairie los Colinas Irving hurst Fort Worth Crowley Plano Frisco McKinney coppell garland Dallas oak cliff pleasant grove.austin san antonio marcos shertz cibolo canyon lake New braunfels kyle buda lockhart lulling bastrop manor pflugerville georgetown waco belton killeen smithville elgin college station houston schertz west lake westlake horse shoe baycomal guadelupe Abernathy austin buda del valle elgin hutto lago vista liberty hill marble falls pflugerville smithville the hills wimberley bastrop cedar creek driftwood georgetown johnson city lakeway lockhart new braunfels round rock spicewood volente bee cave cedar park dripping springs horseshoe bay kyle leander manor paige san marcos sunset valley west lake hills atascosa bandera bexar comal guadalupe travis kendall medina wilson cibolo converse schertz seguin timberwood park boerne canyon lake leone valley live oak pleasen ton selma universal city alamo heights bulverde fair oaks ranch floresville helotes hondo kirby lackland afb lakehills terrel windcrest balcones heights castle hills castroville charlotte china grove comfort cross mountain devine elmendorf.",,,,,,,,
37821,10.0,dallas,https://dallas.craigslist.org/ftw/bik/d/addison-cheap-bikes/7470143272.html,2022-04-11 20:30,Cheap bikes, other/unknown, other, fair, Medium,, other/unknown,4,Have some cheap bikes I need to get rid off,,,,,,,,
37822,75.0,dallas,https://dallas.craigslist.org/dal/bik/d/frisco-20-inch-diamondback-mountain/7469960850.html,2022-04-11 13:37,20 Inch Diamondback Mountain Bikes, other/unknown, mountain, excellent, 20 Inch, Diamondback, 20 in,6,Two 20 inch Diamondback Mountain Bikes- 1 boys and 1 girls.  Excellent condition.  $75 each.,, Mountain,,,,,,
37823,700.0,dallas,https://dallas.craigslist.org/ndf/bop/d/plano-haro-freestyler-and-lineage-bmx/7469933781.html,2022-04-11 12:51,Haro Freestyler and Lineage BMX freestyle bikes,,,,,,,14,Very nice haro DMC frame 700 SOLD 9t skyways 180 Dc blue anno brakes 100 Odyssey Tires 65 Haro freestyler bars with grips 90 Lineage Cranks 135 2021 Haro Air Master complete (brand new with box) 1400  Other stuff available. Please text.,,,,,,,,
37824,90.0,dallas,https://dallas.craigslist.org/dal/mpo/d/carrollton-tourmaster-luggage-for/7458205841.html,2022-04-11 11:25,Tourmaster Luggage for Touring Bikes,,, like new,, Tourmaster,,2,For Sale: Tourmaster Luggage for Touring Bikes. Size 10x17x17.   Local pickup and Cash only.  No Returns.,, Touring Bikes,,,,,," Large, Fits on most Backrests"
37825,200.0,dallas,https://dallas.craigslist.org/sdf/bik/d/midlothian-two-bikes-for-sale/7469557780.html,2022-04-10 14:45,two bikes for sale, aluminum, mountain, fair, 0,, 24 in,0,100 each  * One for each gender * front tire is detachable in both * car trunk bike mount 20$ more,,,,,,,,
37826,780.0,dallas,https://dallas.craigslist.org/ndf/bik/d/dallas-bike-se-bikes/7469526648.html,2022-04-10 13:35,bike se bikes, aluminum, bmx, excellent, 29â€, se bikes, 29 in,3,Se bikes monster quad 2021 rim 29â€ In good condition,, monster quad, disc (hydraulic),,, bmx, none (rigid),
37827,1.0,dallas,https://dallas.craigslist.org/ftw/snw/d/joshua-dirt-bikes-quad-wheeler/7469277278.html,2022-04-09 18:34,Dirt bikes & quad/4 wheeler,,,,,,,2,"For sale or trade, wanting to get the kids a side by side or 2 person 4wheeler with trade or sell.   2009 YXF 250 2005 KX65 Unknown kids 4 wheeler  2005 KX65 - $600 Brand new piston, lower end is locked up, wanted to redo, but my son lost interest. Other than this fix, it ran great.   Unknown kids 4 wheeler - $200 Runs great, looks and is old, just installed new breaks and chains on it within the last year.",,,,,,,,
37828,275.0,dallas,https://dallas.craigslist.org/dal/bop/d/mesquite-kuat-transfer-v2-bike-rack-for/7469179508.html,2022-04-09 14:37,Kuat Transfer V2 Bike Rack for 2 Bikes,,, excellent,, Kuat,,2,"Kuat Transfer 2 with normal signs of wear, fully functional. Currently has the sleeve for 2â€ hitches but that can be removed for a 1 1/4â€ receiver.", other, Transfer,,,,,,
37829,150.0,dallas,https://dallas.craigslist.org/ndf/bik/d/richardson-kids-guardian-ethos-16/7469170594.html,2022-04-09 14:19,Kids - Guardian Ethos 16, steel, kids, good, Kids, Guardian Bikes, 16 in,3,"Guardian Ethos 16   Sized for kids 3'4"" - 3'10""  The 16"" Guardian ETHOS has a lightweight steel bmx style frame, making it easy to control and balance. Featuring our single-lever SureStop Brake System and kid-specific geometry the Guardian ETHOS is a safer and easier bike for your kid to learn to ride. The bike is designed for on and off road use.",, Ethos 16,,, none, bmx, none (rigid),
37830,100.0,dallas,https://dallas.craigslist.org/mdf/bik/d/colleyville-first-bikes/7468934736.html,2022-04-09 01:11,First bikes, aluminum, kids,, 14â€ wheels,, 12 in,4,"Pedal toy, tricycle, push bike and bicycle with 14â€ wheels and training wheels all for sale. My daughter is four and has moved on to new bikes.  Here is all the things we had up to this point. $300 worth of toys over four years.",,,,,,,,
37831,1400.0,dallas,https://dallas.craigslist.org/dal/bik/d/dallas-brand-name-bikes-gt-diamondback/7468885106.html,2022-04-08 20:23,"5 brand name bikes GT, Diamondback ,Trek, and Specialized . Making room in the g", aluminum, mountain,," Xl, Small, and Meduim",, 27.5 in,4,"GT, Diamondback, Trek, and Specialized. 1,400 or best offer",,,,,,,,
37832,30.0,dallas,https://dallas.craigslist.org/dal/bop/d/plano-indoor-bike-rack-bikes/7459193673.html,2022-04-08 19:54,Indoor Bike Rack - 2 bikes,,, excellent,, Rack,,2,Adjustable to fit most ceiling heights.   Bike holder arms are independently adjustable - up and down - to custom fit your bike frame.   Requires a 3/16 USA allen wrench to adjust - not included.   $30 cash and pick up on Plano 75075., other, Rack,,,,,, Adjustable
37833,50.0,dallas,https://dallas.craigslist.org/mdf/bik/d/north-richland-hills-boys-girls-bikes/7468227502.html,2022-04-07 12:45,Boy's & Girl's Bikes, steel, kids,, Medium,, 20 in,3,"Girl's 18"" and Boy's 21"" bikes. Normal wear. Excellent condition. Price is for both bikes.",,,,,,,,
37834,2295.0,dallas,https://dallas.craigslist.org/ndf/sgd/d/electric-the-mid-drive-ebike-that/7468103281.html,2022-04-07 08:46,ELECTRIC! The Mid-drive eBike that Shreds! CyberBike eMountain Bikes!,,, new,, Cyberbike,,15,"Introducing the New 2022 Cyberbike Electric Mountain Bikes   Riders agree: Nothing comes close to Cyberbike's combination of performance, value, style, and quality.  See the Cyberbike Mullet Pro in action HERE! (and here, by popular demand, is last year's intro featuring Division 1 Collegiate Mountain Racer Corey Jackson on the first edition Cyberbike) Order online for fast delivery at www.Cyberbike.com All 2022 Cyberbikes are in stock and ready to shred, Order yours before they're sold out!  More mid-drive power than ever Awesome new color graphic display Easier to ride, lower standover frame, the lowest of any mid-drive eMTB New, structurally superior, mountain ready rear suspension linkage The best brakes in the business, even Quad-piston brakes on some models! Massive brake rotors up to 220mm 34mm gold tube forks on some models up to 140mm travel Wider range of models  A proper e-Mountain bike needs to be mid-drive and have full suspension, it's as simple as that. Until now, if you wanted an electric mountain bike to tackle rugged trails, your choices have been heavy, low-quality, fat tire, hub-motor beach bikes, or legacy brands charging $4000 or more for low-power eBikes without full suspension.   Whether your knees are tired or you just want to shred, there is simply no better choice for performance and value than Cyberbike. An American company with great customer support: Cyberbike, USA. The mountains are calling. Will you answer?  Cyberbike eBikes come all with the quietest and most powerful motor in its class, with a long range (65 miles and more) battery, and powerful e-spec hydraulic disk brakes that will be there when you need them. A lightweight package with 500 watts of power, top-of-the-line battery range, and quality components, all for the price of an inexpensive yet stellar bike! You'll get so much more than other eBikes with the CyberBike, it's the real e-MTB experience for the adventurous rider. Performance, specs, and quality components throughout, and the best warranty in the industry, from an American company with experienced American mechanics on call for all your tech support needs.  54 volt/500 watt climbing power with 13Amp hour Li-Ion battery and only 52 lbs means you'll get power and tons of battery range. Now with available throttle! Now from only $2495 Note: Owning and riding comes with risks. Wear proper protection, properly maintain and check your bike, and ride within your limits. By purchasing our products you agree to take full responsibility for the ownership of your bike, including the above and all other reasonable precautions for yourself or anyone you allow to ride your bike.",,,,,,,,
37835,500.0,dallas,https://dallas.craigslist.org/mdf/bik/d/haltom-city-two-bikes-with-rack/7467894144.html,2022-04-06 16:35,Two bikes with rack, steel, hybrid/comfort,, 26 inch, Raleigh, 26 in,4,Two adult bikes  Womanâ€™s Raleigh 26 inch wheels Menâ€™s Huffy 29 inch wheels Thule bind rack,,,,,,,,
37836,250.0,dallas,https://dallas.craigslist.org/ndf/bik/d/argyle-electra-townie-bikes/7467371110.html,2022-04-05 13:26,Electra Townie bikes, aluminum, hybrid/comfort,, 26â€,, 26 in,4,Townie 21 flat black Townie 7D off white step thru Call or text  show contact info  in Melissa $250 each or both $400,,,,,,,,
37837,3000.0,dallas,https://dallas.craigslist.org/ndf/snw/d/denton-dirt-bikes/7467116215.html,2022-04-04 21:04,dirt bikes,,,,,,,2,Both work good condition we can talk n person,,,,,,,,
37838,1.0,dallas,https://dallas.craigslist.org/dal/mpo/d/anna-looking-for-wrecked-sport/7467019219.html,2022-04-04 16:22,"Looking for wrecked sport bikes,lost title bikes",,,,,,,0,"I buy wrecked sport bikes,lost title bikes,i like projects,i am also building couple go karts and want to do motorcycle engine swap,i will buy any sport bike as long as its fuel injected,i perfer gsxr,cbr,r6,r1,zx6r ninja,636..email me and let me know what you got ,cash in hand   I Will buy it same day     ninja,cbr,r6,r1,636,zx6r,gsxr",,,,,,,,
37839,1.0,dallas,https://dallas.craigslist.org/dal/mpo/d/anna-wtb-wrecked-or-project-bikes/7467018958.html,2022-04-04 16:22,wtb wrecked or project bikes,,,,,,,0,Iso: looking for wrecked/project bikes or running condition between 500-1000$$   Titled   I'm willing to pay more for newer model bikes!!  600cc 750cc 1000cc  2000-2015 suzuki gsxr   2000-2015 Kawasaki ninja /zx6r  2000-2015 Honda cbr   2000-2015 Yamaha r6 r1   Hayabusa   Zx14  Email me for fast response,,,,,,,,
37840,1.0,dallas,https://dallas.craigslist.org/dal/bik/d/dallas-bikes/7466921196.html,2022-04-04 13:16,3 bikes, aluminum, road, good, triangle, la joya, 20 in,2,"first bike is from ,,,la joya  ,,aluminum ,,street crusier model # 6061  second bike ,,,sterlings ladies model mega 615    trd,, bike huffy 314 mans bike model joe black all for $  300 or best offer",, 6061, caliper, 1234567890, none, other/unknown, other/unknown,
37841,80.0,dallas,https://dallas.craigslist.org/ndf/bik/d/mckinney-bikes-sold-together/7466518600.html,2022-04-03 13:45,3 Bikes Sold Together, other/unknown, other,, .,, other/unknown,0,"Been in storage so tires need air.  Right to left. Mongoose, Huffy, Kent  Have to buy all three together.   No Delivery",,,,,,,,
37842,10.0,dallas,https://dallas.craigslist.org/ftw/bik/d/haltom-city-mountain-bikes/7466492120.html,2022-04-03 12:49,Mountain Bikes, other/unknown, mountain,, Adult, Mountain, 24 in,4,3 bikes 10 each or 20 for all 3.  show contact info,,,,,,,,
37843,1250.0,dallas,https://dallas.craigslist.org/mdf/bik/d/north-richland-hills-radcity-plus-step/7466232832.html,2022-04-02 16:52,RadCity 5 Plus Step-Thru Electric Commuter Bike, aluminum, hybrid/comfort, like new, medium, RadPower Bikes, 27.5 in,0,"2021 RadCity 5 Plus Step-Thru Electric Commuter Bike. Outstanding e-bike! Search it online! It's rated among the best e-bikes in that price range. Purchased for more than $2000. It's the most comfortable bike I have ridden! Now that I'm in better shape, I've been riding my non-electric bike to get the most out of my work-outs! I still use the e-bike on windy days.",, Rad City 5 Plus Step-thru, disc (hydraulic), CU5C21B3934, throttle, riser, suspension fork (hardtail),
37844,75.0,dallas,https://dallas.craigslist.org/dal/bik/d/dallas-bikes/7466134786.html,2022-04-02 13:20,Bikes-, aluminum, mountain, good, 27.5, Schwinn, 26.5 in,2,2 bikes for sale- Womanâ€™s Schwinn mountain bike-aluminum frame..Needs air. $75.00. Huffy mountain bike. Needs air. $50.00,,,,,,,,
37845,95.0,dallas,https://dallas.craigslist.org/ftw/bik/d/keller-saris-bike-rack-for-bikes/7466082892.html,2022-04-02 11:42,Saris Bike Rack for 3 bikes, other/unknown, other, excellent, Unknown, Saris, other/unknown,6,Here is a gently used Saris Bike Rack that will hold three (3) bikes.,,,,,,,,
37846,250.0,dallas,https://dallas.craigslist.org/dal/wan/d/dallas-need-2-wheel-trailer-to-haul/7453677604.html,2022-04-02 02:54,I need a 2 wheel trailer to haul dirt bikes,,,,,,,0,I need to buy a decent 2 wheel trailer to haul some dirt bikes. Will pay around $250. Call or text  show contact info,,,,,,,,
37847,2299.0,dallas,https://dallas.craigslist.org/mdf/snw/d/grand-prairie-db-cc-apollo-dirt-bikes/7454268148.html,2022-04-01 14:51,Db-36 250cc Apollo dirt bikes,,,,,,,0,Pioneer Powersports  2470 W Pioneer Pkwy Grand Prairie tx 75051     Ask for Andy Eight - ONE - SEVEN  239 751 - FIVE,,,,,,,,
37848,1250.0,dallas,https://dallas.craigslist.org/ftw/bik/d/keller-se-bikes-vans-big-ripper/7465657096.html,2022-04-01 11:26,SE Bikes Vans Big Ripper, aluminum, bmx, new," 29"" Big BMX", SE Bikes, 29 in,2,Brand new in Box.  Pick up in North Fort Worth.   This is the new Black version that just came out and is sold out everywhere.,, Big Ripper,,,,,,
37849,115.0,dallas,https://dallas.craigslist.org/mdf/mpo/d/grapevine-harley-davidson-footboards-kit/7464837716.html,2022-03-30 11:47,Harley Davidson footboards kit,,, like new,, Harley Davidson,,2,Front and passenger footboards kit for 1999 and up touring bikes.,, 1999 and up touring bikes,,,,,,
37850,150.0,dallas,https://dallas.craigslist.org/dal/bik/d/greenville-cannondale-and-suteki-road/7464251071.html,2022-03-28 22:26,Cannondale and Suteki Road Bikes plus Assorted Parts, aluminum, road,," 60 cm, 60 cm, 56 cm", Cannondale and Suteki, 700C,22,Multiple road bikes and parts for sale:  $150 - 1993 Red Cannondale R900 2.8 Series Aluminum w/ Shimano 600 components  $100 - 1984 Black Cannondale w/ Shimano 600 and Campagnolo components  $50 - Late 70s Suteki Track 10 frame  Negotiable OBO - New and Used Assortment of parts  *All components that have been removed from these bikes are still available to include with purchase of frames to complete buildout. Additional parts for sale.  *Builderâ€™s special - $400 for everything,,,,,,, none (rigid),
37851,165.0,dallas,https://dallas.craigslist.org/ndf/bik/d/denton-mountain-bikes/7463767469.html,2022-03-27 18:46,Mountain Bikes, other/unknown, mountain,, 20,, 26 in,5,New ProBike Escape 260  Frame 20 in  $165   Does have cosmetics scratches other than that bike is in excellent condition,,,,,,,,
37852,400.0,dallas,https://dallas.craigslist.org/mdf/bik/d/bedford-his-and-hers-specialized-hybrid/7463526888.html,2022-03-27 08:51,his and hers specialized hybrid mountain bikes, aluminum, hybrid/comfort, like new, 17, specialized, 26 in,2,Top quality bikes for Walmart price. These are his and her matching mountain bikes 26 in very very good condition ride very very smooth it's about time to start writing again the price is for both 2X,, globe deluxe, cantilever,, none, cruiser, none (rigid),
37853,550.0,dallas,https://dallas.craigslist.org/dal/bik/d/grapevine-so-cal-flyer/7462533302.html,2022-03-24 17:45,So Cal Flyer, aluminum, bmx, like new, 68mm, SE Bikes, 24 in,3,"Hi everyone! Just trying to help my boyfriend sell his bike, the bike is like new, but the seller sold it to us with a mildly bent rim so it has been barely used. Still rideable but not for the tricks my boyfriend was wanting to perform on it ,and havenâ€™t had the money to get a new rim",, So Cal Flyer, v-brakes,,, cruiser, other/unknown,
37854,900.0,dallas,https://dallas.craigslist.org/dal/bik/d/dallas-pit-bikes/7462171639.html,2022-03-23 20:49,Pit bikes, steel, gravel,, 54cm,, 14 in,4,"I have 3 110 pit bikes i must sell, the red/black runs great as the all black one which I purchase those two last August. The yellow one I bought used and it need a carp clean or replacement which is only 30 dollars on amazon. They are practically brand new and you will not find a better deal anywhere, I bought the red/ black and all black pit bikes for a thousand each from motorsports here in dallas. The father/ owner knows me well. Any questions just call.",,,,,,,,
37855,1250.0,dallas,https://dallas.craigslist.org/ftw/bik/d/glen-rose-pedego-city-commuter-bikes/7458012255.html,2022-03-23 20:05,2 Pedego City Commuter E-Bikes, aluminum, cruiser, good, Unknown, Pedego, other/unknown,8,"2 Pedego City Commuter E-Bikes for sale.  Black one has the stronger battery.  These are 2016 models.  Very few hours and in good condition.  $1250 each or both for $2300.  Email only.  No scammers, no shipping.  Local pickup only for cash.",, City Commuter,,, pedal assist,,,
37856,40.0,dallas,https://dallas.craigslist.org/dal/bop/d/garland-ikuram-bike-rack-bikes/7461571788.html,2022-03-22 13:44,Ikuram Bike Rack (2 bikes),,, new,, Ikuram,,7,"Bike rack for 2 bikes that attaches to the receiver hitch found on most trucks, SUVs, crossovers and some cars. Clever tilt design lets you open the hatch without removing rack. New in box, so I added lots of pics from their website"," racks, fenders, bags", KRB-H020B,,,,,,
37857,25.0,dallas,https://dallas.craigslist.org/ndf/bik/d/frisco-kids-balance-bike/7461325959.html,2022-03-21 21:55,Kids Balance Bike, aluminum, kids, excellent, balance bike, Joy Star Bikes, 10 in,0,Kids balance bike for sale. My kid has outgrown and now time for another kid to enjoy.,, Balance Bike, none,, none, other/unknown, none (rigid),
37858,8.0,dallas,https://dallas.craigslist.org/ndf/bab/d/plano-for-all-15-car-lot-vtech-go-go/7461165347.html,2022-03-21 14:52,"$8 for All 15 Car Lot Vtech Go N Go Lights & Sounds, Bikes, Planes, Mo",,, good,,,,3,"Vtech Baby Fire Truck Lights and Sound Vtech Go Go Yellow Car Lights and Sound Vtech Go Go Smart Wheels Red Plane Car Lights and Sound 2017 The Manhattan Toy Company toy car fish and cow 2-sponge Plane Toy 3"" 1 small red plane 2 small monster trucks Plastic toy Blue Motocycle 7.5""  2014 Marvel Toy Red Motorcycle 8"" Black Bike 4.5"" a waggon 2 random cars Cash or Zelle and Pick up in Custer and Park",,,,,,,,
37859,70.0,dallas,https://dallas.craigslist.org/ndf/for/d/carrollton-bike-bicycle-carrier-bikes/7454046418.html,2022-03-21 11:03,Bike - Bicycle Carrier (3 bikes rack) plus Allan Bike Frame Adaptor,,, excellent,,,,4,"Listing is for:  Arksen Premium 3-Bike Carrier Rack Hitch Mount Swing Down Bicycle Rack W/ 2"" Receiver  Allan Bike Frame Adaptor  Both are in great condition. Paid $150 new. Used just a couple of times.  Pick up from Carrollton 75010. Please email questions. When you email, provide phone number so I can text you.  Product Description:  The Hitch 3-Bike rack is born out of the design and function of our best-selling rack and brought to life in the form of a hitch rack. You wanted a nicely designed, tilting rack at a great value, and you wanted it to be lightweight. The result is the Hitch. A bike rack helps you transport one or more bikes on your car wherever you go quickly, easily, and safely.  Features: Heavy duty all steel construction bike rack will easily transport up to 3 bicycles Features padded bike cradles with hook and loop straps to protect bike finish Arms fold up and down with ease for quick storage and easy loading Rack tilts down feature for easy access to rear of vehicle Quickly attach bikes and easily secure them to the rack using the durable cradle strap Bikes are safe and secure during transport thanks to 5""-7"" of spacing between each bike  Specifications:  Mount Type: Hitch Mount Color: Black Capacity: 3 Bike / 110lbs Product Positioning: Standard/Universal Type Fitment: 2 inch hitch receiver Fold-Down Arm Design: Yes Swing-Down Backward Design: Yes Overall Dimension: 30.67""(L) x 12.2""(W) x 35.83""(H)    ALLEN Tension Bar Bicycle Cross-Bar Adaptor, Black, One size  Bike Frame Adaptor for transporting your bicycle Enables bicycle transport by adding a top tube to suspension, step through, BMX/ Kid's, and women's style bicycles  Internal spring maintains constant tension to keep your bike secure Fits bikes that have a distance of 16"" to 27"" between the seat post and stem Plastic coated hooks protect the finish of your bicycle",,,,,,,,
37860,1899.0,dallas,https://dallas.craigslist.org/mdf/for/d/grand-prairie-street-legal-clash-200/7454301781.html,2022-03-20 10:54,street legal clash 200 scooter || financing available on all bikes and mopeds,,,,,,,7,"ðŸ‘‘161 Powersports ( google ðŸ’» for more info and our website )  ðŸ—£Ask about our contact info  Ask for Max â“‚ï¸ðŸ…°ï¸âŽfor family friendly Value-price and specials .   Best deals in town [office hours : 9:30 am to 6pm ] ðŸ¦ðŸ§¾We offer Financing, Layaway and Trade-ins 7 days a week.   ðŸª–â›‘FREE engine and transmission warranty included with discounts on any warranty extension/a.   ðŸ‘¨â€ðŸ‘©â€ðŸ‘§â€ðŸ‘¦ðŸ‘¨â€ðŸ‘©â€ðŸ‘¦â€ðŸ‘¦Different financing options for all credit types  As low as ðŸ¤·â€â™€ï¸ðŸ¤·ðŸ¤·â€â™‚ï¸NO DOWN PAYMENT  As low as No interest ðŸ™…â€â™€ï¸ðŸ™…ðŸ™…â€â™‚ï¸ : starting with 90 days early payout options  âœ…Don't let Bad Credit, Previous Repos, or Not having a License Stop You â€¼ï¸â€¼ï¸  ðŸ’¯We Work With Any Credit Score  Layaway with No Interest for 6 months  Over 610,000 Happy Customers. BUY WITH TRUST Over 600+ Units available.   *** WE BEAT ANY PRICE ***   We do delivery.  This unit comes fully assembled for a extra fee. Price plus tax prep and assembly fees. Thank you for your business.  We Carry A Full Line Of: -Dirtbikes -ATVs -Quad -Four wheeler -UTVs -Go-Karts -Golf Carts -Mini bikes - Helmets - Batteries for all! - Parts for all!",,,,,,,,
37861,7600.0,dallas,https://dallas.craigslist.org/mdf/ctd/d/euless-2009-honda-civic/7473000146.html,2022-04-18 20:03,2009 Honda Civic,,,,,,,11,"2009 Honda Civic Sdn 4dr Auto LX-S Sedan  WE AER ALSO AVAILABLE SUNDAYS FOR A TEST DRIVE 9:00AM - 1: 00PM BY APPOINTMENT ONLYCall (or text) â˜ (682) 256âˆ’9099 Auto Financial Group, LLC 11220 S Pipeline Rd, Euless, TX 76040Copy & Paste the URL belowto view more information!http://autofinancialgroups.com  **Clean Title**  			Year : 2009				Make : Honda				Model : Civic Sdn				Trim : 4dr Auto LX-S				   Mileage : 121,601 miles				Transmission : Automatic				Exterior Color : Black				Interior Color : Black				Series : 4dr Auto LX-S Sedan				Drivetrain : FWD				Condition : Excellent					Stock ID : 005604				Engine : 1.8L 140.0hp	   > > > $7,600 < < <     ðŸ’¥ Check Out More Of Our Great Cars On Craigslist Just Copy And Paste This Link Into Your Browser ðŸ’¥ https://wichitafalls.craigslist.org/search/ctd?query=autofinancialgroups.com  Call (or text)  (682) 256âˆ’9099 for quick answers to your questions about this Honda Civic Sdn 4dr Auto LX-S.   ***** Honda Civic Sdn 4dr Auto LX-S Sedan ***** 2010, 2011, 2012, 2009, 2008, 2007, 2006, Honda Civic Sdn, Accord, Accord Hybrid, CR-V, Civic, Element, Insight, Corolla, Toyota Corolla, Nissan Sentra, Toyota Camry, Camry.   Disclaimer : * Please Note All Inventory And Inventory Pricing Is Subject To Change Please See Dealer For Further Details *    We Sell, Trade in and buy cars.Call (or text) â˜ (682) 256âˆ’9099 Auto Financial Group, LLC 11220 S Pipeline Rd, Euless, TX 76040Copy & Paste the URL belowto view more information!http://autofinancialgroups.com    2009 09 *Honda* *Civic Sdn* *Cheap 4dr Auto LX-S* 		*Like New 2009 4dr Auto LX-S Sedan* *1.8L 140.0hp* 		*Must See 2009 Honda Civic Sdn 4dr Auto LX-S Gasoline - 		2009 Honda Civic Sdn  civic sdn CIVIC SDN 4dr Auto LX-S Gasoline Sedan Cheap -  		2009 Honda Civic Sdn (4dr Auto LX-S) Carfax Gasoline 1.8L 140.0hp -  		2009 Honda Civic Sdn 4dr Auto LX-S Sedan 1.8L 140.0hp Gasoline  -  		Honda Civic Sdn 4dr Auto LX-S Sedan   		*SCHEDULE YOUR TEST DRIVE 2009 Honda Civic Sdn  CivicSdn civicsdn CIVICSDN 1.8L 140.0hp 4dr Auto LX-S Gasoline Sedan*   		*Honda* *Civic Sdn* 2009 Honda Civic Sdn 4dr Auto LX-S Gasoline Sedan   		*2009 Honda Civic Sdn 4dr Auto LX-S  		*Auto Financial Group, LLC* *Call (or text) us today at (682) 256âˆ’9099.* 		2010 Honda Civic Sdn 4dr Auto LX-S 1.8L 140.0hp - 		Have you seen this 2011 Honda Civic Sdn 4dr Auto LX-S Sedan ?  		Must See 2012 Honda Civic Sdn 4dr Auto LX-S Gasoline Sedan  		*For Sale Civic Sdn* *Civic Sdn* *Carfax 4dr Auto LX-S Gasoline Sedan  		Come test drive this amazing *Honda* *Civic Sdn* *(4DR AUTO LX-S)* *Gasoline* Sedan 4dr Auto LX-S Sedan Gasoline Sedan Gasoline* 		*(Honda)* *(Civic Sdn)* *4dr Auto LX-S* *1.8L 140.0hp* *(GASOLINE)* *Bad Credit* 		*Gasoline* *Sedan*  *Super Vehicle Gasoline Call (or text) this number (682) 256âˆ’9099* *1.8L 140.0hp* *Auto Financial Group, LLC* * Good Credit* 		2009 2008 2007 2006  		*This vehicle is a used Honda Civic Sdn* *No Credit* 		*It is like New 4dr Auto LX-S* *1.8L 140.0hp Gasoline*  		*Gasoline* 2005 2004 2003 2002 2001 2000                                                                      52423-11203-80737-6750952 this ad supersedes any and all ads before this date. 2020 2019 2018 2017 2016 2015 2014 2013 2012 2011 2010 2009 2008 2007 2006 2005 2004 2003 2002 2001 2000 19 18 17 16 15 14 13 12 11 10 09 08 07 06 05 04 03 02 01 00 Carvana 2020 2019 2018 2017 2016 2015 2014 2013 2012 2011 2010 2009 2008 2007 2006 2005 2004 2003 2002 2001 2000 19 18 17 16 15 14 13 12 11 10 09 08 07 06 05 04 03 02 01 00 Carvana Toyota Honda BMW Mercedes Ford Chevy Dodge Ram F-150 F150 Trucks *Mercedes Benz Mercedes-Benz* *E-Class* *Cheap E 350 Luxury 4dr Sedan bmw 330ci 330i 330 ci i zhp competition 1m m2 m3 m4 m5 m6 325 325i 325ci 325 i ci 3 series 3-series 335 335i 335is 328 328i 328ci 430i 430 435 435i m235i x5 x6 x3 x4 x1 alpina b7 e46 e90 e92 e93 cayenne gts panamera macan turbo 911 high galaxy class autosport class prestige 5 auto star sales *Like New 2010 E 350 Luxury Sport AMG E CLASS E-CLASS E350 E 350 BENZ MERCEDES amg g500 g55 g65 g 63 g 500 g 55 g550 g 550 g63 g65 g-class g class g wagon gelik gelendwagen brabus dinan supercharged biturbo bi-turbo bi turbo twin turbo 00 PMS 911, Carrera, 997, 991, Targa, SL63, SL65, SL550, AMG, SL500, PMS 2007, 2006, 2008, 2009, 2010, 2011, 2012, 2013, 2015, 2014, 2015, 2016, 2017, 2018, gran turismo, Maserati, Ferrari, quattroporte, Lamborghini, huracan, lotus, gt, m6, gransport, R8, gransport, xkr-s, jaguar, xf, twin turbo, Panamera, Bentley, flying spur, S63, S65, CLS63, CLS, S550, ghibli, MC, Stradale, xf, f type, xk, aston martin, jaguar, xk, xkr, db9, db7, vantage, vanquish, sls, 06, 07, 08, 09, 10, 11, 12, 13, 14, 15, 16, 17, 18, Porsche, gt2, rs, gt3rs, rs, gt4, gt3, boxster, S, 458, 488, 718, 981 pms 911 998 targa cayenne s turbo gts s7 a7 rs7 macan acura mdx rdx rlx tlx ilx tl rl alfa romeo* alfa romeo 4c giulia audi* audi black sacramento carmax a3 a4 a5 a6 a7 a8 q3 q5 q7 s3 s5 s6 s7 s8 tt bentley* bentley continental flying spur mulsanne bmw* bmw 2 series 3 4 5 6 7 m2 m3 m4 m5 m6 x1 x3 x4 x5 x6 luxury auto 230i m240i 320i 320 230 330 330i 328 328i 335i 335 340 340i 430i 428i 420i 440 sales 440i 530i 540i 550i gran turismo 640i 640 645ci 645i 650i 650 coupe convertible coupe* convertible* 740i 740 750i 750li 750 128i 128 135i 135 335is 528 528i prestige motorsport high 740li cadillac* cadillac escalade esv ext cts ats chevrolet* chevrolet camaro 2ss class motors top ss corvette vette tahoe suburban ford* ford mustang gt fusion focus 300 200 dodge dodge challenger charger durango gmc* gmc yukon denali acadia terrain xl honda quality state honda accord civic r cr-v pilot hyundai* hyundai genesis infiniti* infiniti q50 q60 q70 golden qx50 qx60 qx70 qx80 ex35 fx35 fx50 g35 g25 g37 m35 m37 m56 jaguar* jaguar f-type euro xf xj xk jeep jeep* cherokee pms compass patriot renegade wrangler kia kia* optima land star rover* land rover range rover evoque sport sport* lexus* lexus gs350 gs450 gx460 deluxe gx470 is250 is gs rx is350 ls ls460 ls430 lx570 rc rc350 f navigator lincoln* lincoln mkt direct mkx mkz town car maserati* maserati quattroporte granturismo mercedes-benz* *mercedes* benz* mercedes benz mercedees-benz c-class cl-class cls-class e-class 5 star g-class gl-class glk-class m class r-class sl-class slk-class cla-class gla-class glc-class gt lounge gle-class amg amg* m m* c300 c250 c400 c63 c350 cla250 cla45 cls500 cls550 cls400 ataya fair cls63 e350 e250 e400 e550 e63 g550 g500 g55 g63 gla250 gla45 gl450 gl350 gl550 zoom lavish gl63 glk350 glk250 ml320 ml350 ml550 ml63 s550 s500 s63 s65 sl500 sl550 sl63 slk250 916 kareem legend auto slk350 slk55 gle350 gle400 gle550 gls gls350 gls550 gle c e cla cls g gla gl g glk m s mirage eu sl slk altima porsche porsche* cayenne 911 cayman panamera macan boxster subaru* lions subaru forester brz impreza legacy outback wrx crosstrek scion fr-s scion* camry toyota galaxy toyota* corolla camry land cruiser highlander 4runner sequoia tacoma tundra f-150 f150 hayes ram volkswagen* volkswagen cc golf eos jetta passat tiguan touareg volvo volvo rl tl tsx a3 a4 a6 a8 s4 s5 tt s6 1 2 3 4 5 6 7 m series m3 m5 m6 128i 128 228 228i m235i 428 428i 435 435i 645ci 645 645i 650 650i 650ci 640640i camaro mustang ss 2ss corvette focus fiesta 135 135i 320i 320 325 325i 328 328i 335 335i 525i 525 528i 528 530i 530 535i 535 550 550i 740 740i 745i 745li 745 750i 750li cts dts sts impala malibu 300 charger fusion accord civic g35 g37 g q50 q60 q40 q70 m35 m37 m45 xf es300 es es330 es350 gs gs300 gs330 gs350 gs430 is300 is is250 is350 is200t s400 ls430 ls460 c e s cls class c230 c240 c280 c300 c350cla cla250 cls400 cls550 e350 e550 s550 slk sl cc eos jetta passat c320 pms e320 e350 e500 s430 s350 s320 s500 s55 s600 s65 c55 e55 e63 cls500 cls55 lancer altima mercedes-benz bmw* *bmw* *mercedes-benz* *mercedes* _bmw_ _mercedes_ *3_series* *5_series* *7_series* *c_class* *s_class* *e_class* *cls_class* class *cla_class* mercedes* mercedes-benz* bmw* c400 c250 c350 c300 e400 cla cla250 coupe* convertible*glk250 glk350 glk ml400 ml250 mdx rdx zdx q3 q5 q7 x3 x1 x5 x6 x4 x6 xseries nclave escalade srx equinox suburban tahoe traverse edge escape expedition explorer flex yukon gla gl glk gle glc denali acadia cr-v element pilot ex35 ex fx35 fx 35 fx45 qx56 commander grand cherokee liberty partiot land rover range lr2 lr4 gx470 gx gx460 lx lx470 lx570rx300 rx330 rx rx350 navigator aviator mktg g500 g55 gl450 gl550 ml ml350 ml550ml320 r500 r350 r glk glk350 bmw* *bmw* *mercedes-benz* *mercedes* _bmw_ _mercedes_ *3_series* *5_series* *7_series* *c_class* *s_class* *e_class* *cls_class* class *cla_class* mercedes* mercedes-benz* bmw* c400 c250 c350 c300 e400 cla cla250 coupe* convertible*glk250 glk350 glk ml400 ml250 mdx rdx zdx q3 q5 q7 x3 x1 x5 x6 x4 x6 xseries nclave escalade srx equinox suburban tahoe traverse edge escape expedition explorer flex yukon gla gl glk gle glc denali acadia cr-v element pilot ex35 ex fx35 fx 35 fx45 qx56 commander grand cherokee liberty partiot land rover range lr2 lr4 gx470 gx gx460 lx lx470 lx570rx300 rx330 rx rx350 navigator aviator mktg g500 g55 gl450 gl550 ml ml350 ml550ml320 r500 r350 r glk glk350 armada *Volkswagen* jetta* *passat*, *cc*,*r line*, *gti*, *golf*, *mk4*, *mk5*, *Acura*, *MDX*, *RDX*, *TLX*, *TSX*, *TL*,*ILX*, *BMW*, *Mercedes*, *Audi*, *a3*, *a4*, *a5*, *a6*, *a7*, *a8*, *s3*,*s4*, *s5*, *s6*, *s7*, *s8*, *q5*, *q6*, *q7*, *Chevrolet*, *Chevy*, *Cruze*, *Sonic*, *Volt*, *Suburban*, *Tahoe*, *Yukon*, *Hybrid*, *VOC*, *bmw*, *325*, *328*, *330*, *335*, *525*, *528*, *530*, *535*, *540*, *545*, *550*, *m3*,*m4*, *m5*, *m6*, *635*, *645*, *650*, *740*, *745*, *750*, *760*,* i*, *ci*, *cic*, *is*, *il* *li* *xi*, *x1*, *x3*, *x5*, *x6* *suv* *honda* *ford* *Toyota* *Chevrolet* *kia* *credit* *credit* *bad credit* *BMW* *MERCEDES BENZ* *AUDI* *FIAT* *FORD* *HONDA* *HYUNDAI* *INFINITI* *JEEP* JAGUAR KIA LAND ROVER LEXUS LOTUS MASERATI MAZDA MINI MITSUBISHI PORSCHE SMART SUBARU SUZUKI TESLA VLKSWAGEN VW pms *2000*, 2001, 2002, 2003, 2004, 2005, 2006, 2007, 2008, 2009, 2010, 2011, 2012, 2013 , 2014 2015 2016 2017 2018 v6, v-8, v8, RWD, FWD, 4WD, 2WD, 4-wheel drive, 4x4, AWD, racing stripes, rear spoiler, low miles, backup camera, camera, 4-cyl, fx4, suv, sport utility vehicle, premium wheels, mag wheels, loaded, sun roof, bluetooth, bluetooth wireless, convertible, diesel, dually, hemi, turbo, roof rack, eco boost, eco boost turbo, cooled seats, parking sensors, alpine, lifted, Bad Credit, Financing, Niello, Maita, Roseville Auto Mall, Roseville, Citrus Heights, Lincoln, Credit, Bad Credit, Low payments, Roseville toyota, kareem, elk grove, honda accord, pms, honda civic, toyota corolla, toyota camry, hyundai. trucks, 4 wheel drive, bad credit, repo, retired, ssi, finance, warranty, financing, bank, credit union pms *Super *1.8L 4 Cylinders * Good Credit* 2013 2012 2011 2010 *Mercedes-Benz C 250* *No Credit* *1.8L 4 Cylinders Gasoline* pms *Gasoline* f150 f-150 f 150 f250 f-250 f 250 f350 f-350 f 350 ford platinum lariat xlt xl 2009 2008 2007 2006 2005 2004,heated seats, leather, leather seats, bose sound, moon roof, moonroof, pano roof, navigation, nav, nav system, quad seats, sensors, running boards, towing package, tow package, bed liner, lariat, certified warranty, warranty, CPO, factory warranty, 3rd row seat, third row seat, limited, sony sound, panoramic roof, dvd, dvd system, sport package, hybrid, power seats, low miles, cheap, electric, recaro seats, 2.5 liter, cd player, gas saver, 40 mpg, cudl, credit union, golden 1 one schools financial safe cu travis patelco usaa army military 45 mpg, 35 mpg, high mpg, toyota 86, audi, expect best deals, simple process. csl, csl500, sl,mercedes bmw audi vw honda acura toyota nissan porsche amg m ford truck all wheel drive awd 4x4 suv warranty financing prestige motors prestige motorsport A, B, C, D, E, F, G, H, I, J, K, L, M, N, O, P, Q, R, S, T, U, V, W, X, Y, Z, a, b, c, d, e, f, g, h, i, g, k, l, m, n, o, p, q, r, s, t, u, v, w, x, y, z Lima Top Cars, Lima Top Cars, Lima Top Cars, Lima Top Cars, Lima Top Cars, Lima Top Cars, Lima Top Cars, Lima Top Cars, Lima Top Cars, Lima Top Cars, Lima Top Cars, Lima Top Cars, , Q1, Q2, Q3, Q4, Q5, SQ5, Q6, Q7, Q8, Q9, Q 1, Q 2, Q 3, Q 3, Q 4. Q 5, Q 6. Q 7, Q 8, Q S Q 5, q1, q2, q3, q4, q5, q6, q7, q8, q9 sq5, q 1, q 2, q 3, q 4, q 5, q 6, q 7, q 8, q 9 sq5, A1, A2, A3, A4, A5, A6, A7, A8, A9, A 1, A 2, A 3, A 4, A 5, A 6, A 7, A 8, A 9, a1, a2, a3, a4, a5, a6, a7, a8, a9, a 1 a 2, a 3, a 4, a 5, a 6, a 7, a 8, a 9, S1, S2, S3, S4, S5, S6, S7, S8, S9, s1, s2, s3, s4, s5, s6, s7, s8, s9, S 1, S 2, S 3, S 4, S 5, S 6, S 7, S 8, S 9, s 1, s 2, s 3, s 4, s 5, s 6, s 7, s 8, s 9, Mercedes-Benz, Mercedes, Benz, Mercedes Benz, mercedes-benz, mercedes benz, mercedes, benz, E Class, E class, e Class, e class, EClass, eclass, eClass, S Class, S class, s Class, SClass, Sclass, sClass, C Class, c class, C class, c Class, CClass, Cclass, cClass, Amg, AMG, R Class, R class, r class, RClass, rClass, BlueTech, blueTech, BlueTech, B Class, B class, b Class, BClass, bClass, CLS, cls, Cls, Gl, GL, Gl Class, Gl Class, GL Class, GL350, gl350, GL 350, gl 350, GL450, gl450, GL 450, gl 450, GL550, gl550, GL 550, gl 550, Ml, ML, Ml Class, Ml Class, ML Class, ML350, Ml350, ML 350, ml 350, mL450, ml450, mL 450, ml 450, ML550, ml550, ML 550, ml 550, Gl 63, GL63, E 63, e63, E63, e63, E Class, e class, EClass, eclass, Eclass, E-Class, E-class, E350, e350, E 350, e 350, S Class, s class, SClass, sclass, Sclass, S-Class, S-class, S350, s350, S 350, s 350, S500, s500, S 500, s 500, C Class, c class, CClass, cclass, Cclass, C-Class, C-class, C350, c350, C 350, c 350, C250, c250, C 250, c 250, C300, c300, C 300, c 300, Cla. CLA, cla, glc, GLC, Glc, GLE, Gle, gle, GLA, Gla, gla, GLB, Glb, glb, BMW, Bmw, bmw, Beamer, beamer, 1 Series, 1-Series, 1Series, 1series, 1 series, 2 Series, 2-Series, 2Series, 2series, 2 series, 3 Series, 3-Series, 3Series, 3series, 3 series, 4 Series, 4-Series, 4Series, 4series, 4 series, 5 Series, 5-Series, 5Series, 5series, 5 series, 6 Series, 6-Series, 6Series, 6series, 6 series, 7 Series, 7-Series, 7Series, 7series, 7 series, 125i, 125 i, 130i 130 i, 135i, 135 i, 225i, 225 i, 230i, 230 i, 235i, 235 i, 325i, 325 i, 330i, 330 i, 335i, 335 i, 335 is, 335is, 328i, 328 i, 425i, 425 i, 430i, 430 i, 435i, 435 i, 428i, 428 i, 525i, 525 i, 530i, 530 i, 535i, 535 i, 528i, 528 i, 550i, 550 i, 625i, 625 i, 630i, 630 i, 635i, 635 i, 628i, 628 i, 650i, 650 i, 725i, 725 i, 730i, 730 i, 735i, 735 i, 728i, 728 i, 750i, 750 i, 740i, 740 i, 740LI, 740li, 740 L i, 740, l i, 750LI, 750li, 750 L i, 750, l i, MSport, M Sport, m sport, M Sport, m Sport, financiar, carros, mal credito, espaÃ±ola, smog, inspection, Sacramento, sacramento, San Jose, san jose, San jose, san Jose, San Francisco, san Francisco, San francisco, Rancho Cordova, rancho cordova, Rancho cordova, 916, 408, 530, 889, 775, Nevada, nevada, Reno, reno, winter, snow, wet, rain, shine, clean title, Clean title, clean Title, free, Free, christmas, Christmas, holidays, deals, discount, Deals, Discount, Save, save, Money, money, approved, Approved, application, Application, leather, Leather, heated seats, Heated Seats, Heated seats, sunroof, Sunroof, Navigation, navigation, Automatic, automatic, stick shift, Stick shift, Stick Shift, manual, Manual, new tires, New tires, New Tires, dealerships, Dealerships, pre-owened, Pre-owened, pre owned, Pre owned, Pre Owned, warranty, Warranty, Gap, gap, insurance, Insurance, parking sensors, Parking Sensors, Parking sensors, A, B, C, D, E, F, G, H, I, J, K, L, M, N, O, P, Q, R, S, T, U, V, W, X, Y, Z, a, b, c, d, e, f, g, h, i, g, k, l, m, n, o, p, q, r, s, t, u, v, w, x, y, z Prestige, z Lima Top Cars, Lima Top Cars, Lima Top Cars, Lima Top Cars, Lima Top Cars, Lima Top Cars, Lima Top Cars, Lima Top Cars, Lima Top Cars, Lima Top Cars, Lima Top Cars, Lima Top Cars, Q1, Q2, Q3, Q4, Q5, SQ5, Q6, Q7, Q8, Q9, Q 1, Q 2, Q 3, Q 3, Q 4. Q 5, Q 6. Q 7, Q 8, Q S Q 5, q1, q2, q3, q4, q5, q6, q7, q8, q9 sq5, q 1, q 2, q 3, q 4, q 5, q 6, q 7, q 8, q 9 sq5, A1, A2, A3, A4, A5, A6, A7, A8, A9, A 1, A 2, A 3, A 4, A 5, A 6, A 7, A 8, A 9, a1, a2, a3, a4, a5, a6, a7, a8, a9, a 1 a 2, a 3, a 4, a 5, a 6, a 7, a 8, a 9, S1, S2, S3, S4, S5, S6, S7, S8, S9, s1, s2, s3, s4, s5, s6, s7, s8, s9, S 1, S 2, S 3, S 4, S 5, S 6, S 7, S 8, S 9, s 1, s 2, s 3, s 4, s 5, s 6, s 7, s 8, s 9, E Class, E class, e Class, e class, EClass, eclass, eClass, S Class, S class, s Class, SClass, Sclass, sClass, C Class, c class, C class, c Class, CClass, Cclass, cClass, Amg, AMG, R Class, R class, r class, RClass, rClass, BlueTech, blueTech, BlueTech, B Class, B class, b Class, BClass, bClass, CLS, cls, Cls, CLS550, CLS550, Gl, GL, Gl Class, Gl Class, GL Class, GL350, gl350, GL 350, gl 350, GL450, gl450, GL 450, gl 450, GL550, gl550, GL 550, gl 550, glk350, GLK350, g l k 350, G L K 350, WRX, STI, WRX STI, sti wrx, M5, M3, coupe, Ml, ML, Ml Class, Ml Class, ML Class, ML350, Ml350, ML 350, ml 350, mL450, ml450, mL 450, ml 450, ML550, ml550, ML 550, ml 550, Gl 63, GL63, E 63, e63, E63, e63, E Class, e class, EClass, eclass, Eclass, E-Class, E-class, E350, e350, E 350, e 350, S Class, s class, SClass, sclass, Sclass, S-Class, S-class, S350, s350, S 350, s 350, S500, s500, S 500, s 500, C Class, c class, CClass, cclass, Cclass, C-Class, C-class, C350, c350, C 350, c 350, C250, c250, C 250, c 250, C300, c300, C 300, c 300, Cla. CLA, cla, glc, GLC, Glc, GLE, Gle, gle, GLA, Gla, gla, GLB, Glb, glb, 4MATIC, 4matic, 4 matic, 4 Matic, Beamer, beamer, 1 Series, 1-Series, 1Series, 1series, 1 series, 2 Series, 2-Series, 2Series, 2series, 2 series, 3 Series, 3-Series, 3Series, 3series, 3 series, 4 Series, 4-Series, 4Series, 4series, 4 series, 5 Series, 5-Series, 5Series, 5series, 5 series, 6 Series, 6-Series, 6Series, 6series, 6 series, 7 Series, 7-Series, 7Series, 7series, 7 series, 125i, 125 i, 130i 130 i, 135i, 135 i, 225i, 225 i, 230i, 230 i, 235i, 235 i, 325i, 325 i, 330i, 330 i, 335i, 335 i, 335 is, 335is, 328i, 328 i, 425i, 425 i, 430i, 430 i, 435i, 435 i, 428i, 428 i, 525i, 525 i, 530i, 530 i, 535i, 535 i, 528i, 528 i, 550i, 550 i, 625i, 625 i, 630i, 630 i, 635i, 635 i, 628i, 628 i, 650i, 650 i, 725i, 725 i, 730i, 730 i, 735i, 735 i, 728i, 728 i, 750i, 750 i, 740i, 740 i, 740LI, 740li, 740 L i, 740, l i, 750LI, 750li, 750 L i, 750, l i, MSport, M Sport, m sport, M Sport, m Sport, Monthly Payements, these tags are property of prestige motorsport do not copy, paste and steal our tags I see you, financiar, carros, mal credito, espaÃ±ola, smog, inspection, Alameda, Amador, Butte, Calaveras, Contra Consta, Mariposa, Merced, Nevada, Placer, Sacramento, San Joaquin, Solano, Stanislaus, Tuolmne, Yolo, Yuba, Orange County, Artesia, Bellflower, Cerritos, Chino Hills, Corona, Hawaiian Gardens, La Habra Heights, La Mirada, Lakewood, Long Beach, Montebello, Norwalk, Pico Rivera, Santa Fe Springs, Signal Hill, Whittier, Pittsburgh, Bay Point, Antioch, Oakley, Brentwood, Knightsen, Discovery Bay, Byron, Bethel Island, San Luis Obispo, Santa Barbara, Gaudalupe, Cuyama, Casmillia, Los Alamos, Sisquoc, Ballard, Santa Maria, Orcutt, Garey, Vandenberg, Los Olivos, Buellton, Solvang, Santa Ynez, Mission Hills, Lompoc, Torrance, Palos Verdes Peninsula, Redondo Beach, Hawthorne, Lawndale, Lennox, Modesto, Fresno, Merced, Sacramento, sacramento, San Jose, san jose, San jose, san Jose, San Francisco, san Francisco, San francisco, Rancho Cordova, rancho cordova, Rancho cordova, Los Angeles, Concord, Dublin, Pleasanton, Citrus Heights, Roseville, Elk Grove, Fernley, Sparks, Carson City, Oakland, Bakersfield, 209, 213, 279, 310, 323, 408, 415, 424, 442, 510, 530, 559, 562, 619, 626, 628, 650, 657, 661, 669, 707, 714, 747, 760, 805, 818, 820, 831, 858, 909, 916, 925, 949, 951, 702, 725, 775, 210, 214, 254, 281, 325, 346, 361, 409, 430, 432, 469, 512, 682, 713, 726, 737, 806, 817, 830, 832, 903, 915, 936, 940, 956, 972, 979, Nevada, nevada, Reno, reno, clean title, Clean title, clean Title, free, Free, approved, Approved, application, Application, leather, Leather, heated seats, Heated Seats, Heated seats, sunroof, Sunroof, Navigation, navigation, Automatic, automatic, stick shift, Stick shift, Stick Shift, manual, Manual, dealerships, Dealerships, pre-owened, Pre-owened, pre owned, Pre owned, Pre Owned, warranty, Warranty, Gap, gap, insurance, Insurance, parking sensors, Parking Sensors, Parking sensors, LR3, HSE, hse, limted, LWB, long wheel based, supercharged, Dinan, back up camera, sunroof, Acura, Alfa Romeo, Aston Martin, Audi, Bentley, BMW, Bugatti, Buick, Cadillac, Chevrolet, Chrysler, Dodge, Ferrari, Fiat, Ford, GMC, Honda, Hyundai, Infiniti, Jaguar, Jeep, Kia, Lamborghini, Land Rover,Lexus, Lincoln, Lotus, Maserati, Mazda, Mercedes Benz, Mini, Mitsubishi, Nissan, Porsche, Ram Trucks, Rolls Royce, Smart, Subaru, Toyota, Tesla, Volkswagen, Volvo turbo , bikes , motorcycle , mini bike , cars , part, racing, performance, super charger, muscle cars , Canyon, 2000 2001 2002 2003 2004 2005 2006 20072008 2009 2010 2011 2012 2013 2014 2015 00 01 02 03 04 05 06 0708 09 C class c220 c230 c240 c250c280 c300 c320 c32 amg c350 c36 c43 c55 c63 cl class cl cl500 cl550 cl600 cl55clk clk230 clk350 clk430 clk500 clk550 clk55 clk63 cls cls500 cls550 cls55cls63 e e class e300 e320 e350 e400 e420 e430 e500 e550 e55 e63 g class g g500g550 g55 g63 gl gl class gl320 gl450 gl63 glk ml ml320 ml350 ml430 ml500 ml550ml55 ml63 r class r r350 r500 s class s s430 500 ss50 s63 sl slk cls63 e eclass e300 e320 e350 e400 e420 e430 e500 e550 e55 e63 g class g g500 g550 g55g63 gl gl class gl320 gl450 gl63 glk ml ml320 ml350 ml430 ml500 ml550 ml55 ml63r class r r350 r500 s class s s430 500 ss50 s63 sl slk LS400 LS430 LS460 LX LX450 LX470 LX570 RX RX300 RX330 RX350 RX400h A4 A6 A7 A8 S6 1 Series 128i 135i 3328i 335i 335is 5 Series 528i 535i 550i 7 Series 740i 740 li 750i 750li 760lixDrive M3 M5 M6 328 325 330 3 series 3 series 5 series 5 525 528 530 mb x5 x3 cez. jaguar range rover land rover off road pre runner dirt m3 m4 m5 m6 exotic luxury leather german lowrider chevy air bag ford truck car toyota honda nissan 240sx supra turbo bikes motorcycle mini bike cars toyota chevy gmc honda porsche nissan bmw mercedes ferrari pontiac dodge chrysler race jdm suv truck, jdm ford supra Toyota 2000 2001 2002 200, 2004 2005 2006 2007 2008 2009 2010 2011 2012 2013 2014 2015 2016 2017 2014 2013 2012 2011 BMW *2003 For Focus* *Nissa Altima* *For Focus* 2012 ki Amanti intrepid Grand Avenger Se* *KI Auto* *San Bernardino KI Grand Avenger Se* *2012 dodg 92408* *Grand Avenger Se Crew* *KI finance * **2012* *KI* *Grand* *taurus Se* *Crew* *2012 hyun Grand Avenger Se* *San Bernardino* KI Grand Avenger Se* *2012 toyo* *Grand hond Crew* *dodg finance * *2000* *2001* *2002* *2003* *2004* *2005* *2006* *2007* *2008* *2009* *2010* *2011* *2012* *2013* *2014* *2015* *2016* *2017* *2018* *2019* *for* range off road pre runner dirt m3 m4 m5 m6 exotic luxury leather german lowrider air bag truck car turbo bikes motorcycle mini bike cars race suv tru. Honda toyota civic Camry Corolla wrx STI Fj cruiser land Honda gx460 gx570 lx 470 460 GX lx570 Nissan pilot Pathfinder CRV Prius Rav 4 plug-in Hrv Xterra Rav4 Energi optima accord x terra Kia plug in etron Tesla efficiency efficient saver Honda toyota optima sonata soul 2000 ford 2001 fusion 2002 2003 2004 2005 2006 electric 2007 2008 2009 2010 2011 2012 2013 2014 2016 2017 2018 2019 2020 2021 TOURING AVANT * do NOT contact me with unsolicited services or offers",,,,,,,,
37862,35.0,dallas,https://dallas.craigslist.org/ndf/for/d/dallas-jeep-cherokee-roof-rack-cross/7472246109.html,2022-04-18 19:37,Jeep Cherokee Roof Rack Cross Bars,,,,,,,0,,,,,,,,,
37863,375.0,dallas,https://dallas.craigslist.org/dal/bik/d/quinlan-giant-sedona-dx/7472971377.html,2022-04-18 18:42,Giant Sedona DX, other/unknown, cruiser, like new, M?, Giant, 26.5 in,7,"I'm selling my ""Giant"" brand Sedona DX. This is not your wallmart quality bike. I bought this bike from a Michigan high end bike dealer that specializes in racing, street and mountain bikes. The the bare bike  itself Cost over $500.00 before I added the accessories. It has fork shocks and a comfort shock seat post. It has a 24 speed shimano shifter. The braking and shifting is very positive. This bike is showroom new and needs nothing. I'm only selling it because age has caught up with me and I have difficulty getting on and off. If interested call or text me to set up a test ride. You won't be disappointed.",, Sedona DX, caliper,, none, other/unknown, frame and fork (full suspension),
37864,160.0,dallas,https://dallas.craigslist.org/ftw/bik/d/fort-worth-two-bike-k2mountain-bike-26/7466663977.html,2022-04-18 18:29,"Two Bike  k2mountain bike 26""", other/unknown, mountain,, 12,, 26 in,5,"This bikes is in very good condition  Both Are same 21 speeds  Everything works good $160 each or better offer for both I can Sale separate  Full suspension  Tires sizes 26"" easy release Tires send text messages  show contact info",,,,,,,,
