,Price,Location,URL,Date,Title,bicycle frame material,bicycle type,brake type,condition,electric assist,frame size,handlebar type,make / manufacturer,model name / number,serial number,suspension,wheel size,num image,text,size / dimensions,part type
821,60.0,anchorage,https://anchorage.craigslist.org/bik/d/wasilla-clean-125-se-racing-bike/7471082373.html,2022-04-14 01:00,"CLEAN 12.5"" SE RACING BIKE", aluminum, kids, cantilever, like new, none," 8""POST", bmx, SE RACING BIKES, BRONCO, 000, none (rigid), 12 in,3,"LIKE NEW 12.5"" SE RACING BIKE. TRAINING WHEELS INCLUDED REAR PEDAL BRAKE AND HAND BRAKE. TUNED AND READY TO RIDE.  PHONE CALLS ONLY üìû  CALL NINEO73FIVE5ATE6ATE4. JOE",,
822,80.0,anchorage,https://anchorage.craigslist.org/bik/d/wasilla-full-suspension-bikes-each/7470169542.html,2022-04-11 19:17,FULL SUSPENSION BIKES. EACH, aluminum, mountain, cantilever, good, none," 17""", riser, MANY, MANY, 000, frame and fork (full suspension), 26 in,6,"Full SUSPENSION BIKES. BIKES SEAT POST ARE FROM17""TO19"" TALL MEDIUM  ALL HAVE BEEN REFURBISHED.  TUNED AND READY TO RIDE.  PHONE CALLS ONLY üìû.  CALL NINEO73FIVE5ATE6ATE4. JOE",,
823,1.0,anchorage,https://anchorage.craigslist.org/bid/d/anchorage-electric-bikes/7469894747.html,2022-04-11 08:41,Electric Bikes, other/unknown, other,,,, Several,, Magnum,,,, other/unknown,2,"E-Bikes ùôÑùô£ ùô®ùô©ùô§ùôòùô† ùôâùô§ùô¨ and 10% off for a limited time at Anchorage's newest dealer  ‚¨áÔ∏è   Alaska Specialty Equipment - Baileys Rent-All  . . Trail Bikes Mountain Bikes Cruisers  EVEN folding bikes.  Prices range from $1,734 to $2,914 üö≤üö≤üö≤üö≤üö≤üö≤üö≤         ASE Baileys üö≤ 6871 Old Seward Hwy., 907-344-9635",,
824,40.0,anchorage,https://anchorage.craigslist.org/bik/d/anchorage-kids-bikes/7454829345.html,2022-04-03 13:57,Kids bikes, steel, kids,,,, Medium,,,,,, 20 in,2,20‚Äù kid bike 24‚Äù kid bike $40 each  Call 907 four four zero-8234,,
825,123.0,anchorage,https://anchorage.craigslist.org/mpo/d/jber-wanted-old-dirt-bikes/7464577224.html,2022-03-29 14:12,Wanted Old Dirt bikes,,,,,,,, any, any,,,,0,wanting old dirt bikes 70s and early 80s running or not  parts and pieces ok call 907 seven two six 76four seven,,
826,1.0,anchorage,https://anchorage.craigslist.org/wan/d/anchorage-wanted-older-bmx-bike/7468374150.html,2022-04-18 16:51,wanted older bmx bike,,,,,,,,,,,,,2,"Looking for 70s, 80s 90s vintage old mid bmx bike or bikes call text 6324759",,
827,9.0,anchorage,https://anchorage.craigslist.org/spo/d/anchorage-ultralight-dry-bags-sizes/7463214840.html,2022-04-18 08:26,"Ultralight Dry Bags- Sizes Large, XLarge, XXL, Medium, and Small",,,, like new,,,,, Dry Bags,,,,3,"(Note: Please don't use a Y.ahoo Email to reply to craigslist ads. Y.ahoo Email has a known bug which causes it to lose craigslist emails, or to hide it in the Spam folder. Instead, please call or text us at 425-51six-4249 or use a non-Y.ahoo email account to correspond on craigslist. Thanks!)  Ultralight Dry Bags- Sizes Large, XLarge, XXL, Medium, and Small.  The bags are ultralight, so to save gas, we can mail them to you if you like. Postage would be about $3 total for several bags. Or, you're welcome to come by and have a look in person.  Great for hiking and camping, kayaking and canoeing, or just for organizing your gear. Anyone who's ever had a wet sleeping bag or wet night clothes, or wet matches, knows how important a good set of dry bags can be. These bags won't weigh you down, and will keep your gear dry !  We have a few bags each, for each of the sizes, in several assorted colors and sizes. All in Like New or Excellent condition.  We'd use the small ones for our wallets, car keys, binoculars, etc. The medium ones for our stove, sleeping pad, water purifier pump, and the Large bags are excellent for securely storing clothes, fleece jackets, supplies, smaller down sleeping bags, and just about everything else. We'd use the XL and XXL ones for storing our tent, or sleeping bag, or larger sleeping pad, etc.  Dimensions: XXL: 16 x 13 inch 15-Liters XLarge: 22 x 10 inch 12-Liters Large: 17 x 9 inch 8-Liters Medium: 14 x 9 inch 4-Liters Small: 11.5 x 7.5 inch 2-Liters  We paid $25 to $35+tax each; selling in excellent condition for half. Larges, Mediums and Smalls $9.95 ea, XXL and XLarges 12.95 ea  These dry bags are top-of-the-line gear. They would go well with other outdoor equipment like camp camping tents picnic stove msr rei cabela marmot outdoor research primus big agnes wenzel Sierra Designs ThermaRest kelty western mountaineering eureka mountain hardware and Sherpa. Can also use with hennessy hammock hammocks eno northface north face nemo eastern outdoor research backpack hike hiking backpack backpacking trail trails map maps bivy sack sacks shelter tarp noah noahs coleman coghlans coghlan's pack packs day sleeping bag bags seat seats chair chairs table and tables. Or for stove stoves flashlight flashlights headlamps headlights headlamp headlight water hydration gps binoculars monocular compass freeze dried freeze-dried food pole poles trekking trek bear dog ski skiing snowshoe and snowshoeing stuff. Or for gear guide book guides mountain bike bikes biking white gas kerosene alcohol denatured platypus nalgene swiss army knife pocket rocket canister gas cartridge bottle or other outdoor gear."," S, L, M, XL, XXL",
828,1600.0,anchorage,https://anchorage.craigslist.org/bik/d/anchorage-1up-bike-rack-for/7472604762.html,2022-04-17 21:05,1UP Bike Rack for 4,,,,,,,,,,,,,0,,,
829,2700.0,anchorage,https://anchorage.craigslist.org/bik/d/wasilla-specialized-fsr-mountain-bike/7472589190.html,2022-04-17 19:10,Specialized FSR mountain bike, aluminum, mountain,,,, Aluminum,,,,,, other/unknown,6,Not used much  Got it in a trade and don‚Äôt much about these bikes.  I looked up what they go for on eBay but can talk price. Original owner was an aficionado of these bikes and had a lot of them and he mentioned a long list of customisations that were above my level of knowledge.,,
830,20.0,anchorage,https://anchorage.craigslist.org/bab/d/girdwood-girls-bike-helmet-fits-ages-14/7472556485.html,2022-04-17 16:34,Girls bike helmet fits ages 8-14,,,, like new,,,, Bell, Focus,,,,2,Girls Bell Focus helmet for scooters and bikes worn once like new!! size 54-58cm.  Adjustable with vents. asking $20.00  85833456one8,,
831,60.0,anchorage,https://anchorage.craigslist.org/bop/d/anchorage-ism-touring-bike-seat/7470227331.html,2022-04-17 03:42,ism touring bike seat,,,,,,,,,,,,,6,"like new, 120$ online  Touring ‚Äì $119.88  Our original saddle. Inspired by the ‚Äúmorning routine‚Äù. The Touring remains a great saddle for upright bikes and a popular choice for the Men in Blue. Several police departments around the country use the ISM Touring saddle. After all, these folks are spending an average of 25 hours a week in the saddle ‚Äì it better be comfy! Great for use with padded bike shorts, or regular everyday clothing. Like all ISM saddles, the Touring is nose-less and designed to remove pressure from soft tissue, ensuring maximum blood flow, no genital numbness, and a healthier, more enjoyable ride.  Key features:      Wide base for maximum stability and rider comfort     Sloped front design allows for easy mounting and dismounting     60-series foam padding  Commonly used for:      Hybrid bikes     Police bikes     City / Commuter bikes",,
832,15.0,anchorage,https://anchorage.craigslist.org/mpo/d/jber-tire-tubes/7459742380.html,2022-04-17 02:07,(2) 2.50-16 Tire tubes,,,,,,,,,,,,,0,"UNIVERSAL FIT 2.25/2.50-16‚Äù OFF-ROAD MOTORCYCLE INNER TUBES - These inner tubes fit motorcycle tires with an inner diameter (rim diameter) of 16 inches, an outer diameter of 21 inches, and widths that are between 2.25 inches to 2.50 inches. It has the same dimensions and specifications as the 70/90-16, 80/80-16, 80/90-16, and 90/80-16 motorcycle tires, and 2.50-16 dirt bike tubes. COMPATIBLE REPLACEMENT INNER TUBES FOR DIRT BIKES, PIT BIKES, AND OFF-ROAD MOTORCYCLE - Several brands and models that are compatible with this size of inner tubes include Honda CRF 80F (front tire), Honda XR 80/XR 80R (front tire), and most motorcycles with standard tires. TR4 STRAIGHT VALVE STEM FOR HIGH TORQUE APPLICATIONS -   Centered with a straight and round stem, the TR4 valve fits most rims with a round valve base. Designed specifically for relatively low psi motorcycle and ATV/UTV tires. As they are secured to the rim with nuts and washers, there is a lesser risk of the valve disappearing down to the rim when pumping air. ENJOY OPTIMUM RIDING COMFORT - Made from natural rubber and butyl blend, these inner tubes have a superior impact and vibration dampening property. And as they are also thicker than average inner tubes in the market, the dampening effect doubles, enabling the inner tubes to work effectively in tandem with the bike‚Äôs suspension system to provide you with the most comfortable ride.  2 tubes/$15 William 240-6005",,
833,125.0,anchorage,https://anchorage.craigslist.org/bik/d/anchorage-bmx-package-deal/7466255592.html,2022-04-16 21:40,Bmx package deal, steel, bmx,,,, Medium large,, Bmx,,,, 20 in,6,Take all these bmx bikes for $110  ‚Äî8 bikes total ‚Äî  some  need to be worked on ‚Äînice project to work in the summer ‚Äîtext if interested 110/8= $13.75 each,,
834,150.0,anchorage,https://anchorage.craigslist.org/bop/d/anchorage-bike-rack-hitch-mountallen/7470440361.html,2022-04-16 20:16,"4 Bike Rack, Hitch Mount,Allen Bike Rack good for Moterhome",,,, excellent,,,, Allen, 4 Bike Hitch Mount,,,,5,"Sturdy Allen , holds 4 Bikes, 2"" Hitch mount Slide in, perfect for large Moterhome. Comes with 2nd bolt on slide for smaller 2"" vehicle! $150  takes it away! PLEASE No Texts, Emails, or Scams , cash only, just call and talk to me , Steven   show contact info",, other
835,3600.0,anchorage,https://anchorage.craigslist.org/bik/d/anchorage-kona-honzo-esd-custom-new/7472289062.html,2022-04-16 19:24,Kona Honzo ESD Custom NEW, steel, mountain, disc (hydraulic), new, none, Large, riser, Kona, Honzo ESD,, suspension fork (hardtail), 29 in,0,"New custom Honzo ESD.  Sold out nationally for 2 years of production.  Ultimate Hard-core hardtail.  This bike can do what few other production bikes can.  Unique geometry for stability, strength and control.  GX Drivetrain, Guide RSC Brakes, Spank Bars, FOX F,actory 36 Fork, 170mm crank, Hellbender Headset, 170mm dropper, XT 11-46, Carbon 40mm rims with 2.6 Goodyear Escape (Rekon-like) and Newton (dhr-like) 240TPI with sturdy sidewalls.  I have other parts should you not like anything on this frame.",,
836,1399.0,anchorage,https://anchorage.craigslist.org/bid/d/anchorage-vtuvia-fat-tire-ebike-750w/7472278382.html,2022-04-16 18:18,Vtuvia Fat Tire eBike.   750w 48v 13ah battery ., alloy, folding, disc (mechanical), new, pedal assist," 20""", riser, Vtuvia, SF20 and SK20,, suspension fork (hardtail), 20 in,20,"aebikestore.com     ************BIKES AVAILABLE ************   Here are two great Folding Fat Tire E- Bikes ready to ride on pavement, trails, snow and sand. Take this E- Bike along camping, boating or even in a road trip. It's easy and convenient to fold and place in the car. Listed below are the specs for the powerful¬† and long distance E-Bike  Bikes are shipped to Anchorage port where you will need to pick them up. Pricing on the SK20 & SF20 is $1399 each and $199 for shipping to Anchorage.    Please visit my website.   aebikestore.com   Hope to hear from you Daniel.  Contact info on aebikestore.com    Bikes are 85% assembled.    Vtuvia SF20 Folding Step Thru Red, White or Black   Vtuvia SK20 step over . Black, Blue or Green    .SF20  & SK20 Foldable  Specifications:   Motor: 48V*750W rear hub brushless motor  Battery: 48V*13Ah removable lithium battery  Max Speed: About 25-28MPH  Range:  40+miles (pedal assistant)   Modes: 3 riding modes. pedal mode, power assist mode, full electric mode  Display: Premium LCD display  Weight: 60lbs (27kg)  Charger: US standard 2.0 A smart charger  Charging Time: AC 100v-240v 1.8amps smart charger,5-6 hours  Rear Lever: Aluminum alloy mechanical disc brake  Seat Height: Highest 42"", Lowest 32""  Total Payload Capacity: 350 lbs  Recommended Rider Heights: 4.9'~6.6'  Pedal Assist Intelligent: 0~5 level pedal assist  Foldable Size: Length 35'', Height 30''  Package Size: 59*13*30 inches   ‚û§Components:   Tires: 20"" x 4"" Kenda fat tires  Brake: Front and rear disc brakes  Controller: 48V 25A Intelligent brushless  Derailleur: Shimano 7 speeds rear derailleur  Frame: 6061 aluminium alloy folding  Front Fork: Alloy front suspension fork with lockout and adjustment  Throttle: Twist throttle  Pedal: Foldable pedals  PAS: 1: 1 intelligent pedal assistant system  Bike Frame: 20inch Aluminium alloy folding  Front Light: LED Front Light  Chain Wheel: Aluminium alloy crank 46T  Seat Post: Aluminium alloy.  Warranty 2 yr frame. 1 year components.   Any questions please reach out to me via email.   aebikestore.com",,
837,79500.0,anchorage,https://anchorage.craigslist.org/rvs/d/wasilla-2018-forest-river-rv-sunseeker/7472268724.html,2022-04-16 17:32,2018 Forest River RV Sunseeker Motor Home Class C Artic package,,,,,,,,,,,,,21,"Artic package 2018 Forest River RV Sunseeker 2650-S-CDW Motor Home Class C  This RV has had a buyers inspection/ system check from Camper Valley RV. This inspection shows that the RV is in excellent condition. Picture of inspection attached.  This RV is equipped with the artic package and solar panels. One of my kids favorite feature was the built-in surround sound with the DVD player . There are also speakers on the outside of the RV with an exterior plug for outdoor entertainment. The master bedroom has a queen bed with walk around both sides. The sleeping space above the driving area is large enough for a queen and a twin or three twin beds. There is also the table that converts to a bed (larger than a twin but smaller than a full). The chassis (motor) is 2018 and the RV (living space portion) is a 2019. It has a ton of storage. The storage container underneath is large enough for bikes. It is 8 feet long and 4 feet wide. A great advantage on the road. The generator has only 37 hours and in great condition. At this price the RV is a great bargain. NADA suggested list price is 91,901 with low retail 74,724 and average retail at 90,054. I've priced it low to sell fast. The price is Firm.   ‚Ä¢ VIN 1FDXE4FS0JDC19174 ‚Ä¢ Miles 47306 ‚Ä¢ Gas Generator with 36.9 hours ‚Ä¢ E 450 engine ‚Ä¢ Solar panel ‚Ä¢ Arctic Package (12V tank heaters)    Sleeps 5-6 ‚Ä¢ A/C with heat pump ‚Ä¢ Surround sound interior and exterior speakers ‚Ä¢ Black out blinds ‚Ä¢ 2 Deep cycle coach batteries ‚Ä¢ ""Easy Access"" battery in step-well ‚Ä¢ 30 Amp service with detachable cord ‚Ä¢ 6 gallon DSI gas/electric water heater ‚Ä¢ 30,000 BTU furnace ‚Ä¢ Emergency start switch ‚Ä¢ Satellite/cable connection ‚Ä¢ Heated, enclosed holding tanks and valves ‚Ä¢ Smoke detector and fire extinguisher ‚Ä¢ Wired in carbon monoxide detector  Exterior ‚Ä¢ Block foam insulation ‚Ä¢ Power patio awning with LED light strip ‚Ä¢ LED exterior lights ‚Ä¢ Roto-cast storage compartments ‚Ä¢ Driver side security light ‚Ä¢ Tinted sliding windows with screens ‚Ä¢ 7,500 lbs. hitch, 7-pin connector ‚Ä¢ Spare tire ‚Ä¢ Integrated entry step ‚Ä¢ Exterior grill quick connect Propane ‚Ä¢ Black tank flush  Cab ‚Ä¢ 7"" Touch screen radio with USB and Bluetooth ‚Ä¢ Cab area privacy curtain ‚Ä¢ Power windows and door locks  Kitchen ‚Ä¢ Recessed 3-burner range ‚Ä¢ Range hood with fan and light ‚Ä¢ Oven drawer ‚Ä¢ Microwave ‚Ä¢ Refrigerator and freezer ‚Ä¢ Flip-up countertop extension  Bathroom ‚Ä¢ Toilet ‚Ä¢ Shower door ‚Ä¢ Towel bar, tissue holder ‚Ä¢ Electric roof fan ‚Ä¢ Shower head with flexible extension ‚Ä¢ Shower skylight  Bedroom ‚Ä¢ Queen mattress ‚Ä¢ Black-out roller shades with black out cover ‚Ä¢ Bedroom TV outlet ‚Ä¢ 12V USB charging station  Living Room ‚Ä¢ Dinette convert Bed ‚Ä¢ 12V LED flat panel adjustable side TV ‚Ä¢ TV with DVD ‚Ä¢ Surround sound speakers ‚Ä¢ Child seat tethers in dinette ‚Ä¢ Max Air fan in living room ‚Ä¢ LED lighting throughout ‚Ä¢ Swivel caption chair ‚Ä¢ 12V USB charging station  Above Cab Sleeping Area ‚Ä¢ Large area above cab that easily fit two twin mattresses Storage ‚Ä¢ Large exterior storage area about 8ft long by 4 ft wide with room for bikes see photo",,
838,550.0,anchorage,https://anchorage.craigslist.org/spo/d/anchorage-saris-bike-hitch-rack/7472222713.html,2022-04-16 14:50,Saris 4-Bike Hitch Rack,,,,,,,,,,,,,0,,,
839,2800.0,anchorage,https://anchorage.craigslist.org/bik/d/anchorage-all-city-custom-road-bike-55cm/7472209446.html,2022-04-16 14:11,All City custom road bike 55cm, steel, road,,,, 55cm,, All City,,,, 700C,5,"10th anniversary All City Mr Pink 55cm Custom 11 speed Ultegra build with Whiskey carbon fork, handlebar and seatpost Hand built wheels with Japanese H+ Sun rims on Ultegra hubs Chris King Headset like new, less than 200 miles  Love the bike, but it's a size too big, All City 55cm is closer to a 56-57cm on most bikes",,
840,40.0,anchorage,https://anchorage.craigslist.org/for/d/anchorage-harley-davidson-stein-genuine/7465390480.html,2022-04-15 20:54,"Harley Davidson Stein, Genuine HD Merchandise.",,,,,,,,,,,,,0,"Genuine Harley Davidson Stein. See pics for details.  Not pristine, but no chips, cracks, or breakage. No fading or discoloration that I can tell.   It's been collecting dust to long. I sold My bikes some time ago and got into other hobbies. One only.   40.00 cash, and firm.  Inquire with good local number with your name and I will call you back.  Pick up in Anchorage near SBS off Minnesota.",,
841,1599.0,anchorage,https://anchorage.craigslist.org/bid/d/anacortes-fat-tire-mountain-bike-vtuvia/7471912015.html,2022-04-15 20:53,Fat Tire Mountain E-Bike Vtuvia Brand. (NEW), aluminum, mountain, disc (mechanical), new, pedal assist, Medium, flat, Vtuvia, SJ26,, suspension fork (hardtail), 26 in,17,"Here is a great Fat Tire E-Bike to get you out enjoying the Anchorage Trail System. Frame is high strength aluminum alloy with suspension fork and 26 inch wheels. Top speed averages about 28mph and Dual Mechanical Disc Brakes to slow you down. This ebike has both pedal assist and throttle.   THIS IS A REALLY FUN eBIKE WITH LOTS OF POWER!  aebikestore.com  Price : $1599 + $199 shipping to the Anchorage port. Shipping added when you enter the address.  Discount available on shipping with the purchase of two bikes.  PayPal interest free pmts available with approved credit.  Send me an email or call with any questions you may have. My contact information is on my   website:.     aebikestore.com  BIKES ARE IN STOCK AND READY TO SHIP.   SHIP ON TUESDAYS RECEIVE ON MONDAY.   I have sold 20+ in and around the Anchorage area.  Hope to hear from you, Daniel  SPECIFICATIONS:  Color: BLACK. Rims Black also.   Battery: 48V 13 AH-Lithium Battery  Charger: AC 100v-240v 1.8amps smart charger  Input: 100~240V - 50/60Hz  Include: charger and power cord.  Display :LCD Displays, Battery; Speed; Mileage; Five levels PAS for easier riding  Motor: 750W Brushless Gear Motor  Tires: Kenda 26'' X 4.0'' 60 TPI Fat tires  Rim: Alloy, CNC side wall  Suspension: Hydraulic suspension fork  Chain Wheel: Aluminium Alloy Crank 44T  Rear Derailleur: Shimano 7 Speed  PAS:1:1 intelligent pedal assistant system  Brake: Shimano Disc brake  Frame: 26'' Swordfish aluminium alloy frame  Mileage: 22 Miles(electric only), 40+Miles (pedal assistant)  Throttle: Thumb throttle  Top Speed: 22-28 mph ( Weight Dependent)  Charging Time: 4 - 5 hours.  Maximum Load: 275 Lbs  Gross/ 76 Lbs  Package Size: 61x31.5x13in  Warranty 1 year Frame , 1 year components.  Video:https://youtu.be/xnGZP9AyG1w",,
842,275.0,anchorage,https://anchorage.craigslist.org/bik/d/jber-mens-700c-nazz-elegant-gravel-road/7471841801.html,2022-04-15 15:43,"Men's 700c Nazz Elegant Gravel Road 14-Speed Bike, Dual Disc Brakes", steel, gravel, disc (mechanical), like new, none," 51""L x 8""W x 30""H", drop, Kent, Nazz Elegant / 82780,, other/unknown, 700C,4,"This is a 700c road bike from Kent that is made for all sorts of different terrain options. People call these bikes many things from a Gravel Grinder to an Adventure Road Bike to an Urban Adventure Bike or whatever you would like to call this versatile bike. The Kent Nazz will answer the call for many riding surfaces and styles. The Steel frame and fork with 700C x 40 textured tires will keep you riding solid and smooth on gravel or paved pathways or pothole filled urban roads. The front and rear cable actuated disc brakes provide powerful braking when things get fast and keep you in full control regardless of the road surface. Adventure Bike inspired 2X drivetrain has Shimano shifters and a Shimano rear derailleur to give you all the gearing you need to tackle any terrain you may encounter on your cycling adventure. The Kent Nazz will be the bike that easily fill all of your biking needs. Kent Bicycles 700c Nazz Men's Gravel Road Bike, Black: * Adventure Bike Geometry * Sturdy Steel frame * 14-Speed Gravel Bike * Front & rear Mechanical Disc Brakes * Adventure Bike 2X Drivetrain * Shimano Shifters * Shimano Rear Derailleur * 38/48 Tooth crank * 14-28 Tooth Freewheel * 700C x 40 Gravel Tires",,
843,1700.0,anchorage,https://anchorage.craigslist.org/bik/d/anchorage-salsa-fargo-size-xs/7468230784.html,2022-04-15 15:41,Salsa Fargo Size XS,,,,,,,,,,,,,0,,,
844,10.0,anchorage,https://anchorage.craigslist.org/hsh/d/jber-twin-bedding-set-sheets-pillow/7471481255.html,2022-04-14 20:13,"Twin Bedding Set - Sheets, Pillow Case, Comforter, Sham",,,, excellent,,,, Your Zone, City Line,,,,5,"City Line twin bedding set by Your Zone includes sheets, pillow case, comforter and sham.  Used for one guest who stayed three weeks - in barely used condition.  Fabric is 100% polyester, including comforter fill; machine washable.  Sheets are medium blue.  Comforter and sham are printed in a transportation pattern (cars, planes, bikes, etc.) The bag it all comes in is reusable.   1 twin comforter 66 in. x 86 in. 1 standard pillow sham 24 in. x 30 in. 1 flat sheet 66 in. x 96 in. 1 fitted sheet 39 in. x 75 in. 1 standard pillowcase 20 in. x 32 in.", See above,
845,64000.0,anchorage,https://anchorage.craigslist.org/rvs/d/anchorage-2013-coachmen-leprechaun/7471066287.html,2022-04-13 21:11,2013 Coachmen Leprechaun M260QB,,,,,,,,,,,,,12,"We're selling to upgrade to larger unit. Got this RV last summer but find ourselves cramped with 4 of us plus our 2 dogs. We ran it a couple trips to Kenai and Seward. We're several thousand below NADA. M260QB,  28 foot model, LX package. Will sleep 6-8 depending on folks' size. Couch is jackknife model plus the overhead queen bed and the dinette makes a bed. Capacities-55 gallons fuel, 29 black tank, 25 grey. 16 gallons propane. This RV is set on a Chevy chassis with a 6.0 liter gasoline engine and has loads of power if you're in a hurry to get to your fishing spots. RV includes a TV/monitor and 12 volt plug ins plus 110 off the gen set, Onan 4K model.  Has a convection microwave oven, a 3 burner range top, and lots of cabinet space. The slide out includes the couch and kitchen stove giving plenty cook prep space not to mention leg room. Awning over slide. Glass shower enclosure with light and skylight. Bathroom actually has room enough to do the deed in comfort. Kitchen sink faucet with pull out sprayer. The entry door has two steps up into the RV but no steps outside to deal with. Full electric awning which is just awesome. Don't think I'll ever have a manual one again. Has backup camera plus side turning blind spot cameras to let you know if some idiot is beside you while you're trying to turn. All tires brand new in late July. New air filter. Has huge rear storage space that will hold kids' bikes no problem plus lots more. Has a huge led light bar but one half is not working so sorry about that. The side that works could spot a moose from here to Yellowstone though! Please text or call for details and showing. Not yet winterized so you can take it camping this weekend!",,
846,150.0,anchorage,https://anchorage.craigslist.org/bik/d/anchorage-schwinn-varsity/7466629196.html,2022-04-13 15:46,Schwinn varsity, steel, road,, good,," 24""",,, Schwinn,,, 27 in,5,"Description  Here is an original February 1979 VINTAGE  (The mens SCHWINN VARSITY 10-speed road bike with 27"" wheels. It is in the original and very appealing CAMPUS GREEN factory paint. If you like unique unrestored original bikes with BETTER FEATURES, this may be a great bike for you. With the insanely high price of gas (and the economy being bad) now is the time to ride a cool vintage bike!  *This bike has a cool mens original road bike frame and forks with original paint and decals, with a little wear cool and comfortable riding street bike style handlebars, wrapped hand grips, Schwinn neck, twin stick shifters, Schwinn derailleur, Center Pull brakes, Schwinn cruiser bike seat/saddle, bear claw pedals, and more!  This bike has the convenience of 10-speeds!  *Remember the Schwinn Continental and Varsity road bikes? EVERYONE wanted one back in the day! Now you almost never see them! Bring back some fond memories and create some great new ones as well!  *The tires are 27x1 1/4"". They are new and hold air *The bike is an original TEN SPEED and the gears do operate may need adjustment. The hand controlled brakes are operable as well. (May need adjustment)  *DIMENSIONS  A good height for a slightly taller rider that would enjoy a vintage Chicago Schwinn bicycle! The standover height is approx 33 1/4"". The distance from the floor to the top of the seat post clamp is approx 34"". The distance from the center of the crank to the top of the seat post clamp is approx 24"". The center of the handlebar stem to the center of the seat post is approx 22"". The bike will accomadate most any rider comfortably. The seat height is easy to adjust.",,
847,10000.0,anchorage,https://anchorage.craigslist.org/bpo/d/wasilla-boats-needed/7470506905.html,2022-04-12 13:40,Boats needed,,,,,,,,,,,,,0,"BOATS , Vehicles, Motor Bikes, Atv's (4x4's) , Side X Sides, Heavy EQUIP>,TRUCKS ETC + summer items needed for consignment yard  I will SELL your machine for you it is that easy (((FREE UP YOUR TIME CONSIGN))) Please no calls before 10am or after57pm. show contact info  Big Lake Rd.",,
848,100.0,anchorage,https://anchorage.craigslist.org/bop/d/anchorage-fox-tailgate-pad/7470497198.html,2022-04-12 13:18,Fox tailgate pad,,,, excellent,,,, Fox,,,,,0,Excellent tailgate pad Fits full size trucks Holds 6 bikes secure and keeps tail gate perfectly safe Allows use of back up cam Used 1 season  Looked great on my Ram 1500,,
849,70.0,anchorage,https://anchorage.craigslist.org/bik/d/anchorage-schwinn-girls-18-bike/7469570283.html,2022-04-10 12:12,"Schwinn Girls' 18"" Bike", steel, kids, coaster, excellent,, Unknown,, Schwinn, Koen and Ellm, 20A16575,, 18 in,0,"This Schwinn Girls' 18"" bike is in excellent condition.  Ridden for only 1 season last year, now it is too small for her.  Includes the owners manual, helmet, and training wheels that were never installed.  These Schwinn bikes are designed for beginning riders and are high quality.  Has both coaster and front hand brakes. Bought on amazon last year for over $170.",,
850,400.0,anchorage,https://anchorage.craigslist.org/bop/d/anchorage-kuat-sherpa-20-bike-rack/7469554192.html,2022-04-10 11:36,Kuat Sherpa 2.0 bike rack,,,,,,,,,,,,,0,,,
851,40.0,anchorage,https://anchorage.craigslist.org/bop/d/anchorage-bike-car-trunk-carrying-rack/7469240726.html,2022-04-09 13:54,2 Bike Car Trunk Carrying Rack,,,, excellent,,,, Saris, Sentinel,,,,2,"Saris Sentinel 2 Bike Car Trunk Carrying Rack Used on a Pontiac GrandAm we no longer have but supposed to fit most sedans. Carries 2 bikes. Folds down flat for compact, convenient storage. Coated hooks protect and heavy-duty foam pads protect vehicle's finish. Instruction manual included. Excellent condition",,
852,5.0,anchorage,https://anchorage.craigslist.org/mcy/d/anchorage-motorcycle-lovers-auction/7469129014.html,2022-04-09 09:57,üèçMotorcycle Lovers Auction!,,,,,,,,,,,,,23,https://apexauctionsak.hibid.com/catalog/358491/multi-property-estate-auction--easter-sunday-auction--3/  Highlights from this auction include: Rare 1980 Harley-Davidson FXB Sturgis 2005 Harley Davidson FLSTS 1977 Vespa Rally 200 1978 Honda Goldwing & Yamaha parts bikes Unused Harley Exhaust Systems Hand-painted Fuel Tank Covers    And so much more!,,
853,2399.0,anchorage,https://anchorage.craigslist.org/bik/d/anchorage-felt-triathlon-bike-with/7468702621.html,2022-04-08 10:30,Felt Triathlon Bike with Kickr Snap Trainer, carbon fiber, road, caliper, like new,,,,,,,,,10,"2020 Felt B Performance Size 56, I am 5‚Äô10 and it fit me well Ultegra / 105 mix components Barely used, purchased in January 2020, used for 19 indoor rides on trainer, 7 outdoor rides Less than 230 indoor miles  Less than 200 outdoor miles  Professional tuned up last summer (2021) and rode once   Changes from stock (pics include changes):   Wheelset - Reynolds AR Carbon Clincher 58 - 1124  Stock rear wheel w/ an additional cassette and trainer tire available for use on trainers  Stock front wheelset included Profile Design Front Hydration  Saddle - ISM PR 2.0 Look Keo Carbon Blades    Tech Specs: https://feltbicycles.com/collections/2020-bikes/products/b-performance-ultegra-mix-2020?variant=22709582823542    Bike Total: $2,050  With Wahoo Kickr Snap: $2,399  Wahoo Kickr Snap (if purchased separately): $390",,
854,50.0,anchorage,https://anchorage.craigslist.org/bik/d/anchorage-bike-hitch-carrier/7468391270.html,2022-04-07 15:32,Bike hitch carrier, other/unknown, other,,,, All,,,,,, other/unknown,0,"Hitch bike carrier. Has attachment to fit both 2inch and 1 1/4 size hitches. Holds two bikes, $50.  Contact 2zero93two647two2",,
855,50.0,anchorage,https://anchorage.craigslist.org/bop/d/palmer-hollywood-tire-mount-bike-rack/7465392648.html,2022-04-04 10:33,Hollywood Tire Mount 2 Bike Rack,,,,,,,,,,,,,0,"Rear spare tire mounted bike rack fits two bikes.  Great condition, easy to use.  These are $120 brand new.  Asking $50.  can deliver to Anchorage.  Text is best  9o7 338 8o99",,
856,125.0,anchorage,https://anchorage.craigslist.org/bop/d/anchorage-reese-bike-rack/7466190277.html,2022-04-02 12:12,Reese 4 Bike Rack 2'',,,,,,,,,,,,,4,"Holds 4 bikes, fits 2 inch receiver.    Asking $125.   show contact info",,
857,40.0,anchorage,https://anchorage.craigslist.org/bop/d/wasilla-single-bike-bike-rackreceiver/7465250619.html,2022-03-31 08:48,"SINGLE BIKE BIKE RACK,RECEIVER HITCHMOUNT.",,,, new,,,, HOLLYWOOD, SINGLE BIKE MOUNT,,,,7,"NEVER USED SINGLE MOUNT BIKE RACK. MADE TO SLIDE INTO RECIEVER HITCH. BIKE TIRE,RIM,IS STRAPED DOWN INTO CARRIERS THEN HOOK RATCHETS DOWN ONTO BIKES TOP BAR.VERY SECURE! BIKE NOT INCLUDED.PHONE CALLS ONLY üìû CALL NINEO73FIVE5ATE6ATE4.    JOE"," 5'√ó17"" UNFOLDED", other
858,48000.0,anchorage,https://anchorage.craigslist.org/rvs/d/anchorage-2012-mercedes-sprinter/7464671450.html,2022-03-29 19:38,2012 Mercedes sprinter,,,,,,,,,,,,,12,"2012 Mercedes sprinter 2500 (RWD) Rear wheel drive short wheel base 144/ high roof.  3.0 turbo diesel  127,000 miles  Van will be available for viewing anytime after may 1st   ‚Ä¢Insulation/heating   1 inch insulation foam board 1/2 subfloor and laminate flooring. -Van walls/roof  Fully insulated with  .55 linear feet of 3m 600l thinsalint  -144 sq ft of 50mil KilMatt  -Gaps filled with spray foam  -AirMax 4 speed roof fan  -Espar d2 diesel heater  ‚Ä¢Maintenance  Raw tec performance def/egt delete ECU was sent out to Malone tuning  with eco tune.  -Factory garret turbo replaced at 78k  -New fuel filter replaced at 78k  -Full rebuild of front end. summer 2021  Shocks  Wheel speed sensors New oem spindles with wheel bearings  Tie rods  Alignment Ball joints  Black rhino overland wheels with BF good wrench all tariens 265/75/17 oversized spare tire drop bracket kit with spare.  Brake pads and rotors April 2020 front and rear     ‚Ä¢Exterior  -The exterior was painted Toyota army green in winter of 2019  -Custom built roof rack with 40inch flush mount led light bar  -8 inch back up/ led camp lights  -Arb 8x8 awning with led dimmable lights and complete mesh enclosure  -Ridgeline custombuilt overland swinging bike rack caries 3 bikes. Including Yakima front loader x3  -Ridgeline custom built overland swinging generator mount.  -Aluminus driver side roof ladder -20% tint on windows  -Cr lurance t-vent window on driver side  -INTERIOR  -3000w renogy power inverter mounted -Renogy 20mp solar charger and 100w solar panel mounted  -Pioneer touch screen avh-2300 Indash DVD player/head unit with back up camera  -Pioneer 6x9s in rear doors  -20% tint on windows  -Cr lurance t vent window on driver side  -Max air 4 speed vent fan   -Queen bed that also folds into a bench  -LED dimmable roof lights  -12 gallon water with shower nozzle with florite pump -van essential window coverings Overhead shelf/storage",,
859,15500.0,anchorage,https://anchorage.craigslist.org/snw/d/anchorage-2017-ktm-xcf-snowbike/7464052211.html,2022-03-28 10:37,2017 KTM 450 & 350 xcf Snowbike,,,,,,,,,,,,,4,"2017 KTM 450 XCF and 350 XCF w/ Yeti 129 ss Track kit.  Lots of extras...  Roughly 25k into both setups.  Only 40 and 27 hours on the bikes, oil changed every 2nd ride.  Always stored indoors.  Extras include high output stator, Baja designs headlight, heated handle bars, hand guards, engine blanket, rekluse clutch, food pegs, skid plate, pipe guard, seat concepts seat, thermostat, pelican box and more.  This bike has never been on the dirt but does come with all components to convert to a summer toy.   $15500 each   Will consider Trades...  snowbike, snow bike, timbersled, snowmachine, snowmobile, trade, yeti Robert 907-884-six three three five",,
860,2900.0,anchorage,https://anchorage.craigslist.org/bik/d/anchorage-2022-trek-farley-fat-bike/7463833927.html,2022-03-27 21:10,2022 Trek Farley 7 Fat bike, aluminum, other,, like new,, Medium,, Trek, 2022 Farley 7,, suspension fork (hardtail), 27.5 in,7,"Owner notes: Bought in November 21‚Äô new. Upgrade to tubeless + flat pedals. Studded tires. Used winter 2022 (November- March).  Like-New condition. Love this bike; it‚Äôs a sweet, sweet, machine. You‚Äôll be stoked on the way it climbs with the hub and cassette, and appreciate the dropper post and front fork when you‚Äôre ready to get Sendy.   ‚ÄúFarley 7 is the mountain biker's fat bike. It feels and handles like your regular rig, but it can surf on sand and snow, too. The lightweight aluminum frame, wide-range drivetrain, dropper post, and Manitou Mastodon fork make it the ideal ride for hot shot shredders who wanna get rad in every season.‚Äù  https://www.trekbikes.com/us/en_US/bikes/mountain-bikes/fat-bikes/farley/farley-7/p/35152/  Frame: Size Medium Platinum Alluminum Fork: Manitou Mastodon 34 Comp air spring. Damper & lock out.  80mm Travel. Through axle: 150x15mm Wheels/Tires: 27.5‚Äù Tubeless set up. Alloy, Bontrager Gnarwhal Studded.  Drive Train: SRAM NX Shifter 12 speed.  Rear Hub: Rapid Drive 108 hub Derailleur: SRAM GX Eagle Cassette: SRAM PG-1230 Eagle, 11-50T, 12 speed.  Chain: SRAM NX Eagle 12 speed Dropper post: TranzX JD-YSP 18, 130mm travel.",,
861,1699.0,anchorage,https://anchorage.craigslist.org/bid/d/anchorage-fat-tire-mountain-ebike/7463815592.html,2022-03-27 18:55,Fat Tire Mountain eBike Vtuvia Brand (NEW), aluminum, mountain, disc (hydraulic), new, pedal assist," 26""", riser, Vtuvia, SN100,, suspension fork (hardtail), 26 in,21,"Here is a great Fat Tire E-Bike to get you out enjoying the Anchorage Trail System. Frame is high strength aluminum alloy with suspension fork and 26 inch wheels. Top speed averages about 28mph and Dual Hydraulic Disc Brakes to slow you down.  aebikestore.com    Price :  GREEN MACHINE $1699 + $199 shipping to the Anchorage port.   BLACK $1799 + $199 shipping to Anchorage port    CAMO color $1799 + $199 shipping to Anchorage port. Limited availability .   Discount available on shipping with the purchase of two bikes.   PayPal interest free pmts available with approved credit.   Send me an email or call with any questions you may have.   My contact information is on my website aebikestore.com   I have sold 20+ in and around the Anchorage area.   Hope to hear from you,  Daniel   LEAN MEAN & GREEN and BlACK now available.   Specifications for this bike are as follows  SN100 Green Fat Tire Mountain 26""x4"" Fat Tire 750W 48V Electric Bike (VTUVIA)  Battery: 48V 13AH Li-ion Battery Motor: Vtuvia 48V 750W Rear gear brushless Controller: 48V 13 ah Distance: 40+ miles  Frame: 6061 Aluminum Alloy Display: M5 High Definition LCD Fork: MOZO Suspension Fork Brake: TEKTRO hydraulic Disc Brake Tire: 26""x4"" KENDA Derailleur: 7 Speed Shimano Light: LED Front light Throttle: Thumb Throttle PAS: 1:1 intelligent pedal assistant system Color: GREEN     **Note: Bike rims are solid Green ..   **Bike Requires minimal assembly. Bike is 85% assembled. Remaining assembly is simple and support is provided if needed**    Model: SN100 Watch video below.   https://youtu.be/fQ7VhtQv--Q  Warranty  Electrical system: 1 Year   Frame: 2 year",,
862,150.0,anchorage,https://anchorage.craigslist.org/bik/d/anchorage-bicycle/7463705643.html,2022-03-27 12:55,bicycle, steel, road,,,, ?,,,,,, 27 in,0,selling a road bike that my wife used.  we have too many bikes.,,
863,490.0,anchorage,https://anchorage.craigslist.org/bik/d/anchorage-miyata-310-road-touring-bike/7451745948.html,2022-03-27 08:55,Miyata 310 Road Touring Bike, steel, road, caliper, good,, 56cm, drop, Miyata, Three Ten,,, 700C,7,"This Miyata 310 road touring bicycle shows impeccable Japanese workmanship. Vintage bikes of this era have a more stable, comfortable frame geometry than many modern road bikes, and are highly sought-after. Perfect for a ride around town or a tour with saddle bags. Steel frame (aluminum is for beer cans).  ‚Ä¢Size: 56cm  ‚Ä¢Top Tube: 21""  ‚Ä¢Stand Over Height: 32""  ‚Ä¢Wheel Base(approx): 40.5""  ‚Ä¢Color: Sea Green/White  WHEELS AND TIRES  ‚Ä¢Hubs: Shimano Quick-release Skewers  ‚Ä¢Rims: UKAI 700 x 25C  ‚Ä¢Tires: (Front) Kenda 700 x 38c (Rear) Heng Shin 700 x 35c  ‚Ä¢Spokes: 14G Stainless steel  COMPONENTS  ‚Ä¢Frame: Cro-mo triple butted tubing, forged dropouts, concave seat stay tops  ‚Ä¢Fork: Manga light with Semi-Sloping Crown (Curved Blades)  ‚Ä¢Brakeset: Shimano BR-570 Q.R. Tire Guides with hooded levers  ‚Ä¢Shift Levers: Shimano (downtube)  ‚Ä¢Gears: 12-speed  ‚Ä¢Handlebar: Sakae Signature Alloy Drop  ‚Ä¢Handlebar Stem: SR Custom Alloy  ‚Ä¢Professionally serviced in November '21 -- 5 miles ridden since last service.  IF THE AD IS STILL UP, IT IS STILL FOR SALE.",,
864,350.0,anchorage,https://anchorage.craigslist.org/bik/d/chugiak-schwinn-heavy-duti-its-heavy/7472996061.html,2022-04-18 16:54,Schwinn Heavy Duti  ( It‚Äôs heavy duty), steel, cruiser, coaster, excellent, none, full size mens, cruiser, Schwinn, Heavy Duty,, none (rigid), 26 in,3,Great bike !,,
865,75.0,anchorage,https://anchorage.craigslist.org/bop/d/anchorage-cogburn-gear-carrier/7472961261.html,2022-04-18 15:14,Cogburn Gear Carrier,,,,,,,,,,,,,3,"Cogburn Gear Carrier  Located in Anchorage. If interested email me your name and number. This mounts to your bike rack. It can hold shovels, rakes, bows, fishing poles, boom sticks, a flag, or anything else you want. Modified it to attach to a bike rack using two wire clamps. I don't have the stock clamps anymore. These retail for $130 Asking $75",,
866,2500.0,anchorage,https://anchorage.craigslist.org/snw/d/wasilla-skyteam-125/7464476528.html,2022-04-18 13:05,Skyteam 125,,,,,,,,,,,,,0,"I have a skyteam 125 cc bike, wide tires street legal runs on the beach, trails, or the street. Ideal at a camp or lodge. Runs great, has less than 300 miles on it, like new.",,
867,15000.0,anchorage,https://anchorage.craigslist.org/mcy/d/palmer-2013-hd-road-king-110-anniversary/7472902947.html,2022-04-18 12:58,2013 HD Road King 110 Anniversary,,,,,,,,,,,,,6,"Up for sale is a 2013 Road King 110th Anniversary edition numbered bike.  Single owner motorcycle with just over 11k miles.  All service has been performed at Denali HD.  I've added some chrome, LED headlight and running lights and Rinehart pipes to make it sound like a man's bike.  The paint on this thing looks spectacular in the sunlight with the gold metal flakes in it.  Great looking bike that's been babied it's whole life.    I do not need help selling it so please don't ask.  Also, I'm sorry that you're stuck on a research ship in the middle of the Indian Ocean or wherever else you may be but no I won't do some weird deal with your friend who is going to pay me in money orders.    I'm asking $15,000 or best offer.    Email to this ad or text me at 9 zero 7 77 five zero 37 zero.",,
868,2500.0,anchorage,https://anchorage.craigslist.org/bik/d/sterling-fat-bike/7472829490.html,2022-04-18 10:41,Fat E-bike, steel, other, disc (mechanical), good, throttle," 15""", cruiser, Minnesota Framed, e bike,, suspension fork (hardtail), 16 in,2,"Minnesota Framed E bike, Luna electric kit , 2 52 volt batteries, charging unit, 2 sets of tire ,1 studs, 1 lug tread",,
869,189.0,anchorage,https://anchorage.craigslist.org/bik/d/anchorage-specialized-kids-bike/7472828072.html,2022-04-18 10:39,Specialized Kids Bike, other/unknown, cruiser, caliper, excellent,, 0, aero,,,, none (rigid), 18 in,3,Kids bike. Specialized bike Used one summer Two years old,,
870,11000.0,anchorage,https://anchorage.craigslist.org/mcy/d/wasilla-2021-ktm-500-xcf/7472797706.html,2022-04-18 09:40,2021 KTM 500 XCF-W,,,,,,,,,,,,,3,"2021 KTM 500 XCF-W  this is the real deal, snow and dirt king of Alaska AND its plated and ready to rally legally.   11k in its stock fashion or I can include some extras if desired. Taco Moto Athena GET ecu with Wifi module. allows control over fueling and ignition using your phone. Rekluse Radius CX clutch. complete smog delete and Pro Moto Billet endcap.   all in all an excellent bike. pulls like a frieght train and has traction control.   11k",,
871,15.0,anchorage,https://anchorage.craigslist.org/clt/d/anchorage-legos-legos-legos-all-new/7466249215.html,2022-04-18 06:08,"LEGOs, LEGOs, LEGOs!!! All NEW!!!",,,,,,,,,,,,,0,,,
872,1399.0,anchorage,https://anchorage.craigslist.org/wtd/d/la-puente-20x9-20x105-deep-concave-huge/7472657675.html,2022-04-18 05:10,"‚≠ï 20x9 /20x10.5 Deep Concave, Huge Lip AC Wheels Special¬†",,,,,,,,,,,,,20,"20x9 /20x10.5 Deep Concave, Huge Lip AC Wheels Special¬†  Black,Red,Green, Blue--No Credit check Needed  You can see more products by visiting our website. https://audiocityusa.com/shop/AC-Wheels/  audiocityusa.com  -  since 1989  888-814-1158   (Open - 7am to 5.30pm -Mon to Sat,  10am to 5pm-Sun  PST)  Extreme Deep Concave  w/Super 7‚Äù Lip Wheels  Biggest Selection &lowest price guarantee !!!!!!!!  EZ Financing( No Credit Needed) Instant Approval Apply Now at audiocityusa.com and get approved instantly If you have a checking account and job, you are already pre-qualified https://audiocityusa.com/shop/No-Credit-Needed-wheel-Financing.html¬†  Available Tire Size and Brand‚ÄìAccording to Vehicle (Additional) Brand -Lexani/ Lionhart/ Delinte and more..  Wheels /Tires PKG (Free Lock and Lugs, Free Mount and Balance) 225-35-20/245-30-20/245-35-20/255-30-20/255-35-20/275-30-20/285-30-25/295-25-20  Available Bolt Pattern  5.114/ 5.115/ 5.120/ 5.112/ 5.100/ 5.108/ 5.105/5.110 /5.127 (According to Vehicle)   +++Fits on +++ Fits on  ACURA CL ILX Integra Legend MDX NSX RDX RL RLX RSX TL TLX TSX ZDX  AUDI A3 A4 A5 A6 A7 A8 A8L S3 S4 S5 S6 S7 S8 RS3 RS4 RS5 RS6 RS7 Q3 Q5 Q7 Q3 RS SQ5 R8 TT TTS TTRS  BENTLEY ARNAGE AZURE CONTINENTAL GT GTC FLYING SPUR MULSANNE  BMW 1 2 3 4 5 6 7 8 Series xDrive  i3 i8 1M M2 M3 M4 M5 M6 X3 X5 X6 X3 M X5 M X6 M X6 Z3 Z4 Z4 M Z8 320 328d 328i 335i 318 528 535 550 640 650 730 740 750 Buick Century Enclave Grand National LaCrosseLeSabre Lucerne Park Ave Rainier Reatta Regal Rendezvous Riviera  TerrazaVerano  Cadillac ATS ATS-V CT6 CTS CTS-V Deville DTS Eldorado Seville SRX STS STS-V XLR XT5 XTS   Chevrolet  Chevy  CamaroCamaro SS Camaro 2SS LTZ1Colorado ColoradovXtreme  Corvette C5C6 Z06 Stingray   El Camino Equinox HHR Impala Impala SS Malibu Monte Carlo Monte Carlo GM GMC  Chrysler 200 300C 300C AWD SRT 300M Aspen Concorde Crossfire Pacifica PT Cruiser Sebring Town and Country  Dodge Avenger Caliber SE  SXT Caravan Challenger SRT8 Charger Charger AWD Grand Caravan Magnum Neon 4-lugs Neon 5-lugs Nitro   Ford Bronco Contour Crown Victoria Edge Focus Fusion Mustang V6 GTGT 5 GT 5.0Shelby  Cobra Ranger Taurus / SHO Thunderbird  Honda Accord Civic Cross Tour CR-V Element Odyssey Passport Pilot Prelude Ridgeline S2000  Hyundai Accent AzeraElantraEquus Genesis Genesis Coupe Santa Fe Sonata Tiburon Tucson Veloster  Infiniti FX35 / 45 /50 G35 G37 M35 / 45 M37  Jaguar F-Pace F-Type S-Type X-Type XE XF XJ XK  Jeep Cherokee Compass Grand Cherokee Grand Cherokee SRT8 Liberty   KIAAmanti Cadenza Forte Optima Sedona Sorento Soul Sportage Chevrolet  Chevy  CamaroCamaro SS Camaro 2SS LTZ1Colorado ColoradovXtreme  Corvette C5C6 Z06 Stingray  El Camino Equinox HHR Impala Impala SS Malibu Monte Carlo Monte Carlo  (if you don‚Äôt see your vehicle, give us call at 888-814-1158) audiocityusa.com  -  since 1989  888-814-1158   (Open - 7am to 5.30 pm -Mon to Sat,  10am to 5pm-Sun  PST) Local pick up welcome/ Same day shipping Check out our extensive selection of wheels on cars @ AudioCityUSA.com  Why should I buy AudioCityUSA? 1) Lowest prices guaranteed 2) Guaranteed Fitment 3) Fast Shipping¬† 4) Easy Financing (Easy to Apply, Instant Decisions) ¬†Customer Satisfaction is our #1 priority  We also carry below brand 4Play AC Forged Ace Alloy American Off-Road ¬†American Racing American Truxx Asanti Avant Garde Avenue¬†Azad Beyern Black Rhino Black Rhino Off-Road Blaque Diamond Borghini Cali Off-Road Capri Luxury Concept One¬†Cray Curva Dcenti Diablo Dirty Life Off-Road DUB Element ESR Factory Flow Form Factory Reproductions Ferrada Fuel Off-Road¬† Full Throttle G-Line Gianelle Gianna Gima Giovanna Hardrock Havok Off-Road Heavy Hitters HELO HELO Off-Road Hostile ¬†Ion IROC K2 Off-Road KMC Koko Kuture Kronik ¬†Lexani Forged Lexani Mandrus Marquee¬†Mayhem Mazzi Method Race Off-Road Milanni MKW MKW Off-Road Morder Motegi Racing Moto Metal MRR Niche ¬†Noir Elite NS OEM Replica Off-Road Monster Pinnacle Pure Grit Off-Road RBP ¬†Red Dirt Road Off-Road Rennen Ridler Road Force Rohana Rosso ¬†Rotiform RSR Ruff ¬†Savini Forged Savini ¬†Scorpion Sevizia Shift ¬†Sporza Stance ¬†Status Alloy ¬†STR Strada TIS Off-Road TIS ¬†Touren TOXIC Off-Road ¬†TSW ¬†Tuff ¬†U2 Variant Varro VCT Velgen Velocity Verde Versante Vertini ¬†Victor Equipment¬†Vision Off-Road ¬†Vision ¬†Vorsteiner Vossen White Diamond Wire Wheels Xcess XD ¬†XIX ¬†XO Zenetti and more  ACURA CL ILX Integra Legend MDX NSX RDX RL RLX RSX TL TLX TSX ZDX AUDI A3 A4 A5 A6 A7 A8 A8L S3 S4 S5 S6 S7 S8 RS3 RS4 RS5 RS6 RS7 Q3 Q5 Q7 Q3 RS SQ5 R8 TT TTS TTRS BENTLEY ARNAGE AZURE CONTINENTAL GT GTC FLYING SPUR MULSANNE BMW 1 2 3 4 5 6 7 8 Series xDrive  i3 i8 1M M2 M3 M4 M5 M6 X3 X5 X6 X3 M X5 M X6 M X6 Z3 Z4 Z4 M Z8 320 328d 328i 335i 318 528 535 550 640 650 730 740 750 Buick Century Enclave Grand National LaCrosseLeSabre Lucerne Park Ave Rainier Reatta Regal Rendezvous Riviera  TerrazaVerano Cadillac ATS ATS-V CT6 CTS CTS-V Deville DTS Eldorado Seville SRX STS STS-V XLR XT5 XTS  Chevrolet  Chevy  CamaroCamaro SS Camaro 2SS LTZ1Colorado ColoradovXtreme  Corvette C5C6 Z06 Stingray  El Camino Equinox HHR Impala Impala SS Malibu Monte Carlo Monte Carlo Chrysler 200 300C 300C AWD SRT 300M Aspen Concorde Crossfire Pacifica PT Cruiser Sebring Town and Country Dodge Avenger Caliber SE  SXT Caravan Challenger SRT8 Charger Charger AWD Grand Caravan Magnum Neon 4-lugs Neon 5-lugs Nitro  Ford Bronco Contour Crown Victoria Edge Focus Fusion Mustang V6 GTGT 5 GT 5.0Shelby  Cobra Ranger Taurus / SHO Thunderbird Honda Accord Civic Cross Tour CR-V Element Odyssey Passport Pilot Prelude Ridgeline S2000 Hyundai Accent AzeraElantraEquus Genesis Genesis Coupe Santa Fe Sonata Tiburon Tucson Veloster Infiniti FX35 / 45 /50 G35 G37 M35 / 45 M37 Jaguar F-Pace F-Type S-Type X-Type XE XF XJ XK Jeep Cherokee Compass Grand Cherokee Grand Cherokee SRT8 Liberty  Slingshot,  Polaris,  Exotic Bike  KIAAmanti Cadenza Forte Optima Sedona Sorento Soul Sportage LexusES300 ES330 ES350 GS300 GS350 GS400 GS430 GS450 IS250 IS300 IS350 LS400 LS430 LS460 LS460h LS600h LX450 LX470 LX570 RX300 RX330 RX350 RX400h SC300 SC400 SC430 GS-F IS-F LS460-F RC-F Lincoln LS Mark LT Mark VII MKT MKX MKZ  Mazda CX-5 CX-7 CX-9 Mazda 3 Mazda 5 Mazda 6 MX-5 Miata Prot√©g√© RX-7 RX-8 Maserati Ghibli, S, Q4, Gran Turismo GranTurismo Convertible Levante Quattroporte GTS Mercedes Benz MBZ C-Class C55 AMG C63 AMG GLS CLA-Class CLA45 AMG CL CL CL65 CLK CLK55 AMG CLS CLS5 CLS63 AMG E E500 E550 E55 AMG E63 G55G63 G65  GLA 45 GLEGLE63  /   GLKGLSGLS63  MLML430 ML500 ML55 ML63  R R350 R500 R63 S400 S550 S550 Coupe S600 S55 S63 S65  SL-Class SL550 SL600 SL55 SL63 SL6SLK-SLK55  Mercury Grand Marquis Moutaineer Sable Mitsubishi 3000GT GTO Diamante Eclipse Galant Lancer Lancer Evolution Mirage Montero Montero Sport Outlander Maserati Ghibli, Grancabrio, Granturismo, Quattroporte Nissan 350Z 350ZBrembo 370Z 370ZBrembo Altima GT-R Juke Maxima Murano Pathfinder Quest Rogue Sentra Titan Xterra Oldsmobile88 Alero Aurora Cutlass Intrigue PontiacBonneville Firebird Grand Am Grand Prix G6 G8 GTO Montana Trans Sport Vibe Porsche911 Boxter Cayman Carrera GT Cayenne MacanPanamera S P S4 Turbo Saturn Aura Ion Outlook Scion Subaru BRZ Forester Impreza Legacy Outback Tribeca WRX WRX STI TeslaModel S Model X Roadster Avalon Camry Celica Corolla Echo FJ Cruiser Highlander Land Cruiser Matrix MR2 Prius RAV4 Sequoia Sienna Solara Tacoma Tercel Venza Yaris VolkswagenBeetle CC GTIGolf Jetta Passat Phaeton R32 Tiguan Touareg Slingshot,  Polaris,  Exotic Bike  1980 1981 1982 1983 1984 1985 1986 1987 1988 1989 1990 1991 1992 1993 1994 1995 1996 1997 1998 1999 2000 2001 2002 2003 2004 2005 2006 2007 2008 2009 2010 2011 2012 2013 2014 2015 2016 2017 2018  2019 2020 2021 2022 2023 2024 Bolt -5Lug  5Lugs 5.114  5.112 5.100 5.110 5.130 5.108  5.120 and more.. wheel wheels rim rims  tire tires EZ finance financing available",,
873,300.0,anchorage,https://anchorage.craigslist.org/bik/d/anchorage-woom-kids-bike/7470153180.html,2022-04-18 03:48,Woom 2 kids bike, alloy, kids,,,, Kids,, Woom, 2,,, 14 in,4,Red Woom 2 kids bike. Excellent condition with very few scuffs. Everything works perfectly.   My son now uses a Woom 3 and no longer needs this bike.,,
874,130.0,anchorage,https://anchorage.craigslist.org/bik/d/anchorage-womens-lg-pink-white-and-blk/7466705072.html,2022-04-17 22:55,"Women's Lg pink white and Blk 19""Beach Cruiser ANZA""Blondie"" 26"" Tires", steel, cruiser, coaster, like new, none," 19""Med/Lg", cruiser, ANZA, Blondie,, none (rigid), 26 in,5,"ANZA ""Blondie"" Med/Large 19""Women's Beach Cruiser , Ridged Steel Pink with white and black frame, 26"" tires on Black Wheels , Foot Coaster Breaks, Factory Fenders! Backet and horn up front and a free Helmet with Bike. all for just $130! thanks for looking! cash and Local only! no Texts or Emails  show contact info  or 522-8889",,
875,100.0,anchorage,https://anchorage.craigslist.org/bik/d/anchorage-l-mtb-19-giant-wmns-iguana/7463253317.html,2022-04-17 22:54,"M/L MTB 19"" Giant Wmns ""Iguana"" 18spd 26"" tires", steel, mountain, cantilever, good, none," 19"" M/L", flat, Giant, Iguana,, none (rigid), 26 in,5,"19"" Women's Giant ""Iguana"" White Colored Ridged Steel Mountain Bike with 18spd, Thumb shifters Dia Compe XCM Components. 26"" MTB tires , Center pull breaks, For $100 +1 free Helmet with Bike. thanks for looking! cash and Local only! no Texts or Emails  show contact info  or 522-8889",,
876,2700.0,anchorage,https://anchorage.craigslist.org/bik/d/jber-ridley-helium-super-light-54cm/7472609460.html,2022-04-17 21:58,Ridley Helium Super Light 54cm Race Bike, carbon fiber, road,, excellent,, 54 cm,, Ridley, Helium,,, 700C,8,"Full carbon road & race bike - built for speed and featherlight for climbing! SRAM Force 11 Speed Derailleurs, 11-28T cassette SRAM Red carbon crankset, 50/34T Enve Smart System 60/70mm carbon wheelset  PowerTap G3 integrated power meter Ritchey carbon bars and seatpost Ergon saddle",,
877,3350.0,anchorage,https://anchorage.craigslist.org/bik/d/anchorage-trek-slash-99-boost/7472596552.html,2022-04-17 19:58,Trek Slash 9.9 Boost,,,,,,,,,,,,,0,,,
878,250.0,anchorage,https://anchorage.craigslist.org/hab/d/anchorage-recumbent-exercise-bike/7472580862.html,2022-04-17 18:23,Recumbent Exercise Bike,,,, like new,,,, CMXRT, Cascade,,,,0,CMXRT Recumbent Exercise Bike rarely used and in excellent shape. This is a $2000 piece of exercise equipment that is great for general workouts or rehab exercise.,,
879,16000.0,anchorage,https://anchorage.craigslist.org/for/d/wasilla-harley-davidson/7472575235.html,2022-04-17 17:55,Harley Davidson,,,, like new,,,, Harley,,,,,0,"It‚Äôs a beautiful bike, don‚Äôt want to sale it but I never ride it. Someone buy it and love it!   Text me if you have questions or make an offer!",,
880,8800.0,anchorage,https://anchorage.craigslist.org/mcy/d/palmer-2018-ktm-300-xc/7472567848.html,2022-04-17 17:18,2018 KTM 300 XC,,,,,,,,,,,,,0,,,
881,35.0,anchorage,https://anchorage.craigslist.org/bop/d/anchorage-bike-pedals/7472549204.html,2022-04-17 16:04,bike pedals,,,,,,,,,,,,,0,,,
882,20.0,anchorage,https://anchorage.craigslist.org/bop/d/anchorage-bob-bike-trailer-bungee-cord/7460144528.html,2022-04-17 15:25,Bob bike trailer bungee cord set,,,,,,,,,,,,,0,for Ibex or Yak - new excellent - homephone 929-9908 noText,,
883,85.0,anchorage,https://anchorage.craigslist.org/bop/d/anchorage-new-pair-x2-wtb-wolverine/7460144291.html,2022-04-17 15:25,"NEW pair x2 WTB Wolverine Race 29"" 2.2 mountain bike bicycle tires",,,,,,,,,,,,,2,homephone 929-9908 noText,,
884,200.0,anchorage,https://anchorage.craigslist.org/bik/d/anchorage-specialized-m4-comp-girls-bike/7470995607.html,2022-04-17 15:02,Specialized M4 comp girls bike., aluminum, mountain,,,, 15‚Äù,,,,,, 26 in,5,Excellent condition girls / women‚Äôs bike.  15‚Äù frame and 26‚Äù tires.  No issues daughter just got a different one for season. $200 cash  9zero7 25zero 14two8,,
885,300.0,anchorage,https://anchorage.craigslist.org/bik/d/anchorage-specialized-hardrock/7472523948.html,2022-04-17 14:30,Specialized Hardrock, aluminum, mountain, cantilever, like new,, 12-inch, flat, Specialized, Hardrock,, suspension fork (hardtail), 27.5 in,4,"Specialized Hardrock 21 Speed Mountain Bike has a 12"" frame for a smaller rider, 27.5-inch Wheels, Shimano Terney derailers with Rapid Fire Shifters, a Sun Tour M3030 adjustable front suspension fork and a Gel Saddle. This bike has one season of riding before my Grandson rapidly outgrew it. Still has nubs on the tires. Rides perfect.",,
886,375.0,anchorage,https://anchorage.craigslist.org/bik/d/anchorage-schwinn-bike-back-and-front/7468910025.html,2022-04-17 14:00,Schwinn bike back and front suspension and disc brakes, other/unknown, other, disc (mechanical), excellent, none," 29""", other/unknown, Schwinn, mountain bike,, other/unknown, 29 in,2,Schwinn back in front suspension and disc brakes headlight tail light fenders 727-6951,,
887,3400.0,anchorage,https://anchorage.craigslist.org/mcy/d/anchorage-2003-drz400/7472500067.html,2022-04-17 13:05,2003 drz400,,,,,,,,,,,,,0,"Bike is fully built.  Big bore, hot cams, valves, full exhaust, intake mod, upgraded carb. Bike runs great but needs some work. Clean title  Needs a battery, passenger peg is broken, a small piece for the Scott‚Äôs steering stabilizer is missing. The tai-light got busted.  Needs new rear tire installed. New tire and tube will be included.    Could be a good bike for someone but I got a new bike so will not be needing this one anymore.",,
888,35.0,anchorage,https://anchorage.craigslist.org/bik/d/jber-trek-kids-mystic-16-bicycle/7466459911.html,2022-04-17 08:46,Trek kids Mystic 16‚Äù bicycle, aluminum, kids, other/unknown, good,, kids,,,,,, 16 in,4,"Trek kids Mystic 16‚Äù bicycle  907 440 5054  show contact info   calls/text only, no emails. Send screenshot of item, otherwise I may not answer.  Has light surface rust on the wheels which can easily be sanded off. Good functioning bike. This is for a little girl approximate age 4 to 5  $35 firm  Eagle River on Raven Drive",,
889,1000.0,anchorage,https://anchorage.craigslist.org/bik/d/anchorage-bike/7472397111.html,2022-04-17 08:09,E Bike, other/unknown, other,,,, ?,,,,,, 26 in,4,250 w E bike bought from amazon last year excellent condition,,
890,190.0,anchorage,https://anchorage.craigslist.org/bik/d/anchorage-raleigh-city-bike-29-wheels/7472382745.html,2022-04-17 07:29,"Raleigh city bike, 29'' wheels", aluminum, hybrid/comfort,, excellent,, 14,,,,,, 29 in,7,"brakes and shifts good, suspension seat post, 14'' frame",,
891,25.0,anchorage,https://anchorage.craigslist.org/bop/d/anchorage-mtn-bike-wheels-24-and-each/7460947198.html,2022-04-17 03:41,"mtn bike wheels, 24'' and 26'', $25 each",,,,,,,,,,,,,6,"25 each ........mostly front wheels but have a few rear too, got some road wheels too 700c but not many............................... also different as in higher pricing for 29'' and 27.5'' and road wheels, but very reasonable",,
892,99.0,anchorage,https://anchorage.craigslist.org/bik/d/anchorage-kids-specialized-bike-20/7471492721.html,2022-04-17 03:40,"kids specialized bike, 20'' wheels", other/unknown, kids,,,, 00,,,,,, 20 in,9,"rides and brakes good, hand brake and pedel brake",,
893,35.0,anchorage,https://anchorage.craigslist.org/spo/d/anchorage-cycleops-machine-only/7465830562.html,2022-04-16 21:40,Cycleops machine only,,,,,,,,, Cycleops,,,,5,Riding your bike in the house  ‚Äî you just get the machine‚Äî no bike ‚Äî next if interested‚Äî no email ‚Äî,,
894,40.0,anchorage,https://anchorage.craigslist.org/bik/d/anchorage-trek/7466251501.html,2022-04-16 21:40,Trek,,,,,,,,,,,,,0,,,
895,80.0,anchorage,https://anchorage.craigslist.org/bik/d/anchorage-kettler-kids-bike/7466263800.html,2022-04-16 21:40,Kettler kids bike, steel, other,,,, Small,, Kettler, Bingo,,, 12 in,3,Kettler kids bike ‚Äîmade in Germany‚Äî text if interested,,
896,40.0,anchorage,https://anchorage.craigslist.org/bik/d/anchorage-barbie-bike/7466259868.html,2022-04-16 21:40,Barbie bike, steel, bmx,,,, Small medium,, Bmx, Barbie,,, 18 in,2,Barbie bmx bike ‚Äî text if interested,,
897,60.0,anchorage,https://anchorage.craigslist.org/bik/d/anchorage-girls-bike/7462929605.html,2022-04-16 21:40,Girls bike, steel, bmx,,,, Medium,, Dynacraft, Lip gloss,,, 18 in,2,Girls bmx bike ‚Äî text if interested,,
898,40.0,anchorage,https://anchorage.craigslist.org/bik/d/anchorage-balance-bike/7461673978.html,2022-04-16 21:40,Balance bike, steel, bmx,,,, Small,, Bicycoo, Bmx,,, 12 in,3,Bicycoo bmx ‚Äî wider tires ‚Äî nice in dirt ‚Äî grips need replacing ‚Äî text if interested,,
899,20.0,anchorage,https://anchorage.craigslist.org/bik/d/anchorage-kids-bike/7461248608.html,2022-04-16 21:39,Kids bike, steel, bmx,,,, Snall,, Dynacraft, Twilight twist,,, 12 in,2,Kids bike ‚Äî text if interested,,
900,40.0,anchorage,https://anchorage.craigslist.org/bik/d/anchorage-miir-balance-bike/7465699513.html,2022-04-16 21:39,Miir  balance bike, steel, bmx,,,, Small,, Miir,,,, 10 in,0,Balance bike - text if interested,,
901,30.0,anchorage,https://anchorage.craigslist.org/bik/d/anchorage-girls-bike/7464640594.html,2022-04-16 21:39,Girls bike, steel, bmx,,,, Medium,, Dynacraft, Sweet,,, 16 in,2,Dynacraft girls bmx  bike ‚Äî text if interested,,
902,30.0,anchorage,https://anchorage.craigslist.org/bik/d/anchorage-schwinn/7460861690.html,2022-04-16 21:39,Schwinn,,,,,,,,,,,,,0,,,
903,40.0,anchorage,https://anchorage.craigslist.org/bik/d/anchorage-bike/7461240775.html,2022-04-16 21:38,Bike, steel, bmx,,,, Medium,, Garyfisher, Gamma ray,,, 16 in,3,Bike kids bike,,
904,200.0,anchorage,https://anchorage.craigslist.org/bik/d/wasilla-pink-24-fuji-dynamite/7472302546.html,2022-04-16 21:12,"PINK 24"" FUJI DYNAMITE",,,,,,,,,,,,,0,,,
905,4700.0,anchorage,https://anchorage.craigslist.org/mcy/d/anchorage-1150gs-2001/7472298097.html,2022-04-16 20:27,1150gs 2001,,,,,,,,,,,,,3,1150gs bike has some miles on it but it runs great. Gs adventure tank gives 300 plus miles between fill ups. Has a excellent Corbin seat as well as stock one for long rides. Nice set of Caribou hard bags. Good tires and regular maintenance. Stainless brake lines. Two aux power ports. Heated grips. Bike needs nothing. Text for more info,,
906,40.0,anchorage,https://anchorage.craigslist.org/bik/d/anchorage-24-univega/7469323648.html,2022-04-16 20:16,"24"" Univega", steel, hybrid/comfort, cantilever, excellent,, 20 inches,, Univega,,, none (rigid), 24 in,0,"Great price on a great used bike! 24"" wheels, 20"" frame, 15 speeds, Shimano shifters, center-pull brakes. Extra seat included. Perfect as the first 'grown-up' bike for a youngster, or an inexpensive basic bike for an adult who's not very large. Excellent condition. You might find something like this at Play It Again Sports but it'll be priced at $99.99",,
907,120.0,anchorage,https://anchorage.craigslist.org/bop/d/anchorage-pair-set-x2-nokian/7472289733.html,2022-04-16 19:28,Pair set x2 Nokian Hakkapeliitta W240 700 cm studded winter bike tires,,,,,,,,,,,,,2,excellent pair set - 700x40 (40-622) Nokian Hakkapelita Suomi W240 snow ice bicycle tire,,
908,500.0,anchorage,https://anchorage.craigslist.org/bik/d/anchorage-24-specialized-fatboy/7468031964.html,2022-04-16 19:09,"24"" Specialized FATBOY", aluminum, mountain, disc (mechanical), good, none, Large Child, flat, Specialized, Fatboy,, none (rigid), 24 in,0,"24"" Specialized in very good condition.  Everything functional.  Great all-around bike for all year!",,
909,140.0,anchorage,https://anchorage.craigslist.org/bop/d/anchorage-yakima-roof-top-bike-carriers/7464266437.html,2022-04-16 14:48,yakima roof top bike carriers,,,,,,,,,,,,,3,Yakima bike carriers    Both - $140  One -$75,,
910,60.0,anchorage,https://anchorage.craigslist.org/bik/d/palmer-girls-bike/7472217815.html,2022-04-16 14:35,Girls Bike, aluminum, kids,, like new,, 20 inches,,,,,, 20 in,2,For Girls Aged 8-12 approximately  Text Preferred,,
911,1000.0,anchorage,https://anchorage.craigslist.org/snw/d/wasilla-rokon-basket-case/7472207084.html,2022-04-16 14:04,Rokon Basket Case,,,,,,,,,,,,,0,,,
912,300.0,anchorage,https://anchorage.craigslist.org/spo/d/anchorage-doggyride-dog-bike-trailer/7472155592.html,2022-04-16 11:58,Doggyride Dog Bike Trailer,,,, excellent,,,, Dutch Dog Design, Large Novel,,,,3,"This dog bike trailer comes with the jogger/Stroller conversion kit, rain cover, and extra memory foam cushion. An excellent riding option for a larger dog. Let your dog smell the sweet outdoor air through the front panel opening or take in the outdoor excitement by enjoying the view from its very own sunroof!", 31.5 x 21 x 25.5 in (Interior),
913,2250.0,anchorage,https://anchorage.craigslist.org/snw/d/wasilla-2005-suzuki-drz-400price-drop/7465833638.html,2022-04-16 10:37,2005  Suzuki DRZ 400‚ÄìPRICE DROP,,,,,,,,,,,,,0,,,
914,15000.0,anchorage,https://anchorage.craigslist.org/mcy/d/eagle-river-2007-harley-ultra/7472109832.html,2022-04-16 10:20,"2007 Harley D, Ultra",,,,,,,,,,,,,3,"2007 Harley Davidson, 5,400 miles. Bike is loaded with lots of extra stuff, no low ballers. 15,000 OBO call Dan at 907 24four-888three.",,
915,90.0,anchorage,https://anchorage.craigslist.org/bop/d/anchorage-pair-set-x2-wtb-nano-29/7472102370.html,2022-04-16 10:09,"Pair set x2 WTB Nano 29"" mountain bike tires for 29er",,,,,,,,,,,,,4,excellent 29x2.1 bicycle tires,,
916,50.0,anchorage,https://anchorage.craigslist.org/bop/d/anchorage-bontrager-xr2-29-mountain/7472102018.html,2022-04-16 10:08,"Bontrager XR2 29"" mountain bike bicycle tire",,,,,,,,,,,,,3,29x2.00 size - excellent,,
917,100.0,anchorage,https://anchorage.craigslist.org/bop/d/anchorage-bob-trailer-quick-release/7472100263.html,2022-04-16 10:05,Bob trailer quick release skewer for mountain bike axle,,,,,,,,,,,,,0,for yak or ibex,,
918,20.0,anchorage,https://anchorage.craigslist.org/bop/d/anchorage-harpoon-bike-bicycle-schrader/7472100029.html,2022-04-16 10:05,Harpoon bike bicycle schrader tire pump,,,,,,,,,,,,,0,"10"" size - excellent",,
919,110.0,anchorage,https://anchorage.craigslist.org/bik/d/jber-specialized-kids-hotrock-bike/7469499795.html,2022-04-16 09:17,specialized kids hotrock bike, aluminum, kids,, excellent,, kids,,,,,, 16 in,3,"show contact info   907 440 5054   in Eagle River on Raven Drive (close to Walmart)  Step back brakes Duck tape on edge of seat saddle Tires have no wear 16"" wheels  907 440 5054 is my num,ber I don't know exact year",,
920,350.0,anchorage,https://anchorage.craigslist.org/bik/d/jber-novara-24-ponderosa-mountain-bike/7465266997.html,2022-04-16 09:17,Novara 24‚Äù Ponderosa Mountain Bike, aluminum, mountain,, excellent,," 13""",,, Ponderosa,,, 24 in,8,"Novara 24‚Äù Ponderosa 2014  907 440 5054  $350 firm  Eagle River on Raven drive  show contact info  - if texting, attach photo of bike, otherwise I won't respond  Excellent condition  13‚Äù frame 21 gears 24"" tires Grip shift  Please view remaining information online ie, size of PERSON THIS will fit as I can't tell you if it will fit you",,
921,12.0,anchorage,https://anchorage.craigslist.org/spo/d/anchorage-27-inch-bike-tire-brand-new/7467904478.html,2022-04-16 08:48,27 inch bike tire brand new never used,,,, new,,,,,,,,,3,usly for 10 speed bike. $12.  phone calls only.(301-0677).,,
922,100.0,anchorage,https://anchorage.craigslist.org/bik/d/anchorage-keno-road-bike-lg-22-white-27/7462324369.html,2022-04-16 08:18,"KENO Road Bike Lg 22"" White 27"" tires, 15 Spd.", steel, road, cantilever, fair, none, 22in Lg, drop, Keno,,, none (rigid), 27 in,7,"Nice Vintage Bike! 15 Speed Lg 22"" steel frame! Classic KENO Road bike with side pull breaks 2 position Break Pulls on Stock Drop-down Handle bars with , 27"" Road Tires on Nice!true Wheels ,15spd. Good working Shifting components, Sm aluminum Factory fenders, Tuned ,cleaned and lubed All for $100 call me Steve at  show contact info  0r 529-7334 Local only! Cash only! no Emails or texts please",,
923,225.0,anchorage,https://anchorage.craigslist.org/bop/d/wasilla-bob-trailer/7471918187.html,2022-04-15 21:56,B.O.B. Trailer,,,,,,,, BOB, Yak,,,,5,"BOB Trailer with bag, shock cord with hooks, 26"" swingers, 29er swingers, skewer for rear bike wheel, and extra set of attachment pins.  The bag has black rub stains from the trailer frame but has no holes, and it is waterproof. The tail reflector is broken but taped and functional.  $225.00.",,
924,225.0,anchorage,https://anchorage.craigslist.org/bik/d/wasilla-bob-trailer/7471907234.html,2022-04-15 20:20,BOB Trailer, steel, other,, excellent,, Other,, BOB, Yak,,, 16 in,5,"BOB Trailer with bag, shock cord with hooks, 26‚Äù swing arm, 29er swing arm, rear bike wheel skewer, and extra set of attachment pins.   The bag has black rub stains from the trailer frame but has no holes, and it is waterproof. The tail reflector is broken and taped but functional.  $225.00",,
925,200.0,anchorage,https://anchorage.craigslist.org/bik/d/anchorage-pro-form-stationary-bike/7471868016.html,2022-04-15 17:08,Pro-Form stationary bike, other/unknown, other,, excellent,, 43 W  42 L,,,,,, other/unknown,0,"Purchased last year for $500, priced to sell at $200, selling because we are moving",,
926,2200.0,anchorage,https://anchorage.craigslist.org/snw/d/anchorage-2015-kids-90-atric-cat-dvx/7471836527.html,2022-04-15 15:27,2015 kids 90 atric cat DVX,,,,,,,,,,,,,4,Well taken care of 2015 attic cat dvx kids 90 fully serviced every year since had it.my kid needs a bigger bike great bike for kids also has reverse on it to,,
